Time[s], Channel 0, Channel 1, Channel 2, Channel 3, Channel 4, Channel 5, Channel 6, Channel 7
2.917463541666667, 0, 1, 1, 1, 1, 1, 1, 1
2.917464291666667, 0, 1, 1, 1, 0, 1, 0, 1
2.917464333333334, 0, 1, 1, 1, 1, 1, 0, 1
2.917465250000000, 1, 1, 1, 1, 1, 1, 0, 1
2.917465791666667, 0, 1, 1, 1, 1, 1, 0, 1
2.917466625000000, 0, 1, 1, 1, 0, 1, 0, 1
2.917467333333334, 1, 1, 1, 1, 0, 1, 0, 1
2.917467416666667, 0, 1, 1, 1, 0, 1, 0, 1
2.917467500000000, 1, 1, 1, 1, 0, 1, 0, 1
2.917467583333333, 0, 1, 1, 1, 0, 1, 0, 1
2.917467666666667, 1, 1, 1, 1, 0, 1, 0, 1
2.917467750000000, 0, 1, 1, 1, 0, 1, 0, 1
2.917467833333334, 1, 1, 1, 1, 0, 1, 0, 1
2.917467916666667, 0, 1, 1, 1, 0, 1, 0, 1
2.917468000000000, 1, 1, 1, 1, 0, 1, 0, 1
2.917468083333334, 0, 1, 1, 1, 0, 1, 0, 1
2.917468125000000, 1, 1, 1, 1, 0, 1, 0, 1
2.917468208333334, 0, 1, 1, 1, 0, 1, 0, 1
2.917468291666667, 1, 1, 1, 1, 0, 1, 0, 1
2.917468375000000, 0, 1, 1, 1, 0, 1, 0, 1
2.917468458333333, 1, 1, 1, 1, 0, 1, 0, 1
2.917468541666667, 0, 1, 1, 1, 0, 1, 0, 1
2.917468625000000, 1, 1, 1, 1, 0, 1, 0, 1
2.917468708333334, 0, 1, 1, 1, 0, 1, 0, 1
2.917468791666667, 1, 1, 1, 1, 0, 1, 0, 1
2.917468875000000, 0, 1, 1, 1, 0, 1, 0, 1
2.917468958333334, 1, 1, 1, 1, 0, 1, 0, 1
2.917469041666667, 0, 1, 1, 1, 0, 1, 0, 1
2.917469083333334, 1, 1, 1, 1, 0, 1, 0, 1
2.917469166666667, 0, 1, 1, 1, 0, 1, 0, 1
2.917469250000000, 1, 1, 1, 1, 0, 1, 0, 1
2.917469333333333, 0, 1, 1, 1, 0, 1, 0, 1
2.917469416666667, 1, 1, 1, 1, 0, 1, 0, 1
2.917469500000000, 0, 1, 1, 1, 0, 1, 0, 1
2.917469583333334, 1, 1, 1, 1, 0, 1, 0, 1
2.917469666666667, 0, 1, 1, 1, 0, 1, 0, 1
2.917469750000000, 1, 1, 1, 1, 0, 1, 0, 1
2.917469833333334, 0, 1, 1, 1, 0, 1, 0, 1
2.917471500000000, 0, 1, 1, 1, 1, 1, 1, 1
2.917472208333333, 0, 1, 1, 1, 0, 1, 0, 1
2.917472708333333, 0, 1, 1, 1, 1, 1, 0, 1
2.917473541666667, 1, 1, 1, 1, 1, 1, 0, 1
2.917473625000000, 0, 1, 1, 1, 0, 1, 0, 1
2.917475166666667, 1, 1, 1, 1, 0, 1, 0, 1
2.917475250000000, 0, 1, 1, 1, 0, 1, 0, 1
2.917475333333333, 1, 1, 1, 1, 0, 1, 0, 1
2.917475416666667, 0, 1, 1, 1, 0, 1, 0, 1
2.917475500000000, 1, 1, 1, 1, 0, 1, 0, 1
2.917475583333334, 0, 1, 1, 1, 0, 1, 0, 1
2.917475625000000, 1, 1, 1, 1, 0, 1, 0, 1
2.917475708333333, 0, 1, 1, 1, 0, 1, 0, 1
2.917475791666667, 1, 1, 1, 1, 0, 1, 0, 1
2.917475875000000, 0, 1, 1, 1, 0, 1, 0, 1
2.917475958333334, 1, 1, 1, 1, 0, 1, 0, 1
2.917476041666667, 0, 1, 1, 1, 0, 1, 0, 1
2.917476125000000, 1, 1, 1, 1, 0, 1, 0, 1
2.917476208333333, 0, 1, 1, 1, 0, 1, 0, 1
2.917476291666667, 1, 1, 1, 1, 0, 1, 0, 1
2.917476375000000, 0, 1, 1, 1, 0, 1, 0, 1
2.917476458333334, 1, 1, 1, 1, 0, 1, 0, 1
2.917476541666667, 0, 1, 1, 1, 0, 1, 0, 1
2.917476583333333, 1, 1, 1, 1, 0, 1, 0, 1
2.917476666666667, 0, 1, 1, 1, 0, 1, 0, 1
2.917476750000000, 1, 1, 1, 1, 0, 1, 0, 1
2.917476833333334, 0, 1, 1, 1, 0, 1, 0, 1
2.917476916666667, 1, 1, 1, 1, 0, 1, 0, 1
2.917477000000000, 0, 1, 1, 1, 1, 1, 0, 1
2.917477083333333, 1, 1, 1, 1, 1, 1, 0, 1
2.917477166666667, 0, 1, 1, 1, 0, 1, 0, 1
2.917477250000000, 1, 1, 1, 1, 0, 1, 0, 1
2.917477333333334, 0, 1, 1, 1, 0, 1, 0, 1
2.917477416666667, 1, 1, 1, 1, 0, 1, 0, 1
2.917477500000000, 0, 1, 1, 1, 0, 1, 0, 1
2.917477541666667, 1, 1, 1, 1, 0, 1, 0, 1
2.917477625000000, 0, 1, 1, 1, 0, 1, 0, 1
2.917479500000000, 0, 1, 1, 1, 1, 1, 1, 1
2.917480250000000, 0, 1, 1, 1, 0, 1, 0, 1
2.917480750000000, 0, 1, 1, 1, 1, 1, 0, 1
2.917481583333334, 1, 1, 1, 1, 1, 1, 0, 1
2.917481791666667, 0, 1, 1, 1, 0, 1, 0, 1
2.917482500000000, 0, 1, 1, 1, 1, 1, 0, 1
2.917483166666667, 1, 1, 1, 1, 1, 1, 0, 1
2.917483250000000, 0, 1, 1, 1, 1, 1, 0, 1
2.917483333333334, 1, 1, 1, 1, 1, 1, 0, 1
2.917483416666667, 0, 1, 1, 1, 0, 1, 0, 1
2.917483500000000, 1, 1, 1, 1, 0, 1, 0, 1
2.917483583333333, 0, 1, 1, 1, 0, 1, 0, 1
2.917483666666667, 1, 1, 1, 1, 0, 1, 0, 1
2.917483750000000, 0, 1, 1, 1, 0, 1, 0, 1
2.917483791666667, 1, 1, 1, 1, 0, 1, 0, 1
2.917483875000000, 0, 1, 1, 1, 0, 1, 0, 1
2.917483958333333, 1, 1, 1, 1, 0, 1, 0, 1
2.917484041666667, 0, 1, 1, 1, 0, 1, 0, 1
2.917484125000000, 1, 1, 1, 1, 0, 1, 0, 1
2.917484208333334, 0, 1, 1, 1, 0, 1, 0, 1
2.917484291666667, 1, 1, 1, 1, 0, 1, 0, 1
2.917484375000000, 0, 1, 1, 1, 0, 1, 0, 1
2.917486458333333, 0, 1, 1, 1, 1, 1, 1, 1
2.917487166666667, 0, 1, 1, 1, 0, 1, 0, 1
2.917487583333334, 0, 1, 1, 1, 1, 1, 0, 1
2.917488458333334, 1, 1, 1, 1, 1, 1, 0, 1
2.917488666666667, 0, 1, 1, 1, 1, 1, 0, 1
2.917489458333334, 0, 1, 1, 1, 0, 1, 0, 1
2.917490208333334, 1, 1, 1, 1, 0, 1, 0, 1
2.917490291666667, 0, 1, 1, 1, 0, 1, 0, 1
2.917490375000000, 1, 1, 1, 1, 0, 1, 0, 1
2.917490458333333, 0, 1, 1, 1, 0, 1, 0, 1
2.917490541666667, 1, 1, 1, 1, 0, 1, 0, 1
2.917490625000000, 0, 1, 1, 1, 0, 1, 0, 1
2.917490708333334, 1, 1, 1, 1, 0, 1, 0, 1
2.917490791666667, 0, 1, 1, 1, 0, 1, 0, 1
2.917490833333333, 1, 1, 1, 1, 0, 1, 0, 1
2.917490916666667, 0, 1, 1, 1, 0, 1, 0, 1
2.917491000000000, 1, 1, 1, 1, 0, 1, 0, 1
2.917491083333334, 0, 1, 1, 1, 0, 1, 0, 1
2.917491166666667, 1, 1, 1, 1, 0, 1, 0, 1
2.917491250000000, 0, 1, 1, 1, 0, 1, 0, 1
2.917491333333333, 1, 1, 1, 1, 0, 1, 0, 1
2.917491416666667, 0, 1, 1, 1, 0, 1, 0, 1
2.917491500000000, 1, 1, 1, 1, 0, 1, 0, 1
2.917491583333334, 0, 1, 1, 1, 0, 1, 0, 1
2.917491666666667, 1, 1, 1, 1, 0, 1, 0, 1
2.917491750000000, 0, 1, 1, 1, 0, 1, 0, 1
2.917491791666667, 1, 1, 1, 1, 0, 1, 0, 1
2.917491875000000, 0, 1, 1, 1, 1, 1, 0, 1
2.917491958333334, 1, 1, 1, 1, 1, 1, 0, 1
2.917492041666667, 0, 1, 1, 1, 1, 1, 0, 1
2.917492125000000, 1, 1, 1, 1, 1, 1, 0, 1
2.917492208333333, 0, 1, 1, 1, 0, 1, 0, 1
2.917492291666667, 1, 1, 1, 1, 0, 1, 0, 1
2.917492375000000, 0, 1, 1, 1, 0, 1, 0, 1
2.917492458333334, 1, 1, 1, 1, 0, 1, 0, 1
2.917492541666667, 0, 1, 1, 1, 1, 1, 0, 1
2.917492625000000, 1, 1, 1, 1, 1, 1, 0, 1
2.917492708333334, 0, 1, 1, 1, 0, 1, 0, 1
2.917494541666667, 0, 1, 1, 1, 1, 1, 1, 1
2.917495250000000, 0, 1, 1, 1, 0, 1, 0, 1
2.917495750000000, 0, 1, 1, 1, 1, 1, 0, 1
2.917496625000000, 1, 1, 1, 1, 1, 1, 0, 1
2.917496666666667, 0, 1, 1, 1, 0, 1, 0, 1
2.917498208333333, 1, 1, 1, 1, 0, 1, 0, 1
2.917498291666667, 0, 1, 1, 1, 0, 1, 0, 1
2.917498375000000, 1, 1, 1, 1, 0, 1, 0, 1
2.917498458333334, 0, 1, 1, 1, 0, 1, 0, 1
2.917498541666667, 1, 1, 1, 1, 0, 1, 0, 1
2.917498625000000, 0, 1, 1, 1, 0, 1, 0, 1
2.917498666666667, 1, 1, 1, 1, 0, 1, 0, 1
2.917498750000000, 0, 1, 1, 1, 0, 1, 0, 1
2.917498833333334, 1, 1, 1, 1, 0, 1, 0, 1
2.917498916666667, 0, 1, 1, 1, 0, 1, 0, 1
2.917499000000000, 1, 1, 1, 1, 0, 1, 0, 1
2.917499083333333, 0, 1, 1, 1, 0, 1, 0, 1
2.917499166666667, 1, 1, 1, 1, 0, 1, 0, 1
2.917499250000000, 0, 1, 1, 1, 0, 1, 0, 1
2.917499333333334, 1, 1, 1, 1, 0, 1, 0, 1
2.917499416666667, 0, 1, 1, 1, 0, 1, 0, 1
2.917499500000000, 1, 1, 1, 1, 0, 1, 0, 1
2.917499583333333, 0, 1, 1, 1, 0, 1, 0, 1
2.917499625000000, 1, 1, 1, 1, 0, 1, 0, 1
2.917499708333334, 0, 1, 1, 1, 0, 1, 0, 1
2.917499791666667, 1, 1, 1, 1, 0, 1, 0, 1
2.917499875000000, 0, 1, 1, 1, 1, 1, 0, 1
2.917499958333333, 1, 1, 1, 1, 1, 1, 0, 1
2.917500041666667, 0, 1, 1, 1, 1, 1, 0, 1
2.917500125000000, 1, 1, 1, 1, 1, 1, 0, 1
2.917500208333334, 0, 1, 1, 1, 0, 1, 0, 1
2.917500291666667, 1, 1, 1, 1, 0, 1, 0, 1
2.917500375000000, 0, 1, 1, 1, 1, 1, 0, 1
2.917500458333333, 1, 1, 1, 1, 1, 1, 0, 1
2.917500541666667, 0, 1, 1, 1, 0, 1, 0, 1
2.917500583333334, 1, 1, 1, 1, 0, 1, 0, 1
2.917500666666667, 0, 1, 1, 1, 0, 1, 0, 1
2.917502541666667, 0, 1, 1, 1, 1, 1, 1, 1
2.917503208333334, 0, 1, 1, 1, 0, 1, 0, 1
2.917503791666667, 0, 1, 1, 1, 1, 1, 0, 1
2.917504625000000, 1, 1, 1, 1, 1, 1, 0, 1
2.917504958333334, 0, 1, 1, 1, 0, 1, 0, 1
2.917505625000000, 0, 1, 1, 1, 1, 1, 0, 1
2.917506291666667, 1, 1, 1, 1, 1, 1, 0, 1
2.917506375000000, 0, 1, 1, 1, 1, 1, 0, 1
2.917506458333333, 1, 1, 1, 1, 1, 1, 0, 1
2.917506541666667, 0, 1, 1, 1, 0, 1, 0, 1
2.917506625000000, 1, 1, 1, 1, 0, 1, 0, 1
2.917506708333334, 0, 1, 1, 1, 0, 1, 0, 1
2.917506791666667, 1, 1, 1, 1, 0, 1, 0, 1
2.917506875000000, 0, 1, 1, 1, 0, 1, 0, 1
2.917506958333334, 1, 1, 1, 1, 0, 1, 0, 1
2.917507041666667, 0, 1, 1, 1, 0, 1, 0, 1
2.917507125000000, 1, 1, 1, 1, 0, 1, 0, 1
2.917507208333333, 0, 1, 1, 1, 0, 1, 0, 1
2.917507291666667, 1, 1, 1, 1, 0, 1, 0, 1
2.917507333333333, 0, 1, 1, 1, 1, 1, 0, 1
2.917507416666667, 1, 1, 1, 1, 1, 1, 0, 1
2.917507500000000, 0, 1, 1, 1, 0, 1, 0, 1
2.917509583333334, 0, 1, 1, 1, 1, 1, 1, 1
2.917510250000000, 0, 1, 1, 1, 0, 1, 0, 1
2.917510708333333, 0, 1, 1, 1, 1, 1, 0, 1
2.917511541666667, 1, 1, 1, 1, 1, 1, 0, 1
2.917511791666667, 0, 1, 1, 1, 1, 1, 0, 1
2.917512625000000, 0, 1, 1, 1, 0, 1, 0, 1
2.917513333333333, 1, 1, 1, 1, 0, 1, 0, 1
2.917513375000000, 0, 1, 1, 1, 0, 1, 0, 1
2.917513458333334, 1, 1, 1, 1, 0, 1, 0, 1
2.917513541666667, 0, 1, 1, 1, 0, 1, 0, 1
2.917513625000000, 1, 1, 1, 1, 0, 1, 0, 1
2.917513708333333, 0, 1, 1, 1, 0, 1, 0, 1
2.917513791666667, 1, 1, 1, 1, 0, 1, 0, 1
2.917513875000000, 0, 1, 1, 1, 0, 1, 0, 1
2.917513958333334, 1, 1, 1, 1, 0, 1, 0, 1
2.917514041666667, 0, 1, 1, 1, 0, 1, 0, 1
2.917514125000000, 1, 1, 1, 1, 0, 1, 0, 1
2.917514208333333, 0, 1, 1, 1, 0, 1, 0, 1
2.917514291666667, 1, 1, 1, 1, 0, 1, 0, 1
2.917514375000000, 0, 1, 1, 1, 0, 1, 0, 1
2.917514416666667, 1, 1, 1, 1, 0, 1, 0, 1
2.917514500000000, 0, 1, 1, 1, 0, 1, 0, 1
2.917514583333333, 1, 1, 1, 1, 0, 1, 0, 1
2.917514666666667, 0, 1, 1, 1, 1, 1, 0, 1
2.917514750000000, 1, 1, 1, 1, 1, 1, 0, 1
2.917514833333334, 0, 1, 1, 1, 0, 1, 0, 1
2.917514916666667, 1, 1, 1, 1, 0, 1, 0, 1
2.917515000000000, 0, 1, 1, 1, 0, 1, 0, 1
2.917515083333333, 1, 1, 1, 1, 0, 1, 0, 1
2.917515166666667, 0, 1, 1, 1, 0, 1, 0, 1
2.917515250000000, 1, 1, 1, 1, 0, 1, 0, 1
2.917515333333334, 0, 1, 1, 1, 1, 1, 0, 1
2.917515375000000, 1, 1, 1, 1, 1, 1, 0, 1
2.917515458333333, 0, 1, 1, 1, 0, 1, 0, 1
2.917515541666667, 1, 1, 1, 1, 0, 1, 0, 1
2.917515625000000, 0, 1, 1, 1, 1, 1, 0, 1
2.917515708333334, 1, 1, 1, 1, 1, 1, 0, 1
2.917515791666667, 0, 1, 1, 1, 0, 1, 0, 1
2.917517833333334, 0, 1, 1, 1, 1, 1, 1, 1
2.917518541666667, 0, 1, 1, 1, 1, 1, 0, 1
2.917518583333333, 0, 1, 1, 1, 0, 1, 0, 1
2.917519041666667, 0, 1, 1, 1, 1, 1, 0, 1
2.917519916666667, 1, 1, 1, 1, 1, 1, 0, 1
2.917520041666667, 0, 1, 1, 1, 0, 1, 0, 1
2.917521541666667, 1, 1, 1, 1, 0, 1, 0, 1
2.917521625000000, 0, 1, 1, 1, 0, 1, 0, 1
2.917521708333334, 1, 1, 1, 1, 0, 1, 0, 1
2.917521791666667, 0, 1, 1, 1, 0, 1, 0, 1
2.917521875000000, 1, 1, 1, 1, 0, 1, 0, 1
2.917521958333333, 0, 1, 1, 1, 0, 1, 0, 1
2.917522041666667, 1, 1, 1, 1, 0, 1, 0, 1
2.917522125000000, 0, 1, 1, 1, 0, 1, 0, 1
2.917522208333334, 1, 1, 1, 1, 0, 1, 0, 1
2.917522291666667, 0, 1, 1, 1, 0, 1, 0, 1
2.917522333333333, 1, 1, 1, 1, 0, 1, 0, 1
2.917522416666667, 0, 1, 1, 1, 0, 1, 0, 1
2.917522500000000, 1, 1, 1, 1, 0, 1, 0, 1
2.917522583333334, 0, 1, 1, 1, 0, 1, 0, 1
2.917522666666667, 1, 1, 1, 1, 0, 1, 0, 1
2.917522750000000, 0, 1, 1, 1, 0, 1, 0, 1
2.917522833333333, 1, 1, 1, 1, 0, 1, 0, 1
2.917522916666667, 0, 1, 1, 1, 0, 1, 0, 1
2.917523000000000, 1, 1, 1, 1, 0, 1, 0, 1
2.917523083333334, 0, 1, 1, 1, 0, 1, 0, 1
2.917523166666667, 1, 1, 1, 1, 0, 1, 0, 1
2.917523250000000, 0, 1, 1, 1, 0, 1, 0, 1
2.917523333333333, 1, 1, 1, 1, 0, 1, 0, 1
2.917523416666667, 0, 1, 1, 1, 0, 1, 0, 1
2.917523458333334, 1, 1, 1, 1, 0, 1, 0, 1
2.917523541666667, 0, 1, 1, 1, 0, 1, 0, 1
2.917523625000000, 1, 1, 1, 1, 0, 1, 0, 1
2.917523708333333, 0, 1, 1, 1, 0, 1, 0, 1
2.917523791666667, 1, 1, 1, 1, 0, 1, 0, 1
2.917523875000000, 0, 1, 1, 1, 0, 1, 0, 1
2.917523958333334, 1, 1, 1, 1, 0, 1, 0, 1
2.917524041666667, 0, 1, 1, 1, 0, 1, 0, 1
2.917525916666667, 0, 1, 1, 1, 1, 1, 1, 1
2.917526666666667, 0, 1, 1, 1, 0, 1, 0, 1
2.917527208333333, 0, 1, 1, 1, 1, 1, 0, 1
2.917528041666667, 1, 1, 1, 1, 1, 1, 0, 1
2.917528375000000, 0, 1, 1, 1, 0, 1, 0, 1
2.917529083333334, 0, 1, 1, 1, 1, 1, 0, 1
2.917529750000000, 1, 1, 1, 1, 1, 1, 0, 1
2.917529833333333, 0, 1, 1, 1, 1, 1, 0, 1
2.917529916666667, 1, 1, 1, 1, 1, 1, 0, 1
2.917530000000000, 0, 1, 1, 1, 0, 1, 0, 1
2.917530083333333, 1, 1, 1, 1, 0, 1, 0, 1
2.917530166666667, 0, 1, 1, 1, 0, 1, 0, 1
2.917530250000000, 1, 1, 1, 1, 0, 1, 0, 1
2.917530333333334, 0, 1, 1, 1, 0, 1, 0, 1
2.917530375000000, 1, 1, 1, 1, 0, 1, 0, 1
2.917530458333334, 0, 1, 1, 1, 0, 1, 0, 1
2.917530541666667, 1, 1, 1, 1, 0, 1, 0, 1
2.917530625000000, 0, 1, 1, 1, 1, 1, 0, 1
2.917530708333334, 1, 1, 1, 1, 1, 1, 0, 1
2.917530791666667, 0, 1, 1, 1, 0, 1, 0, 1
2.917530875000000, 1, 1, 1, 1, 0, 1, 0, 1
2.917530958333333, 0, 1, 1, 1, 0, 1, 0, 1
2.917533041666667, 0, 1, 1, 1, 1, 1, 1, 1
2.917533750000000, 0, 1, 1, 1, 0, 1, 0, 1
2.917534166666667, 0, 1, 1, 1, 1, 1, 0, 1
2.917535083333334, 1, 1, 1, 1, 1, 1, 0, 1
2.917535250000000, 0, 1, 1, 1, 1, 1, 0, 1
2.917536083333334, 0, 1, 1, 1, 0, 1, 0, 1
2.917536791666667, 1, 1, 1, 1, 0, 1, 0, 1
2.917536875000000, 0, 1, 1, 1, 0, 1, 0, 1
2.917536958333334, 1, 1, 1, 1, 0, 1, 0, 1
2.917537041666667, 0, 1, 1, 1, 0, 1, 0, 1
2.917537125000000, 1, 1, 1, 1, 0, 1, 0, 1
2.917537166666667, 0, 1, 1, 1, 0, 1, 0, 1
2.917537250000000, 1, 1, 1, 1, 0, 1, 0, 1
2.917537333333334, 0, 1, 1, 1, 0, 1, 0, 1
2.917537416666667, 1, 1, 1, 1, 0, 1, 0, 1
2.917537500000000, 0, 1, 1, 1, 0, 1, 0, 1
2.917537583333333, 1, 1, 1, 1, 0, 1, 0, 1
2.917537666666667, 0, 1, 1, 1, 0, 1, 0, 1
2.917537750000000, 1, 1, 1, 1, 0, 1, 0, 1
2.917537833333334, 0, 1, 1, 1, 0, 1, 0, 1
2.917537916666667, 1, 1, 1, 1, 0, 1, 0, 1
2.917538000000000, 0, 1, 1, 1, 0, 1, 0, 1
2.917538083333334, 1, 1, 1, 1, 0, 1, 0, 1
2.917538166666667, 0, 1, 1, 1, 0, 1, 0, 1
2.917538208333334, 1, 1, 1, 1, 0, 1, 0, 1
2.917538291666667, 0, 1, 1, 1, 1, 1, 0, 1
2.917538375000000, 1, 1, 1, 1, 1, 1, 0, 1
2.917538458333333, 0, 1, 1, 1, 1, 1, 0, 1
2.917538541666667, 1, 1, 1, 1, 1, 1, 0, 1
2.917538625000000, 0, 1, 1, 1, 0, 1, 0, 1
2.917538708333334, 1, 1, 1, 1, 0, 1, 0, 1
2.917538791666667, 0, 1, 1, 1, 0, 1, 0, 1
2.917538875000000, 1, 1, 1, 1, 0, 1, 0, 1
2.917538958333334, 0, 1, 1, 1, 1, 1, 0, 1
2.917539041666667, 1, 1, 1, 1, 1, 1, 0, 1
2.917539125000000, 0, 1, 1, 1, 1, 1, 0, 1
2.917539166666667, 1, 1, 1, 1, 1, 1, 0, 1
2.917539250000000, 0, 1, 1, 1, 0, 1, 0, 1
2.917541333333333, 0, 1, 1, 1, 1, 1, 1, 1
2.917542083333334, 0, 1, 1, 1, 0, 1, 0, 1
2.917542541666667, 0, 1, 1, 1, 1, 1, 0, 1
2.917543458333334, 1, 1, 1, 1, 1, 1, 0, 1
2.917543666666667, 0, 1, 1, 1, 0, 1, 0, 1
2.917544333333333, 0, 1, 1, 1, 1, 1, 0, 1
2.917545041666667, 1, 1, 1, 1, 1, 1, 0, 1
2.917545125000000, 0, 1, 1, 1, 1, 1, 0, 1
2.917545208333333, 1, 1, 1, 1, 1, 1, 0, 1
2.917545291666667, 0, 1, 1, 1, 0, 1, 0, 1
2.917545375000000, 1, 1, 1, 1, 0, 1, 0, 1
2.917545416666667, 0, 1, 1, 1, 0, 1, 0, 1
2.917545500000000, 1, 1, 1, 1, 0, 1, 0, 1
2.917545583333334, 0, 1, 1, 1, 0, 1, 0, 1
2.917545666666667, 1, 1, 1, 1, 0, 1, 0, 1
2.917545750000000, 0, 1, 1, 1, 1, 1, 0, 1
2.917545833333334, 1, 1, 1, 1, 1, 1, 0, 1
2.917545916666667, 0, 1, 1, 1, 0, 1, 0, 1
2.917546000000000, 1, 1, 1, 1, 0, 1, 0, 1
2.917546083333333, 0, 1, 1, 1, 1, 1, 0, 1
2.917546166666667, 1, 1, 1, 1, 1, 1, 0, 1
2.917546250000000, 0, 1, 1, 1, 0, 1, 0, 1
2.917548333333333, 0, 1, 1, 1, 1, 1, 1, 1
2.917549000000000, 0, 1, 1, 1, 0, 1, 0, 1
2.917549416666667, 0, 1, 1, 1, 1, 1, 0, 1
2.917550333333334, 1, 1, 1, 1, 1, 1, 0, 1
2.917550500000000, 0, 1, 1, 1, 1, 1, 0, 1
2.917551291666667, 0, 1, 1, 1, 0, 1, 0, 1
2.917552041666667, 1, 1, 1, 1, 0, 1, 0, 1
2.917552125000000, 0, 1, 1, 1, 0, 1, 0, 1
2.917552166666667, 1, 1, 1, 1, 0, 1, 0, 1
2.917552250000000, 0, 1, 1, 1, 0, 1, 0, 1
2.917552333333334, 1, 1, 1, 1, 0, 1, 0, 1
2.917552416666667, 0, 1, 1, 1, 0, 1, 0, 1
2.917552500000000, 1, 1, 1, 1, 0, 1, 0, 1
2.917552583333333, 0, 1, 1, 1, 0, 1, 0, 1
2.917552666666667, 1, 1, 1, 1, 0, 1, 0, 1
2.917552750000000, 0, 1, 1, 1, 0, 1, 0, 1
2.917552833333334, 1, 1, 1, 1, 0, 1, 0, 1
2.917552916666667, 0, 1, 1, 1, 0, 1, 0, 1
2.917553000000000, 1, 1, 1, 1, 0, 1, 0, 1
2.917553083333333, 0, 1, 1, 1, 0, 1, 0, 1
2.917553166666667, 1, 1, 1, 1, 0, 1, 0, 1
2.917553208333334, 0, 1, 1, 1, 0, 1, 0, 1
2.917553291666667, 1, 1, 1, 1, 0, 1, 0, 1
2.917553375000000, 0, 1, 1, 1, 0, 1, 0, 1
2.917553458333333, 1, 1, 1, 1, 0, 1, 0, 1
2.917553541666667, 0, 1, 1, 1, 0, 1, 0, 1
2.917553625000000, 1, 1, 1, 1, 0, 1, 0, 1
2.917553708333334, 0, 1, 1, 1, 0, 1, 0, 1
2.917553791666667, 1, 1, 1, 1, 0, 1, 0, 1
2.917553875000000, 0, 1, 1, 1, 0, 1, 0, 1
2.917553958333333, 1, 1, 1, 1, 0, 1, 0, 1
2.917554041666667, 0, 1, 1, 1, 0, 1, 0, 1
2.917554125000000, 1, 1, 1, 1, 0, 1, 0, 1
2.917554166666667, 0, 1, 1, 1, 0, 1, 0, 1
2.917554250000000, 1, 1, 1, 1, 0, 1, 0, 1
2.917554333333333, 0, 1, 1, 1, 0, 1, 0, 1
2.917554416666667, 1, 1, 1, 1, 0, 1, 0, 1
2.917554500000000, 0, 1, 1, 1, 0, 1, 0, 1
2.917556416666667, 0, 1, 1, 1, 1, 1, 1, 1
2.917557083333334, 0, 1, 1, 1, 0, 1, 0, 1
2.917557625000000, 0, 1, 1, 1, 1, 1, 0, 1
2.917558541666667, 0, 1, 1, 1, 0, 1, 0, 1
2.917560041666667, 1, 1, 1, 1, 0, 1, 0, 1
2.917560125000000, 0, 1, 1, 1, 0, 1, 0, 1
2.917560208333334, 1, 1, 1, 1, 0, 1, 0, 1
2.917560291666667, 0, 1, 1, 1, 0, 1, 0, 1
2.917560375000000, 1, 1, 1, 1, 0, 1, 0, 1
2.917560458333333, 0, 1, 1, 1, 0, 1, 0, 1
2.917560541666667, 1, 1, 1, 1, 0, 1, 0, 1
2.917560625000000, 0, 1, 1, 1, 0, 1, 0, 1
2.917560708333334, 1, 1, 1, 1, 0, 1, 0, 1
2.917560791666667, 0, 1, 1, 1, 0, 1, 0, 1
2.917560875000000, 1, 1, 1, 1, 0, 1, 0, 1
2.917560958333334, 0, 1, 1, 1, 0, 1, 0, 1
2.917561000000000, 1, 1, 1, 1, 0, 1, 0, 1
2.917561083333334, 0, 1, 1, 1, 0, 1, 0, 1
2.917561166666667, 1, 1, 1, 1, 0, 1, 0, 1
2.917561250000000, 0, 1, 1, 1, 0, 1, 0, 1
2.917561333333333, 1, 1, 1, 1, 0, 1, 0, 1
2.917561416666667, 0, 1, 1, 1, 0, 1, 0, 1
2.917561500000000, 1, 1, 1, 1, 0, 1, 0, 1
2.917561583333334, 0, 1, 1, 1, 1, 1, 0, 1
2.917561666666667, 1, 1, 1, 1, 1, 1, 0, 1
2.917561750000000, 0, 1, 1, 1, 0, 1, 0, 1
2.917561833333334, 1, 1, 1, 1, 0, 1, 0, 1
2.917561875000000, 1, 1, 1, 1, 1, 1, 0, 1
2.917561916666667, 0, 1, 1, 1, 1, 1, 0, 1
2.917561958333334, 1, 1, 1, 1, 1, 1, 0, 1
2.917562041666667, 0, 1, 1, 1, 0, 1, 0, 1
2.917562125000000, 1, 1, 1, 1, 0, 1, 0, 1
2.917562208333333, 0, 1, 1, 1, 0, 1, 0, 1
2.917562291666667, 1, 1, 1, 1, 0, 1, 0, 1
2.917562375000000, 0, 1, 1, 1, 0, 1, 0, 1
2.917562458333334, 1, 1, 1, 1, 0, 1, 0, 1
2.917562541666667, 0, 1, 1, 1, 0, 1, 0, 1
2.917564375000000, 0, 1, 1, 1, 1, 1, 1, 1
2.917565125000000, 0, 1, 1, 1, 0, 1, 0, 1
2.917565708333334, 0, 1, 1, 1, 1, 1, 0, 1
2.917566583333334, 1, 1, 1, 1, 1, 1, 0, 1
2.917566875000000, 0, 1, 1, 1, 0, 1, 0, 1
2.917567625000000, 0, 1, 1, 1, 1, 1, 0, 1
2.917568416666667, 1, 1, 1, 1, 1, 1, 0, 1
2.917568458333334, 1, 1, 1, 1, 0, 1, 0, 1
2.917568500000000, 0, 1, 1, 1, 0, 1, 0, 1
2.917568541666667, 1, 1, 1, 1, 0, 1, 0, 1
2.917568625000000, 0, 1, 1, 1, 1, 1, 0, 1
2.917568708333333, 1, 1, 1, 1, 1, 1, 0, 1
2.917568791666667, 0, 1, 1, 1, 1, 1, 0, 1
2.917568875000000, 1, 1, 1, 1, 1, 1, 0, 1
2.917568958333333, 0, 1, 1, 1, 0, 1, 0, 1
2.917569041666667, 1, 1, 1, 1, 0, 1, 0, 1
2.917569125000000, 0, 1, 1, 1, 0, 1, 0, 1
2.917569208333334, 1, 1, 1, 1, 0, 1, 0, 1
2.917569291666667, 0, 1, 1, 1, 0, 1, 0, 1
2.917569375000000, 1, 1, 1, 1, 0, 1, 0, 1
2.917569416666667, 1, 1, 1, 1, 1, 1, 0, 1
2.917569458333333, 0, 1, 1, 1, 1, 1, 0, 1
2.917569500000000, 1, 1, 1, 1, 1, 1, 0, 1
2.917569583333333, 0, 1, 1, 1, 0, 1, 0, 1
2.917571666666667, 0, 1, 1, 1, 1, 1, 1, 1
2.917572375000000, 0, 1, 1, 1, 0, 1, 0, 1
2.917572708333334, 0, 1, 1, 1, 1, 1, 0, 1
2.917573625000000, 1, 1, 1, 1, 1, 1, 0, 1
2.917573916666667, 0, 1, 1, 1, 1, 1, 0, 1
2.917574791666667, 0, 1, 1, 1, 0, 1, 0, 1
2.917575458333333, 1, 1, 1, 1, 0, 1, 0, 1
2.917575500000000, 0, 1, 1, 1, 0, 1, 0, 1
2.917575583333333, 1, 1, 1, 1, 0, 1, 0, 1
2.917575666666667, 0, 1, 1, 1, 0, 1, 0, 1
2.917575750000000, 1, 1, 1, 1, 0, 1, 0, 1
2.917575833333334, 0, 1, 1, 1, 0, 1, 0, 1
2.917575916666667, 1, 1, 1, 1, 0, 1, 0, 1
2.917576000000000, 0, 1, 1, 1, 0, 1, 0, 1
2.917576083333334, 1, 1, 1, 1, 0, 1, 0, 1
2.917576166666667, 0, 1, 1, 1, 0, 1, 0, 1
2.917576250000000, 1, 1, 1, 1, 0, 1, 0, 1
2.917576333333333, 0, 1, 1, 1, 0, 1, 0, 1
2.917576416666667, 1, 1, 1, 1, 0, 1, 0, 1
2.917576458333333, 0, 1, 1, 1, 0, 1, 0, 1
2.917576541666667, 1, 1, 1, 1, 0, 1, 0, 1
2.917576625000000, 0, 1, 1, 1, 1, 1, 0, 1
2.917576708333334, 1, 1, 1, 1, 1, 1, 0, 1
2.917576791666667, 0, 1, 1, 1, 0, 1, 0, 1
2.917576875000000, 1, 1, 1, 1, 0, 1, 0, 1
2.917576958333334, 0, 1, 1, 1, 1, 1, 0, 1
2.917577041666667, 1, 1, 1, 1, 1, 1, 0, 1
2.917577125000000, 0, 1, 1, 1, 0, 1, 0, 1
2.917577208333333, 1, 1, 1, 1, 0, 1, 0, 1
2.917577291666667, 0, 1, 1, 1, 0, 1, 0, 1
2.917577375000000, 1, 1, 1, 1, 0, 1, 0, 1
2.917577458333334, 0, 1, 1, 1, 0, 1, 0, 1
2.917577500000000, 1, 1, 1, 1, 0, 1, 0, 1
2.917577583333334, 0, 1, 1, 1, 0, 1, 0, 1
2.917577666666667, 1, 1, 1, 1, 0, 1, 0, 1
2.917577750000000, 0, 1, 1, 1, 0, 1, 0, 1
2.917577833333334, 1, 1, 1, 1, 0, 1, 0, 1
2.917577916666667, 0, 1, 1, 1, 0, 1, 0, 1
2.917579708333334, 0, 1, 1, 1, 1, 1, 1, 1
2.917580416666667, 0, 1, 1, 1, 0, 1, 0, 1
2.917580916666667, 0, 1, 1, 1, 1, 1, 0, 1
2.917581791666667, 1, 1, 1, 1, 1, 1, 0, 1
2.917581875000000, 0, 1, 1, 1, 0, 1, 0, 1
2.917583416666667, 1, 1, 1, 1, 0, 1, 0, 1
2.917583500000000, 0, 1, 1, 1, 0, 1, 0, 1
2.917583583333334, 1, 1, 1, 1, 0, 1, 0, 1
2.917583666666667, 0, 1, 1, 1, 0, 1, 0, 1
2.917583708333333, 1, 1, 1, 1, 0, 1, 0, 1
2.917583791666667, 0, 1, 1, 1, 0, 1, 0, 1
2.917583875000000, 1, 1, 1, 1, 0, 1, 0, 1
2.917583958333334, 0, 1, 1, 1, 0, 1, 0, 1
2.917584041666667, 1, 1, 1, 1, 0, 1, 0, 1
2.917584125000000, 0, 1, 1, 1, 0, 1, 0, 1
2.917584208333333, 1, 1, 1, 1, 0, 1, 0, 1
2.917584291666667, 0, 1, 1, 1, 0, 1, 0, 1
2.917584375000000, 1, 1, 1, 1, 0, 1, 0, 1
2.917584458333334, 0, 1, 1, 1, 0, 1, 0, 1
2.917584541666667, 1, 1, 1, 1, 0, 1, 0, 1
2.917584625000000, 0, 1, 1, 1, 0, 1, 0, 1
2.917584708333333, 1, 1, 1, 1, 0, 1, 0, 1
2.917584750000000, 0, 1, 1, 1, 0, 1, 0, 1
2.917584833333334, 1, 1, 1, 1, 0, 1, 0, 1
2.917584916666667, 0, 1, 1, 1, 0, 1, 0, 1
2.917585000000000, 1, 1, 1, 1, 0, 1, 0, 1
2.917585083333333, 0, 1, 1, 1, 1, 1, 0, 1
2.917585166666667, 1, 1, 1, 1, 1, 1, 0, 1
2.917585250000000, 0, 1, 1, 1, 0, 1, 0, 1
2.917585333333334, 1, 1, 1, 1, 0, 1, 0, 1
2.917585416666667, 0, 1, 1, 1, 0, 1, 0, 1
2.917585500000000, 1, 1, 1, 1, 0, 1, 0, 1
2.917585583333334, 0, 1, 1, 1, 0, 1, 0, 1
2.917585666666667, 1, 1, 1, 1, 0, 1, 0, 1
2.917585708333334, 0, 1, 1, 1, 1, 1, 0, 1
2.917585791666667, 1, 1, 1, 1, 1, 1, 0, 1
2.917585875000000, 0, 1, 1, 1, 0, 1, 0, 1
2.917587791666667, 0, 1, 1, 1, 1, 1, 1, 1
2.917588541666667, 0, 1, 1, 1, 0, 1, 0, 1
2.917589000000000, 0, 1, 1, 1, 1, 1, 0, 1
2.917589875000000, 1, 1, 1, 1, 1, 1, 0, 1
2.917590208333333, 0, 1, 1, 1, 0, 1, 0, 1
2.917590958333334, 0, 1, 1, 1, 1, 1, 0, 1
2.917591708333334, 1, 1, 1, 1, 1, 1, 0, 1
2.917591791666667, 0, 1, 1, 1, 0, 1, 0, 1
2.917591875000000, 1, 1, 1, 1, 0, 1, 0, 1
2.917591958333333, 0, 1, 1, 1, 1, 1, 0, 1
2.917592041666667, 1, 1, 1, 1, 1, 1, 0, 1
2.917592125000000, 0, 1, 1, 1, 1, 1, 0, 1
2.917592208333334, 1, 1, 1, 1, 1, 1, 0, 1
2.917592291666667, 0, 1, 1, 1, 0, 1, 0, 1
2.917592375000000, 1, 1, 1, 1, 0, 1, 0, 1
2.917592458333333, 0, 1, 1, 1, 1, 1, 0, 1
2.917592541666667, 1, 1, 1, 1, 1, 1, 0, 1
2.917592625000000, 0, 1, 1, 1, 0, 1, 0, 1
2.917592708333334, 1, 1, 1, 1, 0, 1, 0, 1
2.917592750000000, 0, 1, 1, 1, 0, 1, 0, 1
2.917592833333333, 1, 1, 1, 1, 0, 1, 0, 1
2.917592916666667, 0, 1, 1, 1, 0, 1, 0, 1
2.917595000000000, 0, 1, 1, 1, 1, 1, 1, 1
2.917595666666667, 0, 1, 1, 1, 0, 1, 0, 1
2.917596083333334, 0, 1, 1, 1, 1, 1, 0, 1
2.917597041666667, 1, 1, 1, 1, 1, 1, 0, 1
2.917597166666667, 0, 1, 1, 1, 1, 1, 0, 1
2.917598000000000, 0, 1, 1, 1, 0, 1, 0, 1
2.917598708333334, 1, 1, 1, 1, 0, 1, 0, 1
2.917598791666667, 0, 1, 1, 1, 0, 1, 0, 1
2.917598875000000, 1, 1, 1, 1, 0, 1, 0, 1
2.917598958333333, 0, 1, 1, 1, 0, 1, 0, 1
2.917599041666667, 1, 1, 1, 1, 0, 1, 0, 1
2.917599125000000, 0, 1, 1, 1, 0, 1, 0, 1
2.917599208333333, 1, 1, 1, 1, 0, 1, 0, 1
2.917599291666667, 0, 1, 1, 1, 0, 1, 0, 1
2.917599375000000, 1, 1, 1, 1, 0, 1, 0, 1
2.917599458333334, 0, 1, 1, 1, 0, 1, 0, 1
2.917599500000000, 1, 1, 1, 1, 0, 1, 0, 1
2.917599583333334, 0, 1, 1, 1, 0, 1, 0, 1
2.917599666666667, 1, 1, 1, 1, 0, 1, 0, 1
2.917599750000000, 0, 1, 1, 1, 0, 1, 0, 1
2.917599833333334, 1, 1, 1, 1, 0, 1, 0, 1
2.917599916666667, 0, 1, 1, 1, 0, 1, 0, 1
2.917600000000000, 1, 1, 1, 1, 0, 1, 0, 1
2.917600083333333, 0, 1, 1, 1, 0, 1, 0, 1
2.917600166666667, 1, 1, 1, 1, 0, 1, 0, 1
2.917600250000000, 0, 1, 1, 1, 0, 1, 0, 1
2.917600333333334, 1, 1, 1, 1, 0, 1, 0, 1
2.917600416666667, 0, 1, 1, 1, 0, 1, 0, 1
2.917600458333334, 1, 1, 1, 1, 0, 1, 0, 1
2.917600541666667, 0, 1, 1, 1, 0, 1, 0, 1
2.917600625000000, 1, 1, 1, 1, 0, 1, 0, 1
2.917600708333334, 0, 1, 1, 1, 0, 1, 0, 1
2.917600791666667, 1, 1, 1, 1, 0, 1, 0, 1
2.917600875000000, 0, 1, 1, 1, 1, 1, 0, 1
2.917600958333333, 1, 1, 1, 1, 1, 1, 0, 1
2.917601041666667, 0, 1, 1, 1, 0, 1, 0, 1
2.917601125000000, 1, 1, 1, 1, 0, 1, 0, 1
2.917601208333334, 0, 1, 1, 1, 0, 1, 0, 1
2.917603250000000, 0, 1, 1, 1, 1, 1, 1, 1
2.917604041666667, 0, 1, 1, 1, 0, 1, 0, 1
2.917604541666667, 0, 1, 1, 1, 1, 1, 0, 1
2.917605458333334, 1, 1, 1, 1, 1, 1, 0, 1
2.917605625000000, 0, 1, 1, 1, 0, 1, 0, 1
2.917606291666667, 0, 1, 1, 1, 1, 1, 0, 1
2.917607000000000, 1, 1, 1, 1, 1, 1, 0, 1
2.917607083333333, 0, 1, 1, 1, 0, 1, 0, 1
2.917607166666667, 1, 1, 1, 1, 0, 1, 0, 1
2.917607208333334, 1, 1, 1, 1, 1, 1, 0, 1
2.917607250000000, 0, 1, 1, 1, 1, 1, 0, 1
2.917607291666667, 1, 1, 1, 1, 1, 1, 0, 1
2.917607375000000, 0, 1, 1, 1, 1, 1, 0, 1
2.917607458333333, 1, 1, 1, 1, 1, 1, 0, 1
2.917607541666667, 0, 1, 1, 1, 0, 1, 0, 1
2.917607625000000, 1, 1, 1, 1, 0, 1, 0, 1
2.917607708333334, 0, 1, 1, 1, 1, 1, 0, 1
2.917607791666667, 1, 1, 1, 1, 1, 1, 0, 1
2.917607875000000, 0, 1, 1, 1, 1, 1, 0, 1
2.917607958333333, 1, 1, 1, 1, 1, 1, 0, 1
2.917608041666667, 0, 1, 1, 1, 0, 1, 0, 1
2.917608125000000, 1, 1, 1, 1, 0, 1, 0, 1
2.917608208333334, 0, 1, 1, 1, 0, 1, 0, 1
2.917610250000000, 0, 1, 1, 1, 0, 1, 1, 1
2.917610291666667, 0, 1, 1, 1, 1, 1, 1, 1
2.917610958333333, 0, 1, 1, 1, 0, 1, 0, 1
2.917611375000000, 0, 1, 1, 1, 1, 1, 0, 1
2.917612250000000, 1, 1, 1, 1, 1, 1, 0, 1
2.917612458333334, 0, 1, 1, 1, 1, 1, 0, 1
2.917613250000000, 0, 1, 1, 1, 0, 1, 0, 1
2.917614000000000, 1, 1, 1, 1, 0, 1, 0, 1
2.917614083333333, 0, 1, 1, 1, 0, 1, 0, 1
2.917614166666667, 1, 1, 1, 1, 0, 1, 0, 1
2.917614250000000, 0, 1, 1, 1, 0, 1, 0, 1
2.917614333333333, 1, 1, 1, 1, 0, 1, 0, 1
2.917614416666667, 0, 1, 1, 1, 0, 1, 0, 1
2.917614500000000, 1, 1, 1, 1, 0, 1, 0, 1
2.917614583333334, 0, 1, 1, 1, 0, 1, 0, 1
2.917614666666667, 1, 1, 1, 1, 0, 1, 0, 1
2.917614750000000, 0, 1, 1, 1, 0, 1, 0, 1
2.917614791666667, 1, 1, 1, 1, 0, 1, 0, 1
2.917614875000000, 0, 1, 1, 1, 0, 1, 0, 1
2.917614958333334, 1, 1, 1, 1, 0, 1, 0, 1
2.917615041666667, 0, 1, 1, 1, 0, 1, 0, 1
2.917615125000000, 1, 1, 1, 1, 0, 1, 0, 1
2.917615208333333, 0, 1, 1, 1, 0, 1, 0, 1
2.917615291666667, 1, 1, 1, 1, 0, 1, 0, 1
2.917615375000000, 0, 1, 1, 1, 0, 1, 0, 1
2.917615458333334, 1, 1, 1, 1, 0, 1, 0, 1
2.917615541666667, 0, 1, 1, 1, 0, 1, 0, 1
2.917615625000000, 1, 1, 1, 1, 0, 1, 0, 1
2.917615708333333, 0, 1, 1, 1, 0, 1, 0, 1
2.917615750000000, 1, 1, 1, 1, 0, 1, 0, 1
2.917615833333334, 0, 1, 1, 1, 0, 1, 0, 1
2.917615916666667, 1, 1, 1, 1, 0, 1, 0, 1
2.917616000000000, 0, 1, 1, 1, 0, 1, 0, 1
2.917616083333333, 1, 1, 1, 1, 0, 1, 0, 1
2.917616166666667, 0, 1, 1, 1, 0, 1, 0, 1
2.917616250000000, 1, 1, 1, 1, 0, 1, 0, 1
2.917616333333334, 0, 1, 1, 1, 0, 1, 0, 1
2.917616416666667, 1, 1, 1, 1, 0, 1, 0, 1
2.917616500000000, 0, 1, 1, 1, 0, 1, 0, 1
2.917618375000000, 0, 1, 1, 1, 1, 1, 1, 1
2.917619083333333, 0, 1, 1, 1, 0, 1, 0, 1
2.917619625000000, 0, 1, 1, 1, 1, 1, 0, 1
2.917620500000000, 1, 1, 1, 1, 1, 1, 0, 1
2.917620541666667, 0, 1, 1, 1, 0, 1, 0, 1
2.917622041666667, 1, 1, 1, 1, 0, 1, 0, 1
2.917622125000000, 0, 1, 1, 1, 0, 1, 0, 1
2.917622208333333, 1, 1, 1, 1, 0, 1, 0, 1
2.917622291666667, 0, 1, 1, 1, 0, 1, 0, 1
2.917622375000000, 1, 1, 1, 1, 0, 1, 0, 1
2.917622458333334, 0, 1, 1, 1, 0, 1, 0, 1
2.917622541666667, 1, 1, 1, 1, 0, 1, 0, 1
2.917622625000000, 0, 1, 1, 1, 0, 1, 0, 1
2.917622708333333, 1, 1, 1, 1, 0, 1, 0, 1
2.917622791666667, 0, 1, 1, 1, 0, 1, 0, 1
2.917622875000000, 1, 1, 1, 1, 0, 1, 0, 1
2.917622958333333, 0, 1, 1, 1, 0, 1, 0, 1
2.917623000000000, 1, 1, 1, 1, 0, 1, 0, 1
2.917623083333333, 0, 1, 1, 1, 0, 1, 0, 1
2.917623166666667, 1, 1, 1, 1, 0, 1, 0, 1
2.917623250000000, 0, 1, 1, 1, 0, 1, 0, 1
2.917623333333334, 1, 1, 1, 1, 0, 1, 0, 1
2.917623416666667, 0, 1, 1, 1, 1, 1, 0, 1
2.917623500000000, 1, 1, 1, 1, 1, 1, 0, 1
2.917623583333333, 0, 1, 1, 1, 1, 1, 0, 1
2.917623666666667, 1, 1, 1, 1, 1, 1, 0, 1
2.917623750000000, 0, 1, 1, 1, 0, 1, 0, 1
2.917623833333333, 1, 1, 1, 1, 0, 1, 0, 1
2.917623916666667, 0, 1, 1, 1, 0, 1, 0, 1
2.917624000000000, 1, 1, 1, 1, 0, 1, 0, 1
2.917624041666667, 0, 1, 1, 1, 0, 1, 0, 1
2.917624125000000, 1, 1, 1, 1, 0, 1, 0, 1
2.917624208333334, 0, 1, 1, 1, 1, 1, 0, 1
2.917624291666667, 1, 1, 1, 1, 1, 1, 0, 1
2.917624375000000, 0, 1, 1, 1, 0, 1, 0, 1
2.917624458333334, 1, 1, 1, 1, 0, 1, 0, 1
2.917624541666667, 0, 1, 1, 1, 0, 1, 0, 1
2.917626375000000, 0, 1, 1, 1, 1, 1, 1, 1
2.917627000000000, 0, 1, 1, 1, 0, 1, 0, 1
2.917627625000000, 0, 1, 1, 1, 1, 1, 0, 1
2.917628458333334, 0, 1, 1, 1, 0, 1, 0, 1
2.917629958333333, 1, 1, 1, 1, 0, 1, 0, 1
2.917630041666667, 0, 1, 1, 1, 0, 1, 0, 1
2.917630125000000, 1, 1, 1, 1, 0, 1, 0, 1
2.917630208333334, 0, 1, 1, 1, 0, 1, 0, 1
2.917630291666667, 1, 1, 1, 1, 0, 1, 0, 1
2.917630375000000, 0, 1, 1, 1, 0, 1, 0, 1
2.917630458333333, 1, 1, 1, 1, 0, 1, 0, 1
2.917630541666667, 0, 1, 1, 1, 0, 1, 0, 1
2.917630625000000, 1, 1, 1, 1, 0, 1, 0, 1
2.917630708333334, 0, 1, 1, 1, 0, 1, 0, 1
2.917630750000000, 1, 1, 1, 1, 0, 1, 0, 1
2.917630833333333, 0, 1, 1, 1, 0, 1, 0, 1
2.917630916666667, 1, 1, 1, 1, 0, 1, 0, 1
2.917631000000000, 0, 1, 1, 1, 0, 1, 0, 1
2.917631083333334, 1, 1, 1, 1, 0, 1, 0, 1
2.917631166666667, 0, 1, 1, 1, 0, 1, 0, 1
2.917631250000000, 1, 1, 1, 1, 0, 1, 0, 1
2.917631333333333, 0, 1, 1, 1, 0, 1, 0, 1
2.917631416666667, 1, 1, 1, 1, 0, 1, 0, 1
2.917631500000000, 0, 1, 1, 1, 1, 1, 0, 1
2.917631583333334, 1, 1, 1, 1, 1, 1, 0, 1
2.917631666666667, 0, 1, 1, 1, 1, 1, 0, 1
2.917631750000000, 1, 1, 1, 1, 1, 1, 0, 1
2.917631791666667, 0, 1, 1, 1, 1, 1, 0, 1
2.917631875000000, 1, 1, 1, 1, 1, 1, 0, 1
2.917631958333334, 0, 1, 1, 1, 0, 1, 0, 1
2.917632041666667, 1, 1, 1, 1, 0, 1, 0, 1
2.917632125000000, 0, 1, 1, 1, 1, 1, 0, 1
2.917632208333333, 1, 1, 1, 1, 1, 1, 0, 1
2.917632291666667, 0, 1, 1, 1, 1, 1, 0, 1
2.917632375000000, 1, 1, 1, 1, 1, 1, 0, 1
2.917632458333333, 0, 1, 1, 1, 0, 1, 0, 1
2.917634291666667, 0, 1, 1, 1, 1, 1, 1, 1
2.917635041666667, 0, 1, 1, 1, 0, 1, 0, 1
2.917635500000000, 0, 1, 1, 1, 1, 1, 0, 1
2.917636375000000, 1, 1, 1, 1, 1, 1, 0, 1
2.917636750000000, 0, 1, 1, 1, 0, 1, 0, 1
2.917637458333334, 0, 1, 1, 1, 1, 1, 0, 1
2.917638125000000, 1, 1, 1, 1, 1, 1, 0, 1
2.917638208333333, 0, 1, 1, 1, 0, 1, 0, 1
2.917638250000000, 1, 1, 1, 1, 0, 1, 0, 1
2.917638333333334, 0, 1, 1, 1, 1, 1, 0, 1
2.917638416666667, 1, 1, 1, 1, 1, 1, 0, 1
2.917638500000000, 0, 1, 1, 1, 1, 1, 0, 1
2.917638583333333, 1, 1, 1, 1, 1, 1, 0, 1
2.917638666666667, 0, 1, 1, 1, 0, 1, 0, 1
2.917638750000000, 1, 1, 1, 1, 0, 1, 0, 1
2.917638833333334, 0, 1, 1, 1, 1, 1, 0, 1
2.917638916666667, 1, 1, 1, 1, 1, 1, 0, 1
2.917639000000000, 0, 1, 1, 1, 1, 1, 0, 1
2.917639083333333, 1, 1, 1, 1, 1, 1, 0, 1
2.917639166666667, 0, 1, 1, 1, 1, 1, 0, 1
2.917639250000000, 1, 1, 1, 1, 1, 1, 0, 1
2.917639333333334, 0, 1, 1, 1, 0, 1, 0, 1
2.917641416666667, 0, 1, 1, 1, 1, 1, 1, 1
2.917642125000000, 0, 1, 1, 1, 0, 1, 0, 1
2.917642500000000, 0, 1, 1, 1, 1, 1, 0, 1
2.917643375000000, 1, 1, 1, 1, 1, 1, 0, 1
2.917643625000000, 0, 1, 1, 1, 1, 1, 0, 1
2.917644458333334, 0, 1, 1, 1, 0, 1, 0, 1
2.917645166666667, 1, 1, 1, 1, 0, 1, 0, 1
2.917645250000000, 0, 1, 1, 1, 0, 1, 0, 1
2.917645333333334, 1, 1, 1, 1, 0, 1, 0, 1
2.917645416666667, 0, 1, 1, 1, 0, 1, 0, 1
2.917645500000000, 1, 1, 1, 1, 0, 1, 0, 1
2.917645541666667, 0, 1, 1, 1, 0, 1, 0, 1
2.917645625000000, 1, 1, 1, 1, 0, 1, 0, 1
2.917645708333334, 0, 1, 1, 1, 0, 1, 0, 1
2.917645791666667, 1, 1, 1, 1, 0, 1, 0, 1
2.917645875000000, 0, 1, 1, 1, 0, 1, 0, 1
2.917645958333333, 1, 1, 1, 1, 0, 1, 0, 1
2.917646041666667, 0, 1, 1, 1, 0, 1, 0, 1
2.917646125000000, 1, 1, 1, 1, 0, 1, 0, 1
2.917646208333334, 0, 1, 1, 1, 0, 1, 0, 1
2.917646291666667, 1, 1, 1, 1, 0, 1, 0, 1
2.917646375000000, 0, 1, 1, 1, 0, 1, 0, 1
2.917646458333333, 1, 1, 1, 1, 0, 1, 0, 1
2.917646541666667, 0, 1, 1, 1, 0, 1, 0, 1
2.917646583333334, 1, 1, 1, 1, 0, 1, 0, 1
2.917646666666667, 0, 1, 1, 1, 0, 1, 0, 1
2.917646750000000, 1, 1, 1, 1, 0, 1, 0, 1
2.917646833333333, 0, 1, 1, 1, 0, 1, 0, 1
2.917646916666667, 1, 1, 1, 1, 0, 1, 0, 1
2.917647000000000, 0, 1, 1, 1, 0, 1, 0, 1
2.917647083333334, 1, 1, 1, 1, 0, 1, 0, 1
2.917647166666667, 0, 1, 1, 1, 1, 1, 0, 1
2.917647250000000, 1, 1, 1, 1, 1, 1, 0, 1
2.917647333333333, 0, 1, 1, 1, 1, 1, 0, 1
2.917647416666667, 1, 1, 1, 1, 1, 1, 0, 1
2.917647500000000, 0, 1, 1, 1, 1, 1, 0, 1
2.917647541666667, 1, 1, 1, 1, 1, 1, 0, 1
2.917647625000000, 0, 1, 1, 1, 0, 1, 0, 1
2.917649708333334, 0, 1, 1, 1, 1, 1, 1, 1
2.917650458333334, 0, 1, 1, 1, 1, 1, 0, 1
2.917650500000000, 0, 1, 1, 1, 0, 1, 0, 1
2.917650958333334, 0, 1, 1, 1, 1, 1, 0, 1
2.917651833333334, 1, 1, 1, 1, 1, 1, 0, 1
2.917652208333334, 0, 1, 1, 1, 0, 1, 0, 1
2.917652916666667, 0, 1, 1, 1, 1, 1, 0, 1
2.917653541666667, 1, 1, 1, 1, 1, 1, 0, 1
2.917653625000000, 0, 1, 1, 1, 1, 1, 0, 1
2.917653708333333, 1, 1, 1, 1, 1, 1, 0, 1
2.917653791666667, 0, 1, 1, 1, 1, 1, 0, 1
2.917653875000000, 1, 1, 1, 1, 1, 1, 0, 1
2.917653958333334, 0, 1, 1, 1, 0, 1, 0, 1
2.917654041666667, 1, 1, 1, 1, 0, 1, 0, 1
2.917654125000000, 0, 1, 1, 1, 0, 1, 0, 1
2.917654208333333, 1, 1, 1, 1, 0, 1, 0, 1
2.917654291666667, 0, 1, 1, 1, 0, 1, 0, 1
2.917654375000000, 1, 1, 1, 1, 0, 1, 0, 1
2.917654458333334, 0, 1, 1, 1, 0, 1, 0, 1
2.917654541666667, 1, 1, 1, 1, 0, 1, 0, 1
2.917654583333333, 0, 1, 1, 1, 0, 1, 0, 1
2.917654666666667, 1, 1, 1, 1, 0, 1, 0, 1
2.917654750000000, 0, 1, 1, 1, 0, 1, 0, 1
2.917656875000000, 0, 1, 1, 1, 1, 1, 1, 1
2.917657541666667, 0, 1, 1, 1, 0, 1, 0, 1
2.917658000000000, 0, 1, 1, 1, 1, 1, 0, 1
2.917658916666667, 1, 1, 1, 1, 1, 1, 0, 1
2.917659041666667, 0, 1, 1, 1, 1, 1, 0, 1
2.917659833333333, 0, 1, 1, 1, 0, 1, 0, 1
2.917660583333333, 1, 1, 1, 1, 0, 1, 0, 1
2.917660666666667, 0, 1, 1, 1, 0, 1, 0, 1
2.917660750000000, 1, 1, 1, 1, 0, 1, 0, 1
2.917660833333334, 0, 1, 1, 1, 0, 1, 0, 1
2.917660916666667, 1, 1, 1, 1, 0, 1, 0, 1
2.917661000000000, 0, 1, 1, 1, 0, 1, 0, 1
2.917661083333333, 1, 1, 1, 1, 0, 1, 0, 1
2.917661125000000, 0, 1, 1, 1, 0, 1, 0, 1
2.917661208333334, 1, 1, 1, 1, 0, 1, 0, 1
2.917661291666667, 0, 1, 1, 1, 0, 1, 0, 1
2.917661375000000, 1, 1, 1, 1, 0, 1, 0, 1
2.917661458333333, 0, 1, 1, 1, 0, 1, 0, 1
2.917661541666667, 1, 1, 1, 1, 0, 1, 0, 1
2.917661625000000, 0, 1, 1, 1, 0, 1, 0, 1
2.917661708333334, 1, 1, 1, 1, 0, 1, 0, 1
2.917661791666667, 0, 1, 1, 1, 0, 1, 0, 1
2.917661875000000, 1, 1, 1, 1, 0, 1, 0, 1
2.917661958333333, 0, 1, 1, 1, 0, 1, 0, 1
2.917662041666667, 1, 1, 1, 1, 0, 1, 0, 1
2.917662083333334, 0, 1, 1, 1, 0, 1, 0, 1
2.917662166666667, 1, 1, 1, 1, 0, 1, 0, 1
2.917662250000000, 0, 1, 1, 1, 1, 1, 0, 1
2.917662333333333, 1, 1, 1, 1, 1, 1, 0, 1
2.917662416666667, 0, 1, 1, 1, 1, 1, 0, 1
2.917662500000000, 1, 1, 1, 1, 1, 1, 0, 1
2.917662583333334, 0, 1, 1, 1, 1, 1, 0, 1
2.917662666666667, 1, 1, 1, 1, 1, 1, 0, 1
2.917662750000000, 0, 1, 1, 1, 1, 1, 0, 1
2.917662833333333, 1, 1, 1, 1, 1, 1, 0, 1
2.917662916666667, 0, 1, 1, 1, 1, 1, 0, 1
2.917663000000000, 1, 1, 1, 1, 1, 1, 0, 1
2.917663083333334, 0, 1, 1, 1, 0, 1, 0, 1
2.917664916666667, 0, 1, 1, 1, 1, 1, 1, 1
2.917665625000000, 0, 1, 1, 1, 0, 1, 0, 1
2.917666166666667, 0, 1, 1, 1, 1, 1, 0, 1
2.917667041666667, 0, 1, 1, 1, 0, 1, 0, 1
2.917668583333334, 1, 1, 1, 1, 0, 1, 0, 1
2.917668666666667, 0, 1, 1, 1, 0, 1, 0, 1
2.917668750000000, 1, 1, 1, 1, 0, 1, 0, 1
2.917668833333333, 0, 1, 1, 1, 0, 1, 0, 1
2.917668916666667, 1, 1, 1, 1, 0, 1, 0, 1
2.917669000000000, 0, 1, 1, 1, 0, 1, 0, 1
2.917669083333334, 1, 1, 1, 1, 0, 1, 0, 1
2.917669125000000, 0, 1, 1, 1, 0, 1, 0, 1
2.917669208333333, 1, 1, 1, 1, 0, 1, 0, 1
2.917669291666667, 0, 1, 1, 1, 0, 1, 0, 1
2.917669375000000, 1, 1, 1, 1, 0, 1, 0, 1
2.917669458333334, 0, 1, 1, 1, 0, 1, 0, 1
2.917669541666667, 1, 1, 1, 1, 0, 1, 0, 1
2.917669625000000, 0, 1, 1, 1, 0, 1, 0, 1
2.917669708333333, 1, 1, 1, 1, 0, 1, 0, 1
2.917669791666667, 0, 1, 1, 1, 0, 1, 0, 1
2.917669875000000, 1, 1, 1, 1, 0, 1, 0, 1
2.917669958333334, 0, 1, 1, 1, 0, 1, 0, 1
2.917670041666667, 1, 1, 1, 1, 0, 1, 0, 1
2.917670083333333, 0, 1, 1, 1, 1, 1, 0, 1
2.917670166666667, 1, 1, 1, 1, 1, 1, 0, 1
2.917670250000000, 0, 1, 1, 1, 0, 1, 0, 1
2.917670333333334, 1, 1, 1, 1, 0, 1, 0, 1
2.917670416666667, 0, 1, 1, 1, 0, 1, 0, 1
2.917670500000000, 1, 1, 1, 1, 0, 1, 0, 1
2.917670583333333, 0, 1, 1, 1, 1, 1, 0, 1
2.917670666666667, 1, 1, 1, 1, 1, 1, 0, 1
2.917670750000000, 0, 1, 1, 1, 0, 1, 0, 1
2.917670833333334, 1, 1, 1, 1, 0, 1, 0, 1
2.917670916666667, 0, 1, 1, 1, 1, 1, 0, 1
2.917671000000000, 1, 1, 1, 1, 1, 1, 0, 1
2.917671083333333, 0, 1, 1, 1, 0, 1, 0, 1
2.917672916666667, 0, 1, 1, 1, 1, 1, 1, 1
2.917673541666667, 0, 1, 1, 1, 0, 1, 0, 1
2.917674125000000, 0, 1, 1, 1, 1, 1, 0, 1
2.917674958333333, 0, 1, 1, 1, 0, 1, 0, 1
2.917676500000000, 1, 1, 1, 1, 0, 1, 0, 1
2.917676583333333, 0, 1, 1, 1, 0, 1, 0, 1
2.917676666666667, 1, 1, 1, 1, 0, 1, 0, 1
2.917676750000000, 0, 1, 1, 1, 0, 1, 0, 1
2.917676833333334, 1, 1, 1, 1, 0, 1, 0, 1
2.917676875000000, 0, 1, 1, 1, 0, 1, 0, 1
2.917676958333333, 1, 1, 1, 1, 0, 1, 0, 1
2.917677041666667, 0, 1, 1, 1, 0, 1, 0, 1
2.917677125000000, 1, 1, 1, 1, 0, 1, 0, 1
2.917677208333334, 0, 1, 1, 1, 0, 1, 0, 1
2.917677291666667, 1, 1, 1, 1, 0, 1, 0, 1
2.917677375000000, 0, 1, 1, 1, 0, 1, 0, 1
2.917677458333333, 1, 1, 1, 1, 0, 1, 0, 1
2.917677541666667, 0, 1, 1, 1, 0, 1, 0, 1
2.917677625000000, 1, 1, 1, 1, 0, 1, 0, 1
2.917677708333334, 0, 1, 1, 1, 0, 1, 0, 1
2.917677791666667, 1, 1, 1, 1, 0, 1, 0, 1
2.917677875000000, 0, 1, 1, 1, 0, 1, 0, 1
2.917677916666667, 1, 1, 1, 1, 0, 1, 0, 1
2.917678000000000, 0, 1, 1, 1, 1, 1, 0, 1
2.917678083333334, 1, 1, 1, 1, 1, 1, 0, 1
2.917678166666667, 0, 1, 1, 1, 0, 1, 0, 1
2.917678250000000, 1, 1, 1, 1, 0, 1, 0, 1
2.917678333333333, 0, 1, 1, 1, 0, 1, 0, 1
2.917678416666667, 1, 1, 1, 1, 0, 1, 0, 1
2.917678500000000, 0, 1, 1, 1, 0, 1, 0, 1
2.917678583333334, 1, 1, 1, 1, 0, 1, 0, 1
2.917678666666667, 0, 1, 1, 1, 1, 1, 0, 1
2.917678750000000, 1, 1, 1, 1, 1, 1, 0, 1
2.917678833333333, 0, 1, 1, 1, 0, 1, 0, 1
2.917678875000000, 1, 1, 1, 1, 0, 1, 0, 1
2.917678958333334, 0, 1, 1, 1, 0, 1, 0, 1
2.917681041666667, 0, 1, 1, 1, 1, 1, 1, 1
2.917681708333333, 0, 1, 1, 1, 0, 1, 0, 1
2.917682250000000, 0, 1, 1, 1, 1, 1, 0, 1
2.917683125000000, 1, 1, 1, 1, 1, 1, 0, 1
2.917683166666667, 0, 1, 1, 1, 0, 1, 0, 1
2.917684666666667, 1, 1, 1, 1, 0, 1, 0, 1
2.917684750000000, 0, 1, 1, 1, 0, 1, 0, 1
2.917684833333333, 1, 1, 1, 1, 0, 1, 0, 1
2.917684916666667, 0, 1, 1, 1, 0, 1, 0, 1
2.917685000000000, 1, 1, 1, 1, 0, 1, 0, 1
2.917685083333334, 0, 1, 1, 1, 0, 1, 0, 1
2.917685166666667, 1, 1, 1, 1, 0, 1, 0, 1
2.917685250000000, 0, 1, 1, 1, 0, 1, 0, 1
2.917685333333333, 1, 1, 1, 1, 0, 1, 0, 1
2.917685416666667, 0, 1, 1, 1, 0, 1, 0, 1
2.917685500000000, 1, 1, 1, 1, 0, 1, 0, 1
2.917685583333334, 0, 1, 1, 1, 0, 1, 0, 1
2.917685625000000, 1, 1, 1, 1, 0, 1, 0, 1
2.917685708333333, 0, 1, 1, 1, 0, 1, 0, 1
2.917685791666667, 1, 1, 1, 1, 0, 1, 0, 1
2.917685875000000, 0, 1, 1, 1, 0, 1, 0, 1
2.917685958333334, 1, 1, 1, 1, 0, 1, 0, 1
2.917686041666667, 0, 1, 1, 1, 0, 1, 0, 1
2.917686125000000, 1, 1, 1, 1, 0, 1, 0, 1
2.917686208333333, 0, 1, 1, 1, 0, 1, 0, 1
2.917686291666667, 1, 1, 1, 1, 0, 1, 0, 1
2.917686375000000, 0, 1, 1, 1, 0, 1, 0, 1
2.917686458333334, 1, 1, 1, 1, 0, 1, 0, 1
2.917686541666667, 0, 1, 1, 1, 1, 1, 0, 1
2.917686583333333, 1, 1, 1, 1, 1, 1, 0, 1
2.917686666666667, 0, 1, 1, 1, 0, 1, 0, 1
2.917686750000000, 1, 1, 1, 1, 0, 1, 0, 1
2.917686833333334, 0, 1, 1, 1, 1, 1, 0, 1
2.917686916666667, 1, 1, 1, 1, 1, 1, 0, 1
2.917687000000000, 0, 1, 1, 1, 1, 1, 0, 1
2.917687083333333, 1, 1, 1, 1, 1, 1, 0, 1
2.917687166666667, 0, 1, 1, 1, 0, 1, 0, 1
2.917689041666667, 0, 1, 1, 1, 1, 1, 1, 1
2.917689708333334, 0, 1, 1, 1, 0, 1, 0, 1
2.917690250000000, 0, 1, 1, 1, 1, 1, 0, 1
2.917691125000000, 1, 1, 1, 1, 1, 1, 0, 1
2.917691333333333, 0, 1, 1, 1, 0, 1, 0, 1
2.917692875000000, 1, 1, 1, 1, 0, 1, 0, 1
2.917692958333333, 0, 1, 1, 1, 0, 1, 0, 1
2.917693041666667, 1, 1, 1, 1, 0, 1, 0, 1
2.917693125000000, 0, 1, 1, 1, 0, 1, 0, 1
2.917693208333334, 1, 1, 1, 1, 0, 1, 0, 1
2.917693291666667, 0, 1, 1, 1, 0, 1, 0, 1
2.917693333333334, 1, 1, 1, 1, 0, 1, 0, 1
2.917693416666667, 0, 1, 1, 1, 0, 1, 0, 1
2.917693500000000, 1, 1, 1, 1, 0, 1, 0, 1
2.917693583333334, 0, 1, 1, 1, 0, 1, 0, 1
2.917693666666667, 1, 1, 1, 1, 0, 1, 0, 1
2.917693750000000, 0, 1, 1, 1, 0, 1, 0, 1
2.917693833333333, 1, 1, 1, 1, 0, 1, 0, 1
2.917693916666667, 0, 1, 1, 1, 0, 1, 0, 1
2.917694000000000, 1, 1, 1, 1, 0, 1, 0, 1
2.917694083333334, 0, 1, 1, 1, 0, 1, 0, 1
2.917694166666667, 1, 1, 1, 1, 0, 1, 0, 1
2.917694250000000, 0, 1, 1, 1, 0, 1, 0, 1
2.917694333333333, 1, 1, 1, 1, 0, 1, 0, 1
2.917694416666667, 0, 1, 1, 1, 0, 1, 0, 1
2.917694458333334, 1, 1, 1, 1, 0, 1, 0, 1
2.917694541666667, 0, 1, 1, 1, 0, 1, 0, 1
2.917694625000000, 1, 1, 1, 1, 0, 1, 0, 1
2.917694708333333, 0, 1, 1, 1, 0, 1, 0, 1
2.917694791666667, 1, 1, 1, 1, 0, 1, 0, 1
2.917694875000000, 0, 1, 1, 1, 1, 1, 0, 1
2.917694958333334, 1, 1, 1, 1, 1, 1, 0, 1
2.917695041666667, 0, 1, 1, 1, 1, 1, 0, 1
2.917695125000000, 1, 1, 1, 1, 1, 1, 0, 1
2.917695208333333, 0, 1, 1, 1, 0, 1, 0, 1
2.917695291666667, 1, 1, 1, 1, 0, 1, 0, 1
2.917695375000000, 0, 1, 1, 1, 0, 1, 0, 1
2.917697375000000, 0, 1, 1, 1, 1, 1, 1, 1
2.917698041666667, 0, 1, 1, 1, 0, 1, 0, 1
2.917698583333333, 0, 1, 1, 1, 1, 1, 0, 1
2.917699458333333, 1, 1, 1, 1, 1, 1, 0, 1
2.917699500000000, 0, 1, 1, 1, 0, 1, 0, 1
2.917701041666667, 1, 1, 1, 1, 0, 1, 0, 1
2.917701125000000, 0, 1, 1, 1, 0, 1, 0, 1
2.917701166666667, 1, 1, 1, 1, 0, 1, 0, 1
2.917701250000000, 0, 1, 1, 1, 0, 1, 0, 1
2.917701333333333, 1, 1, 1, 1, 0, 1, 0, 1
2.917701416666667, 0, 1, 1, 1, 0, 1, 0, 1
2.917701500000000, 1, 1, 1, 1, 0, 1, 0, 1
2.917701583333333, 0, 1, 1, 1, 0, 1, 0, 1
2.917701666666667, 1, 1, 1, 1, 0, 1, 0, 1
2.917701750000000, 0, 1, 1, 1, 0, 1, 0, 1
2.917701833333334, 1, 1, 1, 1, 0, 1, 0, 1
2.917701916666667, 0, 1, 1, 1, 0, 1, 0, 1
2.917702000000000, 1, 1, 1, 1, 0, 1, 0, 1
2.917702083333333, 0, 1, 1, 1, 0, 1, 0, 1
2.917702125000000, 1, 1, 1, 1, 0, 1, 0, 1
2.917702208333333, 0, 1, 1, 1, 0, 1, 0, 1
2.917702291666667, 1, 1, 1, 1, 0, 1, 0, 1
2.917702375000000, 0, 1, 1, 1, 0, 1, 0, 1
2.917702458333333, 1, 1, 1, 1, 0, 1, 0, 1
2.917702541666667, 0, 1, 1, 1, 0, 1, 0, 1
2.917702625000000, 1, 1, 1, 1, 0, 1, 0, 1
2.917702708333334, 0, 1, 1, 1, 0, 1, 0, 1
2.917702791666667, 1, 1, 1, 1, 0, 1, 0, 1
2.917702875000000, 0, 1, 1, 1, 1, 1, 0, 1
2.917702958333333, 1, 1, 1, 1, 1, 1, 0, 1
2.917703041666667, 0, 1, 1, 1, 0, 1, 0, 1
2.917703125000000, 1, 1, 1, 1, 0, 1, 0, 1
2.917703166666667, 0, 1, 1, 1, 1, 1, 0, 1
2.917703250000000, 1, 1, 1, 1, 1, 1, 0, 1
2.917703333333333, 0, 1, 1, 1, 0, 1, 0, 1
2.917703416666667, 1, 1, 1, 1, 0, 1, 0, 1
2.917703500000000, 0, 1, 1, 1, 0, 1, 0, 1
2.917705333333334, 0, 1, 1, 1, 1, 1, 1, 1
2.917706000000000, 0, 1, 1, 1, 0, 1, 0, 1
2.917706625000000, 0, 1, 1, 1, 1, 1, 0, 1
2.917707500000000, 1, 1, 1, 1, 1, 1, 0, 1
2.917707541666667, 0, 1, 1, 1, 0, 1, 0, 1
2.917709041666667, 1, 1, 1, 1, 0, 1, 0, 1
2.917709125000000, 0, 1, 1, 1, 0, 1, 0, 1
2.917709208333334, 1, 1, 1, 1, 0, 1, 0, 1
2.917709291666667, 0, 1, 1, 1, 0, 1, 0, 1
2.917709375000000, 1, 1, 1, 1, 0, 1, 0, 1
2.917709458333333, 0, 1, 1, 1, 0, 1, 0, 1
2.917709541666667, 1, 1, 1, 1, 0, 1, 0, 1
2.917709625000000, 0, 1, 1, 1, 0, 1, 0, 1
2.917709708333334, 1, 1, 1, 1, 0, 1, 0, 1
2.917709791666667, 0, 1, 1, 1, 0, 1, 0, 1
2.917709875000000, 1, 1, 1, 1, 0, 1, 0, 1
2.917709916666667, 0, 1, 1, 1, 0, 1, 0, 1
2.917710000000000, 1, 1, 1, 1, 0, 1, 0, 1
2.917710083333334, 0, 1, 1, 1, 0, 1, 0, 1
2.917710166666667, 1, 1, 1, 1, 0, 1, 0, 1
2.917710250000000, 0, 1, 1, 1, 0, 1, 0, 1
2.917710333333333, 1, 1, 1, 1, 0, 1, 0, 1
2.917710416666667, 0, 1, 1, 1, 1, 1, 0, 1
2.917710500000000, 1, 1, 1, 1, 1, 1, 0, 1
2.917710583333334, 0, 1, 1, 1, 0, 1, 0, 1
2.917710666666667, 1, 1, 1, 1, 0, 1, 0, 1
2.917710750000000, 0, 1, 1, 1, 0, 1, 0, 1
2.917710833333333, 1, 1, 1, 1, 0, 1, 0, 1
2.917710875000000, 0, 1, 1, 1, 1, 1, 0, 1
2.917710958333334, 1, 1, 1, 1, 1, 1, 0, 1
2.917711041666667, 0, 1, 1, 1, 1, 1, 0, 1
2.917711125000000, 1, 1, 1, 1, 1, 1, 0, 1
2.917711208333333, 0, 1, 1, 1, 1, 1, 0, 1
2.917711291666667, 1, 1, 1, 1, 1, 1, 0, 1
2.917711375000000, 0, 1, 1, 1, 0, 1, 0, 1
2.917711458333334, 1, 1, 1, 1, 0, 1, 0, 1
2.917711541666667, 0, 1, 1, 1, 0, 1, 0, 1
2.917713416666667, 0, 1, 1, 1, 1, 1, 1, 1
2.917714041666667, 0, 1, 1, 1, 0, 1, 0, 1
2.917714625000000, 0, 1, 1, 1, 1, 1, 0, 1
2.917715458333333, 0, 1, 1, 1, 0, 1, 0, 1
2.917717000000000, 1, 1, 1, 1, 0, 1, 0, 1
2.917717083333334, 0, 1, 1, 1, 0, 1, 0, 1
2.917717166666667, 1, 1, 1, 1, 0, 1, 0, 1
2.917717250000000, 0, 1, 1, 1, 0, 1, 0, 1
2.917717333333333, 1, 1, 1, 1, 0, 1, 0, 1
2.917717416666667, 0, 1, 1, 1, 0, 1, 0, 1
2.917717458333334, 1, 1, 1, 1, 0, 1, 0, 1
2.917717541666667, 0, 1, 1, 1, 0, 1, 0, 1
2.917717625000000, 1, 1, 1, 1, 0, 1, 0, 1
2.917717708333333, 0, 1, 1, 1, 0, 1, 0, 1
2.917717791666667, 1, 1, 1, 1, 0, 1, 0, 1
2.917717875000000, 0, 1, 1, 1, 0, 1, 0, 1
2.917717958333334, 1, 1, 1, 1, 0, 1, 0, 1
2.917718041666667, 0, 1, 1, 1, 0, 1, 0, 1
2.917718125000000, 1, 1, 1, 1, 0, 1, 0, 1
2.917718208333334, 0, 1, 1, 1, 1, 1, 0, 1
2.917718291666667, 1, 1, 1, 1, 1, 1, 0, 1
2.917718375000000, 0, 1, 1, 1, 1, 1, 0, 1
2.917718416666667, 1, 1, 1, 1, 1, 1, 0, 1
2.917718500000000, 0, 1, 1, 1, 0, 1, 0, 1
2.917718583333333, 1, 1, 1, 1, 0, 1, 0, 1
2.917718666666667, 0, 1, 1, 1, 0, 1, 0, 1
2.917718750000000, 1, 1, 1, 1, 0, 1, 0, 1
2.917718833333334, 0, 1, 1, 1, 0, 1, 0, 1
2.917718916666667, 1, 1, 1, 1, 0, 1, 0, 1
2.917719000000000, 0, 1, 1, 1, 1, 1, 0, 1
2.917719083333334, 1, 1, 1, 1, 1, 1, 0, 1
2.917719166666667, 0, 1, 1, 1, 1, 1, 0, 1
2.917719250000000, 1, 1, 1, 1, 1, 1, 0, 1
2.917719333333333, 0, 1, 1, 1, 0, 1, 0, 1
2.917719375000000, 1, 1, 1, 1, 0, 1, 0, 1
2.917719458333333, 0, 1, 1, 1, 0, 1, 0, 1
2.917721333333334, 0, 1, 1, 1, 1, 1, 1, 1
2.917721916666667, 0, 1, 1, 1, 1, 1, 0, 1
2.917721958333333, 0, 1, 1, 1, 0, 1, 0, 1
2.917722500000000, 0, 1, 1, 1, 1, 1, 0, 1
2.917723375000000, 0, 1, 1, 1, 0, 1, 0, 1
2.917724916666667, 1, 1, 1, 1, 0, 1, 0, 1
2.917725000000000, 0, 1, 1, 1, 0, 1, 0, 1
2.917725083333333, 1, 1, 1, 1, 0, 1, 0, 1
2.917725166666667, 0, 1, 1, 1, 0, 1, 0, 1
2.917725208333334, 1, 1, 1, 1, 0, 1, 0, 1
2.917725291666667, 0, 1, 1, 1, 0, 1, 0, 1
2.917725375000000, 1, 1, 1, 1, 0, 1, 0, 1
2.917725458333333, 0, 1, 1, 1, 0, 1, 0, 1
2.917725541666667, 1, 1, 1, 1, 0, 1, 0, 1
2.917725625000000, 0, 1, 1, 1, 0, 1, 0, 1
2.917725708333334, 1, 1, 1, 1, 0, 1, 0, 1
2.917725791666667, 0, 1, 1, 1, 0, 1, 0, 1
2.917725875000000, 1, 1, 1, 1, 0, 1, 0, 1
2.917725958333333, 0, 1, 1, 1, 0, 1, 0, 1
2.917726041666667, 1, 1, 1, 1, 0, 1, 0, 1
2.917726125000000, 0, 1, 1, 1, 0, 1, 0, 1
2.917726166666667, 1, 1, 1, 1, 0, 1, 0, 1
2.917726250000000, 0, 1, 1, 1, 0, 1, 0, 1
2.917726333333333, 1, 1, 1, 1, 0, 1, 0, 1
2.917726416666667, 0, 1, 1, 1, 1, 1, 0, 1
2.917726500000000, 1, 1, 1, 1, 1, 1, 0, 1
2.917726583333334, 0, 1, 1, 1, 1, 1, 0, 1
2.917726666666667, 1, 1, 1, 1, 1, 1, 0, 1
2.917726750000000, 0, 1, 1, 1, 1, 1, 0, 1
2.917726833333333, 1, 1, 1, 1, 1, 1, 0, 1
2.917726916666667, 0, 1, 1, 1, 0, 1, 0, 1
2.917727000000000, 1, 1, 1, 1, 0, 1, 0, 1
2.917727083333333, 0, 1, 1, 1, 0, 1, 0, 1
2.917727166666667, 1, 1, 1, 1, 0, 1, 0, 1
2.917727208333333, 0, 1, 1, 1, 1, 1, 0, 1
2.917727291666667, 1, 1, 1, 1, 1, 1, 0, 1
2.917727375000000, 0, 1, 1, 1, 0, 1, 0, 1
2.917729208333334, 0, 1, 1, 1, 1, 1, 1, 1
2.917729916666667, 0, 1, 1, 1, 0, 1, 0, 1
2.917730458333334, 0, 1, 1, 1, 1, 1, 0, 1
2.917731291666667, 1, 1, 1, 1, 1, 1, 0, 1
2.917731375000000, 0, 1, 1, 1, 0, 1, 0, 1
2.917732916666667, 1, 1, 1, 1, 0, 1, 0, 1
2.917732958333334, 0, 1, 1, 1, 0, 1, 0, 1
2.917733041666667, 1, 1, 1, 1, 0, 1, 0, 1
2.917733125000000, 0, 1, 1, 1, 0, 1, 0, 1
2.917733208333333, 1, 1, 1, 1, 0, 1, 0, 1
2.917733291666667, 0, 1, 1, 1, 0, 1, 0, 1
2.917733375000000, 1, 1, 1, 1, 0, 1, 0, 1
2.917733458333334, 0, 1, 1, 1, 0, 1, 0, 1
2.917733541666667, 1, 1, 1, 1, 0, 1, 0, 1
2.917733625000000, 0, 1, 1, 1, 0, 1, 0, 1
2.917733708333333, 1, 1, 1, 1, 0, 1, 0, 1
2.917733791666667, 0, 1, 1, 1, 0, 1, 0, 1
2.917733875000000, 1, 1, 1, 1, 0, 1, 0, 1
2.917733958333334, 0, 1, 1, 1, 0, 1, 0, 1
2.917734000000000, 1, 1, 1, 1, 0, 1, 0, 1
2.917734083333333, 0, 1, 1, 1, 0, 1, 0, 1
2.917734166666667, 1, 1, 1, 1, 0, 1, 0, 1
2.917734250000000, 0, 1, 1, 1, 0, 1, 0, 1
2.917734333333334, 1, 1, 1, 1, 0, 1, 0, 1
2.917734416666667, 0, 1, 1, 1, 0, 1, 0, 1
2.917734500000000, 1, 1, 1, 1, 0, 1, 0, 1
2.917734583333333, 0, 1, 1, 1, 0, 1, 0, 1
2.917734666666667, 1, 1, 1, 1, 0, 1, 0, 1
2.917734750000000, 0, 1, 1, 1, 0, 1, 0, 1
2.917734833333334, 1, 1, 1, 1, 0, 1, 0, 1
2.917734916666667, 0, 1, 1, 1, 0, 1, 0, 1
2.917734958333333, 1, 1, 1, 1, 0, 1, 0, 1
2.917735041666667, 0, 1, 1, 1, 0, 1, 0, 1
2.917735125000000, 1, 1, 1, 1, 0, 1, 0, 1
2.917735208333334, 0, 1, 1, 1, 0, 1, 0, 1
2.917735291666667, 1, 1, 1, 1, 0, 1, 0, 1
2.917735375000000, 0, 1, 1, 1, 0, 1, 0, 1
2.917737333333334, 0, 1, 1, 1, 1, 1, 1, 1
2.917738000000000, 0, 1, 1, 1, 0, 1, 0, 1
2.917738625000000, 0, 1, 1, 1, 1, 1, 0, 1
2.917739458333334, 0, 1, 1, 1, 0, 1, 0, 1
2.917741000000000, 1, 1, 1, 1, 0, 1, 0, 1
2.917741083333333, 0, 1, 1, 1, 0, 1, 0, 1
2.917741166666667, 1, 1, 1, 1, 0, 1, 0, 1
2.917741208333334, 0, 1, 1, 1, 0, 1, 0, 1
2.917741291666667, 1, 1, 1, 1, 0, 1, 0, 1
2.917741375000000, 0, 1, 1, 1, 0, 1, 0, 1
2.917741458333333, 1, 1, 1, 1, 0, 1, 0, 1
2.917741541666667, 0, 1, 1, 1, 0, 1, 0, 1
2.917741625000000, 1, 1, 1, 1, 0, 1, 0, 1
2.917741708333334, 0, 1, 1, 1, 0, 1, 0, 1
2.917741791666667, 1, 1, 1, 1, 0, 1, 0, 1
2.917741875000000, 0, 1, 1, 1, 0, 1, 0, 1
2.917741958333333, 1, 1, 1, 1, 0, 1, 0, 1
2.917742041666667, 0, 1, 1, 1, 0, 1, 0, 1
2.917742125000000, 1, 1, 1, 1, 0, 1, 0, 1
2.917742208333333, 0, 1, 1, 1, 0, 1, 0, 1
2.917742250000000, 1, 1, 1, 1, 0, 1, 0, 1
2.917742333333333, 0, 1, 1, 1, 0, 1, 0, 1
2.917742416666667, 1, 1, 1, 1, 0, 1, 0, 1
2.917742500000000, 0, 1, 1, 1, 0, 1, 0, 1
2.917742583333334, 1, 1, 1, 1, 0, 1, 0, 1
2.917742666666667, 0, 1, 1, 1, 0, 1, 0, 1
2.917742750000000, 1, 1, 1, 1, 0, 1, 0, 1
2.917742833333334, 0, 1, 1, 1, 0, 1, 0, 1
2.917742916666667, 1, 1, 1, 1, 0, 1, 0, 1
2.917743000000000, 0, 1, 1, 1, 0, 1, 0, 1
2.917743083333333, 1, 1, 1, 1, 0, 1, 0, 1
2.917743166666667, 0, 1, 1, 1, 0, 1, 0, 1
2.917743208333333, 1, 1, 1, 1, 0, 1, 0, 1
2.917743291666667, 0, 1, 1, 1, 0, 1, 0, 1
2.917743375000000, 1, 1, 1, 1, 0, 1, 0, 1
2.917743458333334, 0, 1, 1, 1, 0, 1, 0, 1
2.917745500000000, 0, 1, 1, 1, 1, 1, 1, 1
2.917746208333333, 0, 1, 1, 1, 0, 1, 0, 1
2.917746833333334, 0, 1, 1, 1, 1, 1, 0, 1
2.917747666666667, 0, 1, 1, 1, 0, 1, 0, 1
2.917749208333333, 1, 1, 1, 1, 0, 1, 0, 1
2.917749291666667, 0, 1, 1, 1, 0, 1, 0, 1
2.917749375000000, 1, 1, 1, 1, 0, 1, 0, 1
2.917749458333334, 0, 1, 1, 1, 0, 1, 0, 1
2.917749541666667, 1, 1, 1, 1, 0, 1, 0, 1
2.917749625000000, 0, 1, 1, 1, 0, 1, 0, 1
2.917749666666667, 1, 1, 1, 1, 0, 1, 0, 1
2.917749750000000, 0, 1, 1, 1, 0, 1, 0, 1
2.917749833333334, 1, 1, 1, 1, 0, 1, 0, 1
2.917749916666667, 0, 1, 1, 1, 0, 1, 0, 1
2.917750000000000, 1, 1, 1, 1, 0, 1, 0, 1
2.917750083333333, 0, 1, 1, 1, 0, 1, 0, 1
2.917750166666667, 1, 1, 1, 1, 0, 1, 0, 1
2.917750250000000, 0, 1, 1, 1, 0, 1, 0, 1
2.917750333333334, 1, 1, 1, 1, 0, 1, 0, 1
2.917750416666667, 0, 1, 1, 1, 0, 1, 0, 1
2.917750500000000, 1, 1, 1, 1, 0, 1, 0, 1
2.917750583333333, 0, 1, 1, 1, 0, 1, 0, 1
2.917750666666667, 1, 1, 1, 1, 0, 1, 0, 1
2.917750708333334, 0, 1, 1, 1, 0, 1, 0, 1
2.917750791666667, 1, 1, 1, 1, 0, 1, 0, 1
2.917750875000000, 0, 1, 1, 1, 0, 1, 0, 1
2.917750958333333, 1, 1, 1, 1, 0, 1, 0, 1
2.917751041666667, 0, 1, 1, 1, 0, 1, 0, 1
2.917751125000000, 1, 1, 1, 1, 0, 1, 0, 1
2.917751208333334, 0, 1, 1, 1, 0, 1, 0, 1
2.917751291666667, 1, 1, 1, 1, 0, 1, 0, 1
2.917751375000000, 0, 1, 1, 1, 0, 1, 0, 1
2.917751458333333, 1, 1, 1, 1, 0, 1, 0, 1
2.917751541666667, 0, 1, 1, 1, 0, 1, 0, 1
2.917751625000000, 1, 1, 1, 1, 0, 1, 0, 1
2.917751708333333, 0, 1, 1, 1, 0, 1, 0, 1
2.917753708333334, 0, 1, 1, 1, 1, 1, 1, 1
2.917754333333333, 0, 1, 1, 1, 1, 1, 0, 1
2.917754375000000, 0, 1, 1, 1, 0, 1, 0, 1
2.917754916666667, 0, 1, 1, 1, 1, 1, 0, 1
2.917755791666667, 0, 1, 1, 1, 0, 1, 0, 1
2.917757333333333, 1, 1, 1, 1, 0, 1, 0, 1
2.917757416666667, 0, 1, 1, 1, 0, 1, 0, 1
2.917757500000000, 1, 1, 1, 1, 0, 1, 0, 1
2.917757583333334, 0, 1, 1, 1, 0, 1, 0, 1
2.917757666666667, 1, 1, 1, 1, 0, 1, 0, 1
2.917757708333334, 0, 1, 1, 1, 0, 1, 0, 1
2.917757791666667, 1, 1, 1, 1, 0, 1, 0, 1
2.917757875000000, 0, 1, 1, 1, 0, 1, 0, 1
2.917757958333334, 1, 1, 1, 1, 0, 1, 0, 1
2.917758041666667, 0, 1, 1, 1, 0, 1, 0, 1
2.917758125000000, 1, 1, 1, 1, 0, 1, 0, 1
2.917758208333333, 0, 1, 1, 1, 0, 1, 0, 1
2.917758291666667, 1, 1, 1, 1, 0, 1, 0, 1
2.917758375000000, 0, 1, 1, 1, 0, 1, 0, 1
2.917758458333334, 1, 1, 1, 1, 0, 1, 0, 1
2.917758541666667, 0, 1, 1, 1, 0, 1, 0, 1
2.917758625000000, 1, 1, 1, 1, 0, 1, 0, 1
2.917758708333333, 0, 1, 1, 1, 0, 1, 0, 1
2.917758750000000, 1, 1, 1, 1, 0, 1, 0, 1
2.917758833333334, 0, 1, 1, 1, 0, 1, 0, 1
2.917758916666667, 1, 1, 1, 1, 0, 1, 0, 1
2.917759000000000, 0, 1, 1, 1, 0, 1, 0, 1
2.917759083333333, 1, 1, 1, 1, 0, 1, 0, 1
2.917759166666667, 0, 1, 1, 1, 0, 1, 0, 1
2.917759250000000, 1, 1, 1, 1, 0, 1, 0, 1
2.917759333333334, 0, 1, 1, 1, 0, 1, 0, 1
2.917759416666667, 1, 1, 1, 1, 0, 1, 0, 1
2.917759500000000, 0, 1, 1, 1, 0, 1, 0, 1
2.917759583333333, 1, 1, 1, 1, 0, 1, 0, 1
2.917759666666667, 0, 1, 1, 1, 0, 1, 0, 1
2.917759708333334, 1, 1, 1, 1, 0, 1, 0, 1
2.917759791666667, 0, 1, 1, 1, 0, 1, 0, 1
2.917761666666667, 0, 1, 1, 1, 1, 1, 1, 1
2.917762291666667, 0, 1, 1, 1, 0, 1, 0, 1
2.917762958333333, 0, 1, 1, 1, 1, 1, 0, 1
2.917763750000000, 0, 1, 1, 1, 0, 1, 0, 1
2.917765291666667, 1, 1, 1, 1, 0, 1, 0, 1
2.917765375000000, 0, 1, 1, 1, 0, 1, 0, 1
2.917765458333334, 1, 1, 1, 1, 0, 1, 0, 1
2.917765500000000, 0, 1, 1, 1, 0, 1, 0, 1
2.917765583333333, 1, 1, 1, 1, 0, 1, 0, 1
2.917765666666667, 0, 1, 1, 1, 0, 1, 0, 1
2.917765750000000, 1, 1, 1, 1, 0, 1, 0, 1
2.917765833333334, 0, 1, 1, 1, 0, 1, 0, 1
2.917765916666667, 1, 1, 1, 1, 0, 1, 0, 1
2.917766000000000, 0, 1, 1, 1, 0, 1, 0, 1
2.917766083333333, 1, 1, 1, 1, 0, 1, 0, 1
2.917766166666667, 0, 1, 1, 1, 0, 1, 0, 1
2.917766250000000, 1, 1, 1, 1, 0, 1, 0, 1
2.917766333333334, 0, 1, 1, 1, 0, 1, 0, 1
2.917766416666667, 1, 1, 1, 1, 0, 1, 0, 1
2.917766500000000, 0, 1, 1, 1, 0, 1, 0, 1
2.917766541666667, 1, 1, 1, 1, 0, 1, 0, 1
2.917766625000000, 0, 1, 1, 1, 0, 1, 0, 1
2.917766708333334, 1, 1, 1, 1, 0, 1, 0, 1
2.917766791666667, 0, 1, 1, 1, 0, 1, 0, 1
2.917766875000000, 1, 1, 1, 1, 0, 1, 0, 1
2.917766958333333, 0, 1, 1, 1, 0, 1, 0, 1
2.917767041666667, 1, 1, 1, 1, 0, 1, 0, 1
2.917767125000000, 0, 1, 1, 1, 0, 1, 0, 1
2.917767208333334, 1, 1, 1, 1, 0, 1, 0, 1
2.917767291666667, 0, 1, 1, 1, 0, 1, 0, 1
2.917767375000000, 1, 1, 1, 1, 0, 1, 0, 1
2.917767458333334, 0, 1, 1, 1, 0, 1, 0, 1
2.917767500000000, 1, 1, 1, 1, 0, 1, 0, 1
2.917767583333334, 0, 1, 1, 1, 0, 1, 0, 1
2.917767666666667, 1, 1, 1, 1, 0, 1, 0, 1
2.917767750000000, 0, 1, 1, 1, 0, 1, 0, 1
2.917769583333333, 0, 1, 1, 1, 1, 1, 1, 1
2.917770250000000, 0, 1, 1, 1, 0, 1, 0, 1
2.917770875000000, 0, 1, 1, 1, 1, 1, 0, 1
2.917771791666667, 0, 1, 1, 1, 0, 1, 0, 1
2.917773333333333, 1, 1, 1, 1, 0, 1, 0, 1
2.917773416666667, 0, 1, 1, 1, 0, 1, 0, 1
2.917773500000000, 1, 1, 1, 1, 0, 1, 0, 1
2.917773583333334, 0, 1, 1, 1, 0, 1, 0, 1
2.917773666666667, 1, 1, 1, 1, 0, 1, 0, 1
2.917773750000000, 0, 1, 1, 1, 0, 1, 0, 1
2.917773791666667, 1, 1, 1, 1, 0, 1, 0, 1
2.917773875000000, 0, 1, 1, 1, 0, 1, 0, 1
2.917773958333334, 1, 1, 1, 1, 0, 1, 0, 1
2.917774041666667, 0, 1, 1, 1, 0, 1, 0, 1
2.917774125000000, 1, 1, 1, 1, 0, 1, 0, 1
2.917774208333333, 0, 1, 1, 1, 0, 1, 0, 1
2.917774291666667, 1, 1, 1, 1, 0, 1, 0, 1
2.917774375000000, 0, 1, 1, 1, 0, 1, 0, 1
2.917774458333334, 1, 1, 1, 1, 0, 1, 0, 1
2.917774541666667, 0, 1, 1, 1, 0, 1, 0, 1
2.917774625000000, 1, 1, 1, 1, 0, 1, 0, 1
2.917774708333333, 0, 1, 1, 1, 0, 1, 0, 1
2.917774750000000, 1, 1, 1, 1, 0, 1, 0, 1
2.917774833333334, 0, 1, 1, 1, 0, 1, 0, 1
2.917774916666667, 1, 1, 1, 1, 0, 1, 0, 1
2.917775000000000, 0, 1, 1, 1, 0, 1, 0, 1
2.917775083333333, 1, 1, 1, 1, 0, 1, 0, 1
2.917775166666667, 0, 1, 1, 1, 0, 1, 0, 1
2.917775250000000, 1, 1, 1, 1, 0, 1, 0, 1
2.917775333333334, 0, 1, 1, 1, 0, 1, 0, 1
2.917775416666667, 1, 1, 1, 1, 0, 1, 0, 1
2.917775500000000, 0, 1, 1, 1, 0, 1, 0, 1
2.917775583333333, 1, 1, 1, 1, 0, 1, 0, 1
2.917775666666667, 0, 1, 1, 1, 0, 1, 0, 1
2.917775708333334, 1, 1, 1, 1, 0, 1, 0, 1
2.917775791666667, 0, 1, 1, 1, 0, 1, 0, 1
2.917777666666667, 0, 1, 1, 1, 1, 1, 1, 1
2.917778458333334, 0, 1, 1, 1, 0, 1, 0, 1
2.917779041666667, 0, 1, 1, 1, 1, 1, 0, 1
2.917779916666667, 1, 1, 1, 1, 1, 1, 0, 1
2.917780041666667, 0, 1, 1, 1, 0, 1, 0, 1
2.917780750000000, 0, 1, 1, 1, 1, 1, 0, 1
2.917781416666667, 1, 1, 1, 1, 1, 1, 0, 1
2.917781500000000, 0, 1, 1, 1, 1, 1, 0, 1
2.917781583333333, 1, 1, 1, 1, 1, 1, 0, 1
2.917781666666667, 0, 1, 1, 1, 1, 1, 0, 1
2.917781708333334, 1, 1, 1, 1, 1, 1, 0, 1
2.917781791666667, 0, 1, 1, 1, 0, 1, 0, 1
2.917781875000000, 1, 1, 1, 1, 0, 1, 0, 1
2.917781958333333, 0, 1, 1, 1, 0, 1, 0, 1
2.917782041666667, 1, 1, 1, 1, 0, 1, 0, 1
2.917782125000000, 0, 1, 1, 1, 0, 1, 0, 1
2.917782208333334, 1, 1, 1, 1, 0, 1, 0, 1
2.917782291666667, 0, 1, 1, 1, 0, 1, 0, 1
2.917782375000000, 1, 1, 1, 1, 0, 1, 0, 1
2.917782458333333, 0, 1, 1, 1, 1, 1, 0, 1
2.917782541666667, 1, 1, 1, 1, 1, 1, 0, 1
2.917782625000000, 0, 1, 1, 1, 0, 1, 0, 1
2.917784375000000, 0, 1, 1, 1, 1, 1, 1, 1
2.917785083333333, 0, 1, 1, 1, 0, 1, 0, 1
2.917785458333333, 0, 1, 1, 1, 1, 1, 0, 1
2.917786333333333, 1, 1, 1, 1, 1, 1, 0, 1
2.917786583333334, 0, 1, 1, 1, 1, 1, 0, 1
2.917787375000000, 0, 1, 1, 1, 0, 1, 0, 1
2.917788125000000, 1, 1, 1, 1, 0, 1, 0, 1
2.917788208333334, 0, 1, 1, 1, 0, 1, 0, 1
2.917788291666667, 1, 1, 1, 1, 0, 1, 0, 1
2.917788375000000, 0, 1, 1, 1, 0, 1, 0, 1
2.917788458333333, 1, 1, 1, 1, 0, 1, 0, 1
2.917788541666667, 0, 1, 1, 1, 0, 1, 0, 1
2.917788583333333, 1, 1, 1, 1, 0, 1, 0, 1
2.917788666666667, 0, 1, 1, 1, 0, 1, 0, 1
2.917788750000000, 1, 1, 1, 1, 0, 1, 0, 1
2.917788833333334, 0, 1, 1, 1, 0, 1, 0, 1
2.917788916666667, 1, 1, 1, 1, 0, 1, 0, 1
2.917789000000000, 0, 1, 1, 1, 0, 1, 0, 1
2.917789083333334, 1, 1, 1, 1, 0, 1, 0, 1
2.917789166666667, 0, 1, 1, 1, 0, 1, 0, 1
2.917789250000000, 1, 1, 1, 1, 0, 1, 0, 1
2.917789333333333, 0, 1, 1, 1, 0, 1, 0, 1
2.917789416666667, 1, 1, 1, 1, 0, 1, 0, 1
2.917789500000000, 0, 1, 1, 1, 0, 1, 0, 1
2.917789541666667, 1, 1, 1, 1, 0, 1, 0, 1
2.917789625000000, 0, 1, 1, 1, 0, 1, 0, 1
2.917789708333334, 1, 1, 1, 1, 0, 1, 0, 1
2.917789791666667, 0, 1, 1, 1, 1, 1, 0, 1
2.917789875000000, 1, 1, 1, 1, 1, 1, 0, 1
2.917789958333334, 0, 1, 1, 1, 1, 1, 0, 1
2.917790041666667, 1, 1, 1, 1, 1, 1, 0, 1
2.917790125000000, 0, 1, 1, 1, 1, 1, 0, 1
2.917790208333333, 1, 1, 1, 1, 1, 1, 0, 1
2.917790291666667, 0, 1, 1, 1, 1, 1, 0, 1
2.917790375000000, 1, 1, 1, 1, 1, 1, 0, 1
2.917790458333334, 0, 1, 1, 1, 1, 1, 0, 1
2.917790500000000, 1, 1, 1, 1, 1, 1, 0, 1
2.917790583333333, 0, 1, 1, 1, 0, 1, 0, 1
2.917792500000000, 0, 1, 1, 1, 1, 1, 1, 1
2.917793208333333, 0, 1, 1, 1, 1, 1, 0, 1
2.917793250000000, 0, 1, 1, 1, 0, 1, 0, 1
2.917793666666667, 0, 1, 1, 1, 1, 1, 0, 1
2.917794541666667, 1, 1, 1, 1, 1, 1, 0, 1
2.917794666666667, 0, 1, 1, 1, 0, 1, 0, 1
2.917796208333333, 1, 1, 1, 1, 0, 1, 0, 1
2.917796291666667, 0, 1, 1, 1, 0, 1, 0, 1
2.917796375000000, 1, 1, 1, 1, 0, 1, 0, 1
2.917796458333334, 0, 1, 1, 1, 0, 1, 0, 1
2.917796500000000, 1, 1, 1, 1, 0, 1, 0, 1
2.917796583333334, 0, 1, 1, 1, 0, 1, 0, 1
2.917796666666667, 1, 1, 1, 1, 0, 1, 0, 1
2.917796750000000, 0, 1, 1, 1, 0, 1, 0, 1
2.917796833333334, 1, 1, 1, 1, 0, 1, 0, 1
2.917796916666667, 0, 1, 1, 1, 0, 1, 0, 1
2.917797000000000, 1, 1, 1, 1, 0, 1, 0, 1
2.917797083333333, 0, 1, 1, 1, 0, 1, 0, 1
2.917797166666667, 1, 1, 1, 1, 0, 1, 0, 1
2.917797250000000, 0, 1, 1, 1, 0, 1, 0, 1
2.917797333333334, 1, 1, 1, 1, 0, 1, 0, 1
2.917797416666667, 0, 1, 1, 1, 0, 1, 0, 1
2.917797500000000, 1, 1, 1, 1, 0, 1, 0, 1
2.917797541666667, 0, 1, 1, 1, 0, 1, 0, 1
2.917797625000000, 1, 1, 1, 1, 0, 1, 0, 1
2.917797708333334, 0, 1, 1, 1, 1, 1, 0, 1
2.917797791666667, 1, 1, 1, 1, 1, 1, 0, 1
2.917797875000000, 0, 1, 1, 1, 1, 1, 0, 1
2.917797958333333, 1, 1, 1, 1, 1, 1, 0, 1
2.917798041666667, 0, 1, 1, 1, 1, 1, 0, 1
2.917798125000000, 1, 1, 1, 1, 1, 1, 0, 1
2.917798208333334, 0, 1, 1, 1, 1, 1, 0, 1
2.917798291666667, 1, 1, 1, 1, 1, 1, 0, 1
2.917798375000000, 0, 1, 1, 1, 1, 1, 0, 1
2.917798458333333, 1, 1, 1, 1, 1, 1, 0, 1
2.917798541666667, 0, 1, 1, 1, 1, 1, 0, 1
2.917798583333334, 1, 1, 1, 1, 1, 1, 0, 1
2.917798666666667, 0, 1, 1, 1, 0, 1, 0, 1
2.917800500000000, 0, 1, 1, 1, 0, 1, 1, 1
2.917800541666667, 0, 1, 1, 1, 1, 1, 1, 1
2.917801125000000, 0, 1, 1, 1, 0, 1, 0, 1
2.917801708333334, 0, 1, 1, 1, 1, 1, 0, 1
2.917802583333334, 1, 1, 1, 1, 1, 1, 0, 1
2.917802666666667, 0, 1, 1, 1, 0, 1, 0, 1
2.917804208333334, 1, 1, 1, 1, 0, 1, 0, 1
2.917804291666667, 0, 1, 1, 1, 0, 1, 0, 1
2.917804375000000, 1, 1, 1, 1, 0, 1, 0, 1
2.917804458333333, 0, 1, 1, 1, 0, 1, 0, 1
2.917804541666667, 1, 1, 1, 1, 0, 1, 0, 1
2.917804625000000, 0, 1, 1, 1, 0, 1, 0, 1
2.917804708333334, 1, 1, 1, 1, 0, 1, 0, 1
2.917804791666667, 0, 1, 1, 1, 0, 1, 0, 1
2.917804833333333, 1, 1, 1, 1, 0, 1, 0, 1
2.917804916666667, 0, 1, 1, 1, 0, 1, 0, 1
2.917805000000000, 1, 1, 1, 1, 0, 1, 0, 1
2.917805083333334, 0, 1, 1, 1, 0, 1, 0, 1
2.917805166666667, 1, 1, 1, 1, 0, 1, 0, 1
2.917805250000000, 0, 1, 1, 1, 0, 1, 0, 1
2.917805333333333, 1, 1, 1, 1, 0, 1, 0, 1
2.917805416666667, 0, 1, 1, 1, 0, 1, 0, 1
2.917805500000000, 1, 1, 1, 1, 0, 1, 0, 1
2.917805583333334, 0, 1, 1, 1, 0, 1, 0, 1
2.917805666666667, 1, 1, 1, 1, 0, 1, 0, 1
2.917805750000000, 0, 1, 1, 1, 1, 1, 0, 1
2.917805791666667, 1, 1, 1, 1, 1, 1, 0, 1
2.917805875000000, 0, 1, 1, 1, 1, 1, 0, 1
2.917805958333334, 1, 1, 1, 1, 1, 1, 0, 1
2.917806041666667, 0, 1, 1, 1, 1, 1, 0, 1
2.917806125000000, 1, 1, 1, 1, 1, 1, 0, 1
2.917806208333333, 0, 1, 1, 1, 1, 1, 0, 1
2.917806291666667, 1, 1, 1, 1, 1, 1, 0, 1
2.917806375000000, 0, 1, 1, 1, 1, 1, 0, 1
2.917806458333334, 1, 1, 1, 1, 1, 1, 0, 1
2.917806541666667, 0, 1, 1, 1, 1, 1, 0, 1
2.917806625000000, 1, 1, 1, 1, 1, 1, 0, 1
2.917806708333333, 0, 1, 1, 1, 0, 1, 0, 1
2.917808541666667, 0, 1, 1, 1, 0, 1, 1, 1
2.917808583333334, 0, 1, 1, 1, 1, 1, 1, 1
2.917809208333333, 0, 1, 1, 1, 0, 1, 0, 1
2.917809750000000, 0, 1, 1, 1, 1, 1, 0, 1
2.917810625000000, 1, 1, 1, 1, 1, 1, 0, 1
2.917810666666667, 0, 1, 1, 1, 0, 1, 0, 1
2.917812208333333, 1, 1, 1, 1, 0, 1, 0, 1
2.917812291666667, 0, 1, 1, 1, 0, 1, 0, 1
2.917812333333333, 1, 1, 1, 1, 0, 1, 0, 1
2.917812416666667, 0, 1, 1, 1, 0, 1, 0, 1
2.917812500000000, 1, 1, 1, 1, 0, 1, 0, 1
2.917812583333334, 0, 1, 1, 1, 0, 1, 0, 1
2.917812666666667, 1, 1, 1, 1, 0, 1, 0, 1
2.917812750000000, 0, 1, 1, 1, 0, 1, 0, 1
2.917812833333334, 1, 1, 1, 1, 0, 1, 0, 1
2.917812916666667, 0, 1, 1, 1, 0, 1, 0, 1
2.917813000000000, 1, 1, 1, 1, 0, 1, 0, 1
2.917813083333333, 0, 1, 1, 1, 0, 1, 0, 1
2.917813166666667, 1, 1, 1, 1, 0, 1, 0, 1
2.917813250000000, 0, 1, 1, 1, 0, 1, 0, 1
2.917813291666667, 1, 1, 1, 1, 0, 1, 0, 1
2.917813375000000, 0, 1, 1, 1, 0, 1, 0, 1
2.917813458333334, 1, 1, 1, 1, 0, 1, 0, 1
2.917813541666667, 0, 1, 1, 1, 0, 1, 0, 1
2.917813625000000, 1, 1, 1, 1, 0, 1, 0, 1
2.917813708333334, 0, 1, 1, 1, 0, 1, 0, 1
2.917813791666667, 1, 1, 1, 1, 0, 1, 0, 1
2.917813875000000, 0, 1, 1, 1, 0, 1, 0, 1
2.917813958333333, 1, 1, 1, 1, 0, 1, 0, 1
2.917814041666667, 0, 1, 1, 1, 1, 1, 0, 1
2.917814125000000, 1, 1, 1, 1, 1, 1, 0, 1
2.917814208333334, 0, 1, 1, 1, 1, 1, 0, 1
2.917814250000000, 1, 1, 1, 1, 1, 1, 0, 1
2.917814333333334, 0, 1, 1, 1, 1, 1, 0, 1
2.917814416666667, 1, 1, 1, 1, 1, 1, 0, 1
2.917814500000000, 0, 1, 1, 1, 1, 1, 0, 1
2.917814583333334, 1, 1, 1, 1, 1, 1, 0, 1
2.917814666666667, 0, 1, 1, 1, 0, 1, 0, 1
2.917816500000000, 0, 1, 1, 1, 1, 1, 1, 1
2.917817166666667, 0, 1, 1, 1, 0, 1, 0, 1
2.917817750000000, 0, 1, 1, 1, 1, 1, 0, 1
2.917818583333334, 1, 1, 1, 1, 1, 1, 0, 1
2.917818791666667, 0, 1, 1, 1, 0, 1, 0, 1
2.917820291666667, 1, 1, 1, 1, 0, 1, 0, 1
2.917820375000000, 0, 1, 1, 1, 0, 1, 0, 1
2.917820458333333, 1, 1, 1, 1, 0, 1, 0, 1
2.917820541666667, 0, 1, 1, 1, 0, 1, 0, 1
2.917820625000000, 1, 1, 1, 1, 0, 1, 0, 1
2.917820708333334, 0, 1, 1, 1, 0, 1, 0, 1
2.917820791666667, 1, 1, 1, 1, 0, 1, 0, 1
2.917820875000000, 0, 1, 1, 1, 0, 1, 0, 1
2.917820958333333, 1, 1, 1, 1, 0, 1, 0, 1
2.917821041666667, 0, 1, 1, 1, 0, 1, 0, 1
2.917821125000000, 1, 1, 1, 1, 0, 1, 0, 1
2.917821208333334, 0, 1, 1, 1, 0, 1, 0, 1
2.917821250000000, 1, 1, 1, 1, 0, 1, 0, 1
2.917821333333333, 0, 1, 1, 1, 0, 1, 0, 1
2.917821416666667, 1, 1, 1, 1, 0, 1, 0, 1
2.917821500000000, 0, 1, 1, 1, 0, 1, 0, 1
2.917821583333334, 1, 1, 1, 1, 0, 1, 0, 1
2.917821666666667, 0, 1, 1, 1, 0, 1, 0, 1
2.917821750000000, 1, 1, 1, 1, 0, 1, 0, 1
2.917821833333333, 0, 1, 1, 1, 0, 1, 0, 1
2.917821916666667, 1, 1, 1, 1, 0, 1, 0, 1
2.917822000000000, 0, 1, 1, 1, 1, 1, 0, 1
2.917822083333334, 1, 1, 1, 1, 1, 1, 0, 1
2.917822166666667, 0, 1, 1, 1, 1, 1, 0, 1
2.917822250000000, 1, 1, 1, 1, 1, 1, 0, 1
2.917822333333334, 0, 1, 1, 1, 1, 1, 0, 1
2.917822375000000, 1, 1, 1, 1, 1, 1, 0, 1
2.917822458333334, 0, 1, 1, 1, 1, 1, 0, 1
2.917822541666667, 1, 1, 1, 1, 1, 1, 0, 1
2.917822625000000, 0, 1, 1, 1, 1, 1, 0, 1
2.917822708333333, 1, 1, 1, 1, 1, 1, 0, 1
2.917822791666667, 0, 1, 1, 1, 0, 1, 0, 1
2.917824791666667, 0, 1, 1, 1, 1, 1, 1, 1
2.917825500000000, 0, 1, 1, 1, 0, 1, 0, 1
2.917825958333334, 0, 1, 1, 1, 1, 1, 0, 1
2.917826833333334, 1, 1, 1, 1, 1, 1, 0, 1
2.917826916666667, 0, 1, 1, 1, 0, 1, 0, 1
2.917828458333334, 1, 1, 1, 1, 0, 1, 0, 1
2.917828541666667, 0, 1, 1, 1, 0, 1, 0, 1
2.917828625000000, 1, 1, 1, 1, 0, 1, 0, 1
2.917828708333333, 0, 1, 1, 1, 0, 1, 0, 1
2.917828791666667, 1, 1, 1, 1, 0, 1, 0, 1
2.917828875000000, 0, 1, 1, 1, 0, 1, 0, 1
2.917828958333334, 1, 1, 1, 1, 0, 1, 0, 1
2.917829041666667, 0, 1, 1, 1, 0, 1, 0, 1
2.917829083333333, 1, 1, 1, 1, 0, 1, 0, 1
2.917829166666667, 0, 1, 1, 1, 0, 1, 0, 1
2.917829250000000, 1, 1, 1, 1, 0, 1, 0, 1
2.917829333333334, 0, 1, 1, 1, 0, 1, 0, 1
2.917829416666667, 1, 1, 1, 1, 0, 1, 0, 1
2.917829500000000, 0, 1, 1, 1, 0, 1, 0, 1
2.917829583333333, 1, 1, 1, 1, 0, 1, 0, 1
2.917829666666667, 0, 1, 1, 1, 0, 1, 0, 1
2.917829750000000, 1, 1, 1, 1, 0, 1, 0, 1
2.917829833333334, 0, 1, 1, 1, 0, 1, 0, 1
2.917829916666667, 1, 1, 1, 1, 0, 1, 0, 1
2.917830000000000, 0, 1, 1, 1, 0, 1, 0, 1
2.917830041666667, 1, 1, 1, 1, 0, 1, 0, 1
2.917830125000000, 0, 1, 1, 1, 0, 1, 0, 1
2.917830208333334, 1, 1, 1, 1, 0, 1, 0, 1
2.917830291666667, 0, 1, 1, 1, 1, 1, 0, 1
2.917830375000000, 1, 1, 1, 1, 1, 1, 0, 1
2.917830458333333, 0, 1, 1, 1, 1, 1, 0, 1
2.917830541666667, 1, 1, 1, 1, 1, 1, 0, 1
2.917830625000000, 0, 1, 1, 1, 1, 1, 0, 1
2.917830708333334, 1, 1, 1, 1, 1, 1, 0, 1
2.917830791666667, 0, 1, 1, 1, 1, 1, 0, 1
2.917830875000000, 1, 1, 1, 1, 1, 1, 0, 1
2.917830958333334, 0, 1, 1, 1, 0, 1, 0, 1
2.917832791666667, 0, 1, 1, 1, 1, 1, 1, 1
2.917833416666667, 0, 1, 1, 1, 0, 1, 0, 1
2.917834000000000, 0, 1, 1, 1, 1, 1, 0, 1
2.917834875000000, 0, 1, 1, 1, 0, 1, 0, 1
2.917836375000000, 1, 1, 1, 1, 0, 1, 0, 1
2.917836458333333, 0, 1, 1, 1, 0, 1, 0, 1
2.917836541666667, 1, 1, 1, 1, 0, 1, 0, 1
2.917836625000000, 0, 1, 1, 1, 0, 1, 0, 1
2.917836708333334, 1, 1, 1, 1, 0, 1, 0, 1
2.917836791666667, 0, 1, 1, 1, 0, 1, 0, 1
2.917836875000000, 1, 1, 1, 1, 0, 1, 0, 1
2.917836958333333, 0, 1, 1, 1, 0, 1, 0, 1
2.917837041666667, 1, 1, 1, 1, 0, 1, 0, 1
2.917837125000000, 0, 1, 1, 1, 0, 1, 0, 1
2.917837208333334, 1, 1, 1, 1, 0, 1, 0, 1
2.917837291666667, 0, 1, 1, 1, 0, 1, 0, 1
2.917837333333333, 1, 1, 1, 1, 0, 1, 0, 1
2.917837416666667, 0, 1, 1, 1, 0, 1, 0, 1
2.917837500000000, 1, 1, 1, 1, 0, 1, 0, 1
2.917837583333334, 0, 1, 1, 1, 0, 1, 0, 1
2.917837666666667, 1, 1, 1, 1, 0, 1, 0, 1
2.917837750000000, 0, 1, 1, 1, 1, 1, 0, 1
2.917837833333333, 1, 1, 1, 1, 1, 1, 0, 1
2.917837916666667, 0, 1, 1, 1, 0, 1, 0, 1
2.917838000000000, 1, 1, 1, 1, 0, 1, 0, 1
2.917838083333334, 0, 1, 1, 1, 0, 1, 0, 1
2.917838166666667, 1, 1, 1, 1, 0, 1, 0, 1
2.917838250000000, 0, 1, 1, 1, 0, 1, 0, 1
2.917838291666667, 1, 1, 1, 1, 0, 1, 0, 1
2.917838375000000, 0, 1, 1, 1, 1, 1, 0, 1
2.917838458333334, 1, 1, 1, 1, 1, 1, 0, 1
2.917838541666667, 0, 1, 1, 1, 1, 1, 0, 1
2.917838625000000, 1, 1, 1, 1, 1, 1, 0, 1
2.917838708333333, 0, 1, 1, 1, 0, 1, 0, 1
2.917838791666667, 1, 1, 1, 1, 0, 1, 0, 1
2.917838875000000, 0, 1, 1, 1, 0, 1, 0, 1
2.917840916666667, 0, 1, 1, 1, 1, 1, 1, 1
2.917841541666667, 0, 1, 1, 1, 0, 1, 0, 1
2.917842125000000, 0, 1, 1, 1, 1, 1, 0, 1
2.917843041666667, 0, 1, 1, 1, 0, 1, 0, 1
2.917844541666667, 1, 1, 1, 1, 0, 1, 0, 1
2.917844625000000, 0, 1, 1, 1, 0, 1, 0, 1
2.917844708333333, 1, 1, 1, 1, 0, 1, 0, 1
2.917844791666667, 0, 1, 1, 1, 0, 1, 0, 1
2.917844875000000, 1, 1, 1, 1, 0, 1, 0, 1
2.917844958333334, 0, 1, 1, 1, 0, 1, 0, 1
2.917845041666667, 1, 1, 1, 1, 0, 1, 0, 1
2.917845125000000, 0, 1, 1, 1, 0, 1, 0, 1
2.917845208333333, 1, 1, 1, 1, 0, 1, 0, 1
2.917845291666667, 0, 1, 1, 1, 0, 1, 0, 1
2.917845333333334, 1, 1, 1, 1, 0, 1, 0, 1
2.917845416666667, 0, 1, 1, 1, 0, 1, 0, 1
2.917845500000000, 1, 1, 1, 1, 0, 1, 0, 1
2.917845583333333, 0, 1, 1, 1, 0, 1, 0, 1
2.917845666666667, 1, 1, 1, 1, 0, 1, 0, 1
2.917845750000000, 0, 1, 1, 1, 0, 1, 0, 1
2.917845833333334, 1, 1, 1, 1, 0, 1, 0, 1
2.917845916666667, 0, 1, 1, 1, 1, 1, 0, 1
2.917846000000000, 1, 1, 1, 1, 1, 1, 0, 1
2.917846083333334, 0, 1, 1, 1, 0, 1, 0, 1
2.917846166666667, 1, 1, 1, 1, 0, 1, 0, 1
2.917846250000000, 0, 1, 1, 1, 0, 1, 0, 1
2.917846333333333, 1, 1, 1, 1, 0, 1, 0, 1
2.917846375000000, 0, 1, 1, 1, 1, 1, 0, 1
2.917846458333333, 1, 1, 1, 1, 1, 1, 0, 1
2.917846541666667, 0, 1, 1, 1, 0, 1, 0, 1
2.917846625000000, 1, 1, 1, 1, 0, 1, 0, 1
2.917846708333334, 0, 1, 1, 1, 0, 1, 0, 1
2.917846791666667, 1, 1, 1, 1, 0, 1, 0, 1
2.917846875000000, 0, 1, 1, 1, 1, 1, 0, 1
2.917846958333334, 1, 1, 1, 1, 1, 1, 0, 1
2.917847041666667, 0, 1, 1, 1, 0, 1, 0, 1
2.917848916666667, 0, 1, 1, 1, 1, 1, 1, 1
2.917849583333334, 0, 1, 1, 1, 0, 1, 0, 1
2.917850083333334, 0, 1, 1, 1, 1, 1, 0, 1
2.917850958333334, 1, 1, 1, 1, 1, 1, 0, 1
2.917851000000000, 0, 1, 1, 1, 0, 1, 0, 1
2.917852541666667, 1, 1, 1, 1, 0, 1, 0, 1
2.917852625000000, 0, 1, 1, 1, 0, 1, 0, 1
2.917852708333334, 1, 1, 1, 1, 0, 1, 0, 1
2.917852791666667, 0, 1, 1, 1, 0, 1, 0, 1
2.917852833333333, 1, 1, 1, 1, 0, 1, 0, 1
2.917852916666667, 0, 1, 1, 1, 0, 1, 0, 1
2.917853000000000, 1, 1, 1, 1, 0, 1, 0, 1
2.917853083333334, 0, 1, 1, 1, 0, 1, 0, 1
2.917853166666667, 1, 1, 1, 1, 0, 1, 0, 1
2.917853250000000, 0, 1, 1, 1, 0, 1, 0, 1
2.917853333333333, 1, 1, 1, 1, 0, 1, 0, 1
2.917853416666667, 0, 1, 1, 1, 0, 1, 0, 1
2.917853500000000, 1, 1, 1, 1, 0, 1, 0, 1
2.917853583333334, 0, 1, 1, 1, 0, 1, 0, 1
2.917853666666667, 1, 1, 1, 1, 0, 1, 0, 1
2.917853750000000, 0, 1, 1, 1, 0, 1, 0, 1
2.917853833333333, 1, 1, 1, 1, 0, 1, 0, 1
2.917853875000000, 0, 1, 1, 1, 0, 1, 0, 1
2.917853958333334, 1, 1, 1, 1, 0, 1, 0, 1
2.917854041666667, 0, 1, 1, 1, 1, 1, 0, 1
2.917854125000000, 1, 1, 1, 1, 1, 1, 0, 1
2.917854208333333, 0, 1, 1, 1, 1, 1, 0, 1
2.917854291666667, 1, 1, 1, 1, 1, 1, 0, 1
2.917854375000000, 0, 1, 1, 1, 0, 1, 0, 1
2.917854458333334, 1, 1, 1, 1, 0, 1, 0, 1
2.917854541666667, 0, 1, 1, 1, 0, 1, 0, 1
2.917854625000000, 1, 1, 1, 1, 0, 1, 0, 1
2.917854708333333, 0, 1, 1, 1, 0, 1, 0, 1
2.917854791666667, 1, 1, 1, 1, 0, 1, 0, 1
2.917854833333334, 0, 1, 1, 1, 1, 1, 0, 1
2.917854916666667, 1, 1, 1, 1, 1, 1, 0, 1
2.917855000000000, 0, 1, 1, 1, 0, 1, 0, 1
2.917856833333333, 0, 1, 1, 1, 0, 1, 1, 1
2.917856875000000, 0, 1, 1, 1, 1, 1, 1, 1
2.917857541666667, 0, 1, 1, 1, 0, 1, 0, 1
2.917858083333333, 0, 1, 1, 1, 1, 1, 0, 1
2.917858958333333, 1, 1, 1, 1, 1, 1, 0, 1
2.917859000000000, 0, 1, 1, 1, 0, 1, 0, 1
2.917860541666667, 1, 1, 1, 1, 0, 1, 0, 1
2.917860625000000, 0, 1, 1, 1, 0, 1, 0, 1
2.917860666666667, 1, 1, 1, 1, 0, 1, 0, 1
2.917860750000000, 0, 1, 1, 1, 0, 1, 0, 1
2.917860833333334, 1, 1, 1, 1, 0, 1, 0, 1
2.917860916666667, 0, 1, 1, 1, 0, 1, 0, 1
2.917861000000000, 1, 1, 1, 1, 0, 1, 0, 1
2.917861083333333, 0, 1, 1, 1, 0, 1, 0, 1
2.917861166666667, 1, 1, 1, 1, 0, 1, 0, 1
2.917861250000000, 0, 1, 1, 1, 0, 1, 0, 1
2.917861333333334, 1, 1, 1, 1, 0, 1, 0, 1
2.917861416666667, 0, 1, 1, 1, 0, 1, 0, 1
2.917861500000000, 1, 1, 1, 1, 0, 1, 0, 1
2.917861583333333, 0, 1, 1, 1, 0, 1, 0, 1
2.917861625000000, 1, 1, 1, 1, 0, 1, 0, 1
2.917861708333334, 0, 1, 1, 1, 0, 1, 0, 1
2.917861791666667, 1, 1, 1, 1, 0, 1, 0, 1
2.917861875000000, 0, 1, 1, 1, 0, 1, 0, 1
2.917861958333333, 1, 1, 1, 1, 0, 1, 0, 1
2.917862041666667, 0, 1, 1, 1, 0, 1, 0, 1
2.917862125000000, 1, 1, 1, 1, 0, 1, 0, 1
2.917862208333334, 0, 1, 1, 1, 0, 1, 0, 1
2.917862291666667, 1, 1, 1, 1, 0, 1, 0, 1
2.917862375000000, 0, 1, 1, 1, 0, 1, 0, 1
2.917862458333333, 1, 1, 1, 1, 0, 1, 0, 1
2.917862541666667, 0, 1, 1, 1, 1, 1, 0, 1
2.917862583333334, 1, 1, 1, 1, 1, 1, 0, 1
2.917862666666667, 0, 1, 1, 1, 0, 1, 0, 1
2.917862750000000, 1, 1, 1, 1, 0, 1, 0, 1
2.917862833333333, 0, 1, 1, 1, 1, 1, 0, 1
2.917862916666667, 1, 1, 1, 1, 1, 1, 0, 1
2.917863000000000, 0, 1, 1, 1, 0, 1, 0, 1
2.917864958333333, 0, 1, 1, 1, 1, 1, 1, 1
2.917865625000000, 0, 1, 1, 1, 0, 1, 0, 1
2.917866208333333, 0, 1, 1, 1, 1, 1, 0, 1
2.917867083333333, 1, 1, 1, 1, 1, 1, 0, 1
2.917867166666667, 0, 1, 1, 1, 0, 1, 0, 1
2.917868708333334, 1, 1, 1, 1, 0, 1, 0, 1
2.917868791666667, 0, 1, 1, 1, 0, 1, 0, 1
2.917868875000000, 1, 1, 1, 1, 0, 1, 0, 1
2.917868958333333, 0, 1, 1, 1, 0, 1, 0, 1
2.917869041666667, 1, 1, 1, 1, 0, 1, 0, 1
2.917869125000000, 0, 1, 1, 1, 0, 1, 0, 1
2.917869208333333, 1, 1, 1, 1, 0, 1, 0, 1
2.917869291666667, 0, 1, 1, 1, 0, 1, 0, 1
2.917869333333333, 1, 1, 1, 1, 0, 1, 0, 1
2.917869416666667, 0, 1, 1, 1, 0, 1, 0, 1
2.917869500000000, 1, 1, 1, 1, 0, 1, 0, 1
2.917869583333334, 0, 1, 1, 1, 0, 1, 0, 1
2.917869666666667, 1, 1, 1, 1, 0, 1, 0, 1
2.917869750000000, 0, 1, 1, 1, 0, 1, 0, 1
2.917869833333333, 1, 1, 1, 1, 0, 1, 0, 1
2.917869916666667, 0, 1, 1, 1, 0, 1, 0, 1
2.917870000000000, 1, 1, 1, 1, 0, 1, 0, 1
2.917870083333333, 0, 1, 1, 1, 0, 1, 0, 1
2.917870166666667, 1, 1, 1, 1, 0, 1, 0, 1
2.917870250000000, 0, 1, 1, 1, 0, 1, 0, 1
2.917870333333334, 1, 1, 1, 1, 0, 1, 0, 1
2.917870375000000, 0, 1, 1, 1, 0, 1, 0, 1
2.917870458333334, 1, 1, 1, 1, 0, 1, 0, 1
2.917870541666667, 0, 1, 1, 1, 1, 1, 0, 1
2.917870625000000, 1, 1, 1, 1, 1, 1, 0, 1
2.917870708333334, 0, 1, 1, 1, 0, 1, 0, 1
2.917870791666667, 1, 1, 1, 1, 0, 1, 0, 1
2.917870875000000, 0, 1, 1, 1, 0, 1, 0, 1
2.917870958333333, 1, 1, 1, 1, 0, 1, 0, 1
2.917871041666667, 0, 1, 1, 1, 1, 1, 0, 1
2.917871125000000, 1, 1, 1, 1, 1, 1, 0, 1
2.917871208333334, 0, 1, 1, 1, 0, 1, 0, 1
2.917873041666667, 0, 1, 1, 1, 0, 1, 1, 1
2.917873083333334, 0, 1, 1, 1, 1, 1, 1, 1
2.917873708333333, 0, 1, 1, 1, 0, 1, 0, 1
2.917874333333334, 0, 1, 1, 1, 1, 1, 0, 1
2.917875166666667, 0, 1, 1, 1, 0, 1, 0, 1
2.917876708333333, 1, 1, 1, 1, 0, 1, 0, 1
2.917876791666667, 0, 1, 1, 1, 0, 1, 0, 1
2.917876875000000, 1, 1, 1, 1, 0, 1, 0, 1
2.917876916666667, 0, 1, 1, 1, 0, 1, 0, 1
2.917877000000000, 1, 1, 1, 1, 0, 1, 0, 1
2.917877083333333, 0, 1, 1, 1, 0, 1, 0, 1
2.917877166666667, 1, 1, 1, 1, 0, 1, 0, 1
2.917877250000000, 0, 1, 1, 1, 0, 1, 0, 1
2.917877333333334, 1, 1, 1, 1, 0, 1, 0, 1
2.917877416666667, 0, 1, 1, 1, 0, 1, 0, 1
2.917877500000000, 1, 1, 1, 1, 0, 1, 0, 1
2.917877583333333, 0, 1, 1, 1, 0, 1, 0, 1
2.917877666666667, 1, 1, 1, 1, 0, 1, 0, 1
2.917877750000000, 0, 1, 1, 1, 0, 1, 0, 1
2.917877833333334, 1, 1, 1, 1, 0, 1, 0, 1
2.917877916666667, 0, 1, 1, 1, 0, 1, 0, 1
2.917877958333333, 1, 1, 1, 1, 0, 1, 0, 1
2.917878041666667, 0, 1, 1, 1, 0, 1, 0, 1
2.917878125000000, 1, 1, 1, 1, 0, 1, 0, 1
2.917878208333334, 0, 1, 1, 1, 0, 1, 0, 1
2.917878291666667, 1, 1, 1, 1, 0, 1, 0, 1
2.917878375000000, 0, 1, 1, 1, 0, 1, 0, 1
2.917878458333333, 1, 1, 1, 1, 0, 1, 0, 1
2.917878541666667, 0, 1, 1, 1, 0, 1, 0, 1
2.917878625000000, 1, 1, 1, 1, 0, 1, 0, 1
2.917878708333333, 0, 1, 1, 1, 0, 1, 0, 1
2.917878791666667, 1, 1, 1, 1, 0, 1, 0, 1
2.917878833333333, 1, 1, 1, 1, 1, 1, 0, 1
2.917878875000000, 0, 1, 1, 1, 1, 1, 0, 1
2.917878916666667, 1, 1, 1, 1, 1, 1, 0, 1
2.917879000000000, 0, 1, 1, 1, 1, 1, 0, 1
2.917879083333334, 1, 1, 1, 1, 1, 1, 0, 1
2.917879166666667, 0, 1, 1, 1, 0, 1, 0, 1
2.917881000000000, 0, 1, 1, 1, 1, 1, 1, 1
2.917881625000000, 0, 1, 1, 1, 0, 1, 0, 1
2.917882250000000, 0, 1, 1, 1, 1, 1, 0, 1
2.917883083333333, 0, 1, 1, 1, 0, 1, 0, 1
2.917884625000000, 1, 1, 1, 1, 0, 1, 0, 1
2.917884708333334, 0, 1, 1, 1, 0, 1, 0, 1
2.917884791666667, 1, 1, 1, 1, 0, 1, 0, 1
2.917884875000000, 0, 1, 1, 1, 0, 1, 0, 1
2.917884916666667, 1, 1, 1, 1, 0, 1, 0, 1
2.917885000000000, 0, 1, 1, 1, 0, 1, 0, 1
2.917885083333334, 1, 1, 1, 1, 0, 1, 0, 1
2.917885166666667, 0, 1, 1, 1, 0, 1, 0, 1
2.917885250000000, 1, 1, 1, 1, 0, 1, 0, 1
2.917885333333333, 0, 1, 1, 1, 0, 1, 0, 1
2.917885416666667, 1, 1, 1, 1, 0, 1, 0, 1
2.917885500000000, 0, 1, 1, 1, 0, 1, 0, 1
2.917885583333334, 1, 1, 1, 1, 0, 1, 0, 1
2.917885666666667, 0, 1, 1, 1, 0, 1, 0, 1
2.917885750000000, 1, 1, 1, 1, 0, 1, 0, 1
2.917885833333334, 0, 1, 1, 1, 0, 1, 0, 1
2.917885875000000, 1, 1, 1, 1, 0, 1, 0, 1
2.917885958333334, 0, 1, 1, 1, 0, 1, 0, 1
2.917886041666667, 1, 1, 1, 1, 0, 1, 0, 1
2.917886125000000, 0, 1, 1, 1, 0, 1, 0, 1
2.917886208333333, 1, 1, 1, 1, 0, 1, 0, 1
2.917886291666667, 0, 1, 1, 1, 1, 1, 0, 1
2.917886375000000, 1, 1, 1, 1, 1, 1, 0, 1
2.917886458333334, 0, 1, 1, 1, 1, 1, 0, 1
2.917886541666667, 1, 1, 1, 1, 1, 1, 0, 1
2.917886625000000, 0, 1, 1, 1, 1, 1, 0, 1
2.917886708333334, 1, 1, 1, 1, 1, 1, 0, 1
2.917886791666667, 0, 1, 1, 1, 0, 1, 0, 1
2.917886875000000, 1, 1, 1, 1, 0, 1, 0, 1
2.917886916666667, 0, 1, 1, 1, 0, 1, 0, 1
2.917887000000000, 1, 1, 1, 1, 0, 1, 0, 1
2.917887083333333, 0, 1, 1, 1, 0, 1, 0, 1
2.917888916666667, 0, 1, 1, 1, 0, 1, 1, 1
2.917888958333334, 0, 1, 1, 1, 1, 1, 1, 1
2.917889583333333, 0, 1, 1, 1, 0, 1, 0, 1
2.917890166666667, 0, 1, 1, 1, 1, 1, 0, 1
2.917891000000000, 1, 1, 1, 1, 1, 1, 0, 1
2.917891041666667, 0, 1, 1, 1, 0, 1, 0, 1
2.917892583333333, 1, 1, 1, 1, 0, 1, 0, 1
2.917892666666667, 0, 1, 1, 1, 0, 1, 0, 1
2.917892708333333, 1, 1, 1, 1, 0, 1, 0, 1
2.917892791666667, 0, 1, 1, 1, 0, 1, 0, 1
2.917892875000000, 1, 1, 1, 1, 0, 1, 0, 1
2.917892958333334, 0, 1, 1, 1, 0, 1, 0, 1
2.917893041666667, 1, 1, 1, 1, 0, 1, 0, 1
2.917893125000000, 0, 1, 1, 1, 0, 1, 0, 1
2.917893208333334, 1, 1, 1, 1, 0, 1, 0, 1
2.917893291666667, 0, 1, 1, 1, 0, 1, 0, 1
2.917893375000000, 1, 1, 1, 1, 0, 1, 0, 1
2.917893458333333, 0, 1, 1, 1, 0, 1, 0, 1
2.917893541666667, 1, 1, 1, 1, 0, 1, 0, 1
2.917893625000000, 0, 1, 1, 1, 0, 1, 0, 1
2.917893666666667, 1, 1, 1, 1, 0, 1, 0, 1
2.917893750000000, 0, 1, 1, 1, 0, 1, 0, 1
2.917893833333333, 1, 1, 1, 1, 0, 1, 0, 1
2.917893916666667, 0, 1, 1, 1, 0, 1, 0, 1
2.917894000000000, 1, 1, 1, 1, 0, 1, 0, 1
2.917894083333334, 0, 1, 1, 1, 0, 1, 0, 1
2.917894166666667, 1, 1, 1, 1, 0, 1, 0, 1
2.917894250000000, 0, 1, 1, 1, 1, 1, 0, 1
2.917894333333333, 1, 1, 1, 1, 1, 1, 0, 1
2.917894416666667, 0, 1, 1, 1, 1, 1, 0, 1
2.917894500000000, 1, 1, 1, 1, 1, 1, 0, 1
2.917894583333334, 0, 1, 1, 1, 0, 1, 0, 1
2.917894625000000, 1, 1, 1, 1, 0, 1, 0, 1
2.917894708333333, 0, 1, 1, 1, 1, 1, 0, 1
2.917894791666667, 1, 1, 1, 1, 1, 1, 0, 1
2.917894875000000, 0, 1, 1, 1, 0, 1, 0, 1
2.917894958333334, 1, 1, 1, 1, 0, 1, 0, 1
2.917895041666667, 0, 1, 1, 1, 0, 1, 0, 1
2.917896875000000, 0, 1, 1, 1, 1, 1, 1, 1
2.917897541666667, 0, 1, 1, 1, 0, 1, 0, 1
2.917898125000000, 0, 1, 1, 1, 1, 1, 0, 1
2.917899000000000, 0, 1, 1, 1, 0, 1, 0, 1
2.917900500000000, 1, 1, 1, 1, 0, 1, 0, 1
2.917900583333334, 0, 1, 1, 1, 0, 1, 0, 1
2.917900666666667, 1, 1, 1, 1, 0, 1, 0, 1
2.917900750000000, 0, 1, 1, 1, 0, 1, 0, 1
2.917900833333333, 1, 1, 1, 1, 0, 1, 0, 1
2.917900916666667, 0, 1, 1, 1, 0, 1, 0, 1
2.917901000000000, 1, 1, 1, 1, 0, 1, 0, 1
2.917901083333334, 0, 1, 1, 1, 0, 1, 0, 1
2.917901166666667, 1, 1, 1, 1, 0, 1, 0, 1
2.917901250000000, 0, 1, 1, 1, 0, 1, 0, 1
2.917901333333333, 1, 1, 1, 1, 0, 1, 0, 1
2.917901416666667, 0, 1, 1, 1, 0, 1, 0, 1
2.917901458333334, 1, 1, 1, 1, 0, 1, 0, 1
2.917901541666667, 0, 1, 1, 1, 0, 1, 0, 1
2.917901625000000, 1, 1, 1, 1, 0, 1, 0, 1
2.917901708333333, 0, 1, 1, 1, 0, 1, 0, 1
2.917901791666667, 1, 1, 1, 1, 0, 1, 0, 1
2.917901875000000, 0, 1, 1, 1, 0, 1, 0, 1
2.917901958333334, 1, 1, 1, 1, 0, 1, 0, 1
2.917902041666667, 0, 1, 1, 1, 0, 1, 0, 1
2.917902125000000, 1, 1, 1, 1, 0, 1, 0, 1
2.917902208333333, 0, 1, 1, 1, 0, 1, 0, 1
2.917902291666667, 1, 1, 1, 1, 0, 1, 0, 1
2.917902375000000, 0, 1, 1, 1, 0, 1, 0, 1
2.917902416666667, 1, 1, 1, 1, 0, 1, 0, 1
2.917902500000000, 0, 1, 1, 1, 0, 1, 0, 1
2.917902583333333, 1, 1, 1, 1, 0, 1, 0, 1
2.917902666666667, 0, 1, 1, 1, 0, 1, 0, 1
2.917902750000000, 1, 1, 1, 1, 0, 1, 0, 1
2.917902833333334, 0, 1, 1, 1, 0, 1, 0, 1
2.917902916666667, 1, 1, 1, 1, 0, 1, 0, 1
2.917903000000000, 0, 1, 1, 1, 0, 1, 0, 1
2.917905041666667, 0, 1, 1, 1, 1, 1, 1, 1
2.917905833333334, 0, 1, 1, 1, 0, 1, 0, 1
2.917906375000000, 0, 1, 1, 1, 1, 1, 0, 1
2.917907291666667, 1, 1, 1, 1, 1, 1, 0, 1
2.917907541666667, 0, 1, 1, 1, 0, 1, 0, 1
2.917908250000000, 0, 1, 1, 1, 1, 1, 0, 1
2.917908916666667, 1, 1, 1, 1, 1, 1, 0, 1
2.917909000000000, 0, 1, 1, 1, 1, 1, 0, 1
2.917909083333333, 1, 1, 1, 1, 1, 1, 0, 1
2.917909166666667, 0, 1, 1, 1, 1, 1, 0, 1
2.917909250000000, 1, 1, 1, 1, 1, 1, 0, 1
2.917909333333334, 0, 1, 1, 1, 1, 1, 0, 1
2.917909416666667, 1, 1, 1, 1, 1, 1, 0, 1
2.917909458333333, 0, 1, 1, 1, 0, 1, 0, 1
2.917909541666667, 1, 1, 1, 1, 0, 1, 0, 1
2.917909625000000, 0, 1, 1, 1, 0, 1, 0, 1
2.917909708333334, 1, 1, 1, 1, 0, 1, 0, 1
2.917909791666667, 0, 1, 1, 1, 0, 1, 0, 1
2.917909875000000, 1, 1, 1, 1, 0, 1, 0, 1
2.917909958333333, 0, 1, 1, 1, 1, 1, 0, 1
2.917910041666667, 1, 1, 1, 1, 1, 1, 0, 1
2.917910125000000, 0, 1, 1, 1, 0, 1, 0, 1
2.917912208333334, 0, 1, 1, 1, 1, 1, 1, 1
2.917912916666667, 0, 1, 1, 1, 0, 1, 0, 1
2.917913375000000, 0, 1, 1, 1, 1, 1, 0, 1
2.917914333333333, 1, 1, 1, 1, 1, 1, 0, 1
2.917914416666667, 0, 1, 1, 1, 1, 1, 0, 1
2.917915208333334, 0, 1, 1, 1, 0, 1, 0, 1
2.917915958333333, 1, 1, 1, 1, 0, 1, 0, 1
2.917916041666667, 0, 1, 1, 1, 0, 1, 0, 1
2.917916125000000, 1, 1, 1, 1, 0, 1, 0, 1
2.917916208333334, 0, 1, 1, 1, 0, 1, 0, 1
2.917916250000000, 1, 1, 1, 1, 0, 1, 0, 1
2.917916333333333, 0, 1, 1, 1, 0, 1, 0, 1
2.917916416666667, 1, 1, 1, 1, 0, 1, 0, 1
2.917916500000000, 0, 1, 1, 1, 0, 1, 0, 1
2.917916583333334, 1, 1, 1, 1, 0, 1, 0, 1
2.917916666666667, 0, 1, 1, 1, 0, 1, 0, 1
2.917916750000000, 1, 1, 1, 1, 0, 1, 0, 1
2.917916833333333, 0, 1, 1, 1, 0, 1, 0, 1
2.917916916666667, 1, 1, 1, 1, 0, 1, 0, 1
2.917917000000000, 0, 1, 1, 1, 0, 1, 0, 1
2.917917083333334, 1, 1, 1, 1, 0, 1, 0, 1
2.917917166666667, 0, 1, 1, 1, 0, 1, 0, 1
2.917917208333333, 1, 1, 1, 1, 0, 1, 0, 1
2.917917291666667, 0, 1, 1, 1, 0, 1, 0, 1
2.917917375000000, 1, 1, 1, 1, 0, 1, 0, 1
2.917917458333334, 0, 1, 1, 1, 1, 1, 0, 1
2.917917541666667, 1, 1, 1, 1, 1, 1, 0, 1
2.917917625000000, 0, 1, 1, 1, 1, 1, 0, 1
2.917917708333333, 1, 1, 1, 1, 1, 1, 0, 1
2.917917791666667, 0, 1, 1, 1, 0, 1, 0, 1
2.917917875000000, 1, 1, 1, 1, 0, 1, 0, 1
2.917917958333334, 0, 1, 1, 1, 1, 1, 0, 1
2.917918041666667, 1, 1, 1, 1, 1, 1, 0, 1
2.917918125000000, 0, 1, 1, 1, 1, 1, 0, 1
2.917918166666667, 1, 1, 1, 1, 1, 1, 0, 1
2.917918250000000, 0, 1, 1, 1, 0, 1, 0, 1
2.917918333333334, 1, 1, 1, 1, 0, 1, 0, 1
2.917918416666667, 0, 1, 1, 1, 0, 1, 0, 1
2.917920250000000, 0, 1, 1, 1, 0, 1, 1, 1
2.917920291666667, 0, 1, 1, 1, 1, 1, 1, 1
2.917920958333334, 0, 1, 1, 1, 1, 1, 0, 1
2.917921000000000, 0, 1, 1, 1, 0, 1, 0, 1
2.917921500000000, 0, 1, 1, 1, 1, 1, 0, 1
2.917922416666667, 0, 1, 1, 1, 0, 1, 0, 1
2.917923958333334, 1, 1, 1, 1, 0, 1, 0, 1
2.917924041666667, 0, 1, 1, 1, 0, 1, 0, 1
2.917924125000000, 1, 1, 1, 1, 0, 1, 0, 1
2.917924208333333, 0, 1, 1, 1, 0, 1, 0, 1
2.917924250000000, 1, 1, 1, 1, 0, 1, 0, 1
2.917924333333334, 0, 1, 1, 1, 0, 1, 0, 1
2.917924416666667, 1, 1, 1, 1, 0, 1, 0, 1
2.917924500000000, 0, 1, 1, 1, 0, 1, 0, 1
2.917924583333333, 1, 1, 1, 1, 0, 1, 0, 1
2.917924666666667, 0, 1, 1, 1, 0, 1, 0, 1
2.917924750000000, 1, 1, 1, 1, 0, 1, 0, 1
2.917924833333334, 0, 1, 1, 1, 0, 1, 0, 1
2.917924916666667, 1, 1, 1, 1, 0, 1, 0, 1
2.917925000000000, 0, 1, 1, 1, 0, 1, 0, 1
2.917925083333333, 1, 1, 1, 1, 0, 1, 0, 1
2.917925166666667, 0, 1, 1, 1, 0, 1, 0, 1
2.917925208333334, 1, 1, 1, 1, 0, 1, 0, 1
2.917925291666667, 0, 1, 1, 1, 0, 1, 0, 1
2.917925375000000, 1, 1, 1, 1, 0, 1, 0, 1
2.917925458333333, 0, 1, 1, 1, 0, 1, 0, 1
2.917925541666667, 1, 1, 1, 1, 0, 1, 0, 1
2.917925625000000, 0, 1, 1, 1, 0, 1, 0, 1
2.917925708333334, 1, 1, 1, 1, 0, 1, 0, 1
2.917925791666667, 0, 1, 1, 1, 0, 1, 0, 1
2.917925875000000, 1, 1, 1, 1, 0, 1, 0, 1
2.917925958333333, 0, 1, 1, 1, 1, 1, 0, 1
2.917926041666667, 1, 1, 1, 1, 1, 1, 0, 1
2.917926125000000, 0, 1, 1, 1, 0, 1, 0, 1
2.917926166666667, 1, 1, 1, 1, 0, 1, 0, 1
2.917926250000000, 0, 1, 1, 1, 0, 1, 0, 1
2.917926333333333, 1, 1, 1, 1, 0, 1, 0, 1
2.917926416666667, 0, 1, 1, 1, 0, 1, 0, 1
2.917928250000000, 0, 1, 1, 1, 1, 1, 1, 1
2.917928875000000, 0, 1, 1, 1, 0, 1, 0, 1
2.917929541666667, 0, 1, 1, 1, 1, 1, 0, 1
2.917930333333334, 0, 1, 1, 1, 0, 1, 0, 1
2.917931875000000, 1, 1, 1, 1, 0, 1, 0, 1
2.917931958333333, 0, 1, 1, 1, 0, 1, 0, 1
2.917932000000000, 1, 1, 1, 1, 0, 1, 0, 1
2.917932083333334, 0, 1, 1, 1, 0, 1, 0, 1
2.917932166666667, 1, 1, 1, 1, 0, 1, 0, 1
2.917932250000000, 0, 1, 1, 1, 0, 1, 0, 1
2.917932333333333, 1, 1, 1, 1, 0, 1, 0, 1
2.917932416666667, 0, 1, 1, 1, 0, 1, 0, 1
2.917932500000000, 1, 1, 1, 1, 0, 1, 0, 1
2.917932583333334, 0, 1, 1, 1, 0, 1, 0, 1
2.917932666666667, 1, 1, 1, 1, 0, 1, 0, 1
2.917932750000000, 0, 1, 1, 1, 0, 1, 0, 1
2.917932833333333, 1, 1, 1, 1, 0, 1, 0, 1
2.917932916666667, 0, 1, 1, 1, 0, 1, 0, 1
2.917932958333334, 1, 1, 1, 1, 0, 1, 0, 1
2.917933041666667, 0, 1, 1, 1, 0, 1, 0, 1
2.917933125000000, 1, 1, 1, 1, 0, 1, 0, 1
2.917933208333333, 0, 1, 1, 1, 0, 1, 0, 1
2.917933291666667, 1, 1, 1, 1, 0, 1, 0, 1
2.917933375000000, 0, 1, 1, 1, 0, 1, 0, 1
2.917933458333334, 1, 1, 1, 1, 0, 1, 0, 1
2.917933541666667, 0, 1, 1, 1, 0, 1, 0, 1
2.917933625000000, 1, 1, 1, 1, 0, 1, 0, 1
2.917933708333333, 0, 1, 1, 1, 0, 1, 0, 1
2.917933791666667, 1, 1, 1, 1, 0, 1, 0, 1
2.917933875000000, 0, 1, 1, 1, 0, 1, 0, 1
2.917933916666667, 1, 1, 1, 1, 0, 1, 0, 1
2.917934000000000, 0, 1, 1, 1, 0, 1, 0, 1
2.917934083333333, 1, 1, 1, 1, 0, 1, 0, 1
2.917934166666667, 0, 1, 1, 1, 0, 1, 0, 1
2.917934250000000, 1, 1, 1, 1, 0, 1, 0, 1
2.917934333333334, 0, 1, 1, 1, 0, 1, 0, 1
2.917936375000000, 0, 1, 1, 1, 1, 1, 1, 1
2.917937041666667, 0, 1, 1, 1, 0, 1, 0, 1
2.917937666666667, 0, 1, 1, 1, 1, 1, 0, 1
2.917938500000000, 0, 1, 1, 1, 0, 1, 0, 1
2.917940041666667, 1, 1, 1, 1, 0, 1, 0, 1
2.917940125000000, 0, 1, 1, 1, 0, 1, 0, 1
2.917940208333333, 1, 1, 1, 1, 0, 1, 0, 1
2.917940291666667, 0, 1, 1, 1, 0, 1, 0, 1
2.917940375000000, 1, 1, 1, 1, 0, 1, 0, 1
2.917940458333334, 0, 1, 1, 1, 0, 1, 0, 1
2.917940541666667, 1, 1, 1, 1, 0, 1, 0, 1
2.917940625000000, 0, 1, 1, 1, 0, 1, 0, 1
2.917940708333334, 1, 1, 1, 1, 0, 1, 0, 1
2.917940750000000, 0, 1, 1, 1, 0, 1, 0, 1
2.917940833333334, 1, 1, 1, 1, 0, 1, 0, 1
2.917940916666667, 0, 1, 1, 1, 0, 1, 0, 1
2.917941000000000, 1, 1, 1, 1, 0, 1, 0, 1
2.917941083333333, 0, 1, 1, 1, 0, 1, 0, 1
2.917941166666667, 1, 1, 1, 1, 0, 1, 0, 1
2.917941250000000, 0, 1, 1, 1, 0, 1, 0, 1
2.917941333333334, 1, 1, 1, 1, 0, 1, 0, 1
2.917941416666667, 0, 1, 1, 1, 0, 1, 0, 1
2.917941500000000, 1, 1, 1, 1, 0, 1, 0, 1
2.917941583333334, 0, 1, 1, 1, 1, 1, 0, 1
2.917941666666667, 1, 1, 1, 1, 1, 1, 0, 1
2.917941750000000, 0, 1, 1, 1, 1, 1, 0, 1
2.917941791666667, 1, 1, 1, 1, 1, 1, 0, 1
2.917941875000000, 0, 1, 1, 1, 1, 1, 0, 1
2.917941958333333, 1, 1, 1, 1, 1, 1, 0, 1
2.917942041666667, 0, 1, 1, 1, 1, 1, 0, 1
2.917942125000000, 1, 1, 1, 1, 1, 1, 0, 1
2.917942208333334, 0, 1, 1, 1, 0, 1, 0, 1
2.917942291666667, 1, 1, 1, 1, 0, 1, 0, 1
2.917942375000000, 0, 1, 1, 1, 0, 1, 0, 1
2.917942458333334, 1, 1, 1, 1, 0, 1, 0, 1
2.917942541666667, 0, 1, 1, 1, 0, 1, 0, 1
2.917944416666667, 0, 1, 1, 1, 1, 1, 1, 1
2.917945083333334, 0, 1, 1, 1, 0, 1, 0, 1
2.917945583333334, 0, 1, 1, 1, 1, 1, 0, 1
2.917946500000000, 1, 1, 1, 1, 1, 1, 0, 1
2.917946708333333, 0, 1, 1, 1, 0, 1, 0, 1
2.917948250000000, 1, 1, 1, 1, 0, 1, 0, 1
2.917948333333333, 0, 1, 1, 1, 0, 1, 0, 1
2.917948416666667, 1, 1, 1, 1, 0, 1, 0, 1
2.917948500000000, 0, 1, 1, 1, 0, 1, 0, 1
2.917948541666667, 1, 1, 1, 1, 0, 1, 0, 1
2.917948625000000, 0, 1, 1, 1, 0, 1, 0, 1
2.917948708333333, 1, 1, 1, 1, 0, 1, 0, 1
2.917948791666667, 0, 1, 1, 1, 0, 1, 0, 1
2.917948875000000, 1, 1, 1, 1, 0, 1, 0, 1
2.917948958333334, 0, 1, 1, 1, 0, 1, 0, 1
2.917949041666667, 1, 1, 1, 1, 0, 1, 0, 1
2.917949125000000, 0, 1, 1, 1, 0, 1, 0, 1
2.917949208333333, 1, 1, 1, 1, 0, 1, 0, 1
2.917949291666667, 0, 1, 1, 1, 0, 1, 0, 1
2.917949375000000, 1, 1, 1, 1, 0, 1, 0, 1
2.917949458333334, 0, 1, 1, 1, 0, 1, 0, 1
2.917949500000000, 1, 1, 1, 1, 0, 1, 0, 1
2.917949583333333, 0, 1, 1, 1, 0, 1, 0, 1
2.917949666666667, 1, 1, 1, 1, 0, 1, 0, 1
2.917949750000000, 0, 1, 1, 1, 0, 1, 0, 1
2.917949833333334, 1, 1, 1, 1, 0, 1, 0, 1
2.917949916666667, 0, 1, 1, 1, 0, 1, 0, 1
2.917950000000000, 1, 1, 1, 1, 0, 1, 0, 1
2.917950083333333, 0, 1, 1, 1, 1, 1, 0, 1
2.917950166666667, 1, 1, 1, 1, 1, 1, 0, 1
2.917950250000000, 0, 1, 1, 1, 1, 1, 0, 1
2.917950333333334, 1, 1, 1, 1, 1, 1, 0, 1
2.917950416666667, 0, 1, 1, 1, 1, 1, 0, 1
2.917950458333333, 1, 1, 1, 1, 1, 1, 0, 1
2.917950541666667, 0, 1, 1, 1, 1, 1, 0, 1
2.917950625000000, 1, 1, 1, 1, 1, 1, 0, 1
2.917950708333334, 0, 1, 1, 1, 0, 1, 0, 1
2.917952708333333, 0, 1, 1, 1, 1, 1, 1, 1
2.917953416666667, 0, 1, 1, 1, 0, 1, 0, 1
2.917953875000000, 0, 1, 1, 1, 1, 1, 0, 1
2.917954791666667, 1, 1, 1, 1, 1, 1, 0, 1
2.917954875000000, 0, 1, 1, 1, 0, 1, 0, 1
2.917956375000000, 1, 1, 1, 1, 0, 1, 0, 1
2.917956458333334, 0, 1, 1, 1, 0, 1, 0, 1
2.917956541666667, 1, 1, 1, 1, 0, 1, 0, 1
2.917956625000000, 0, 1, 1, 1, 0, 1, 0, 1
2.917956708333334, 1, 1, 1, 1, 0, 1, 0, 1
2.917956791666667, 0, 1, 1, 1, 0, 1, 0, 1
2.917956875000000, 1, 1, 1, 1, 0, 1, 0, 1
2.917956958333333, 0, 1, 1, 1, 0, 1, 0, 1
2.917957041666667, 1, 1, 1, 1, 0, 1, 0, 1
2.917957125000000, 0, 1, 1, 1, 0, 1, 0, 1
2.917957208333334, 1, 1, 1, 1, 0, 1, 0, 1
2.917957250000000, 0, 1, 1, 1, 0, 1, 0, 1
2.917957333333333, 1, 1, 1, 1, 0, 1, 0, 1
2.917957416666667, 0, 1, 1, 1, 0, 1, 0, 1
2.917957500000000, 1, 1, 1, 1, 0, 1, 0, 1
2.917957583333334, 0, 1, 1, 1, 0, 1, 0, 1
2.917957666666667, 1, 1, 1, 1, 0, 1, 0, 1
2.917957750000000, 0, 1, 1, 1, 0, 1, 0, 1
2.917957833333333, 1, 1, 1, 1, 0, 1, 0, 1
2.917957916666667, 0, 1, 1, 1, 0, 1, 0, 1
2.917958000000000, 1, 1, 1, 1, 0, 1, 0, 1
2.917958083333334, 0, 1, 1, 1, 0, 1, 0, 1
2.917958166666667, 1, 1, 1, 1, 0, 1, 0, 1
2.917958208333333, 1, 1, 1, 1, 1, 1, 0, 1
2.917958250000000, 0, 1, 1, 1, 1, 1, 0, 1
2.917958291666667, 1, 1, 1, 1, 1, 1, 0, 1
2.917958375000000, 0, 1, 1, 1, 1, 1, 0, 1
2.917958458333334, 1, 1, 1, 1, 1, 1, 0, 1
2.917958541666667, 0, 1, 1, 1, 1, 1, 0, 1
2.917958625000000, 1, 1, 1, 1, 1, 1, 0, 1
2.917958708333333, 0, 1, 1, 1, 1, 1, 0, 1
2.917958791666667, 1, 1, 1, 1, 1, 1, 0, 1
2.917958875000000, 0, 1, 1, 1, 0, 1, 0, 1
2.917960708333334, 0, 1, 1, 1, 1, 1, 1, 1
2.917961333333333, 0, 1, 1, 1, 0, 1, 0, 1
2.917961916666667, 0, 1, 1, 1, 1, 1, 0, 1
2.917962833333334, 1, 1, 1, 1, 1, 1, 0, 1
2.917962875000000, 0, 1, 1, 1, 0, 1, 0, 1
2.917964416666667, 1, 1, 1, 1, 0, 1, 0, 1
2.917964500000000, 0, 1, 1, 1, 0, 1, 0, 1
2.917964583333334, 1, 1, 1, 1, 0, 1, 0, 1
2.917964666666667, 0, 1, 1, 1, 0, 1, 0, 1
2.917964750000000, 1, 1, 1, 1, 0, 1, 0, 1
2.917964833333333, 0, 1, 1, 1, 0, 1, 0, 1
2.917964916666667, 1, 1, 1, 1, 0, 1, 0, 1
2.917965000000000, 0, 1, 1, 1, 0, 1, 0, 1
2.917965041666667, 1, 1, 1, 1, 0, 1, 0, 1
2.917965125000000, 0, 1, 1, 1, 0, 1, 0, 1
2.917965208333333, 1, 1, 1, 1, 0, 1, 0, 1
2.917965291666667, 0, 1, 1, 1, 0, 1, 0, 1
2.917965375000000, 1, 1, 1, 1, 0, 1, 0, 1
2.917965458333334, 0, 1, 1, 1, 0, 1, 0, 1
2.917965541666667, 1, 1, 1, 1, 0, 1, 0, 1
2.917965625000000, 0, 1, 1, 1, 1, 1, 0, 1
2.917965708333333, 1, 1, 1, 1, 1, 1, 0, 1
2.917965791666667, 0, 1, 1, 1, 0, 1, 0, 1
2.917965875000000, 1, 1, 1, 1, 0, 1, 0, 1
2.917965958333334, 0, 1, 1, 1, 1, 1, 0, 1
2.917966000000000, 1, 1, 1, 1, 1, 1, 0, 1
2.917966083333333, 0, 1, 1, 1, 0, 1, 0, 1
2.917966166666667, 1, 1, 1, 1, 0, 1, 0, 1
2.917966250000000, 0, 1, 1, 1, 0, 1, 0, 1
2.917966333333334, 1, 1, 1, 1, 0, 1, 0, 1
2.917966416666667, 0, 1, 1, 1, 1, 1, 0, 1
2.917966500000000, 1, 1, 1, 1, 1, 1, 0, 1
2.917966583333333, 0, 1, 1, 1, 0, 1, 0, 1
2.917966666666667, 1, 1, 1, 1, 0, 1, 0, 1
2.917966750000000, 0, 1, 1, 1, 0, 1, 0, 1
2.917966833333334, 1, 1, 1, 1, 0, 1, 0, 1
2.917966916666667, 0, 1, 1, 1, 0, 1, 0, 1
2.917968750000000, 0, 1, 1, 1, 0, 1, 1, 1
2.917968791666667, 0, 1, 1, 1, 1, 1, 1, 1
2.917969375000000, 0, 1, 1, 1, 0, 1, 0, 1
2.917970000000000, 0, 1, 1, 1, 1, 1, 0, 1
2.917970833333333, 0, 1, 1, 1, 0, 1, 0, 1
2.917972375000000, 1, 1, 1, 1, 0, 1, 0, 1
2.917972458333333, 0, 1, 1, 1, 0, 1, 0, 1
2.917972500000000, 1, 1, 1, 1, 0, 1, 0, 1
2.917972583333333, 0, 1, 1, 1, 0, 1, 0, 1
2.917972666666667, 1, 1, 1, 1, 0, 1, 0, 1
2.917972750000000, 0, 1, 1, 1, 0, 1, 0, 1
2.917972833333334, 1, 1, 1, 1, 0, 1, 0, 1
2.917972916666667, 0, 1, 1, 1, 0, 1, 0, 1
2.917973000000000, 1, 1, 1, 1, 0, 1, 0, 1
2.917973083333333, 0, 1, 1, 1, 0, 1, 0, 1
2.917973166666667, 1, 1, 1, 1, 0, 1, 0, 1
2.917973250000000, 0, 1, 1, 1, 0, 1, 0, 1
2.917973333333333, 1, 1, 1, 1, 0, 1, 0, 1
2.917973416666667, 0, 1, 1, 1, 0, 1, 0, 1
2.917973500000000, 1, 1, 1, 1, 0, 1, 0, 1
2.917973541666667, 0, 1, 1, 1, 0, 1, 0, 1
2.917973625000000, 1, 1, 1, 1, 0, 1, 0, 1
2.917973708333334, 0, 1, 1, 1, 0, 1, 0, 1
2.917973791666667, 1, 1, 1, 1, 0, 1, 0, 1
2.917973875000000, 0, 1, 1, 1, 0, 1, 0, 1
2.917973958333334, 1, 1, 1, 1, 0, 1, 0, 1
2.917974041666667, 0, 1, 1, 1, 0, 1, 0, 1
2.917974125000000, 1, 1, 1, 1, 0, 1, 0, 1
2.917974208333333, 0, 1, 1, 1, 0, 1, 0, 1
2.917974291666667, 1, 1, 1, 1, 0, 1, 0, 1
2.917974375000000, 0, 1, 1, 1, 0, 1, 0, 1
2.917974458333334, 1, 1, 1, 1, 0, 1, 0, 1
2.917974500000000, 0, 1, 1, 1, 1, 1, 0, 1
2.917974583333334, 1, 1, 1, 1, 1, 1, 0, 1
2.917974666666667, 0, 1, 1, 1, 0, 1, 0, 1
2.917974750000000, 1, 1, 1, 1, 0, 1, 0, 1
2.917974833333334, 0, 1, 1, 1, 0, 1, 0, 1
2.917976666666667, 0, 1, 1, 1, 1, 1, 1, 1
2.917977375000000, 0, 1, 1, 1, 0, 1, 0, 1
2.917978000000000, 0, 1, 1, 1, 1, 1, 0, 1
2.917978833333334, 1, 1, 1, 1, 1, 1, 0, 1
2.917978958333333, 0, 1, 1, 1, 0, 1, 0, 1
2.917979708333334, 0, 1, 1, 1, 1, 1, 0, 1
2.917980333333333, 1, 1, 1, 1, 1, 1, 0, 1
2.917980416666667, 0, 1, 1, 1, 1, 1, 0, 1
2.917980500000000, 1, 1, 1, 1, 1, 1, 0, 1
2.917980583333334, 0, 1, 1, 1, 1, 1, 0, 1
2.917980666666667, 1, 1, 1, 1, 1, 1, 0, 1
2.917980750000000, 0, 1, 1, 1, 1, 1, 0, 1
2.917980833333333, 1, 1, 1, 1, 1, 1, 0, 1
2.917980916666667, 0, 1, 1, 1, 0, 1, 0, 1
2.917981000000000, 1, 1, 1, 1, 0, 1, 0, 1
2.917981041666667, 0, 1, 1, 1, 0, 1, 0, 1
2.917981125000000, 1, 1, 1, 1, 0, 1, 0, 1
2.917981208333333, 0, 1, 1, 1, 1, 1, 0, 1
2.917981291666667, 1, 1, 1, 1, 1, 1, 0, 1
2.917981375000000, 0, 1, 1, 1, 0, 1, 0, 1
2.917981458333334, 1, 1, 1, 1, 0, 1, 0, 1
2.917981541666667, 0, 1, 1, 1, 0, 1, 0, 1
2.917983291666667, 0, 1, 1, 1, 1, 1, 1, 1
2.917984041666667, 0, 1, 1, 1, 0, 1, 0, 1
2.917984375000000, 0, 1, 1, 1, 1, 1, 0, 1
2.917985250000000, 1, 1, 1, 1, 1, 1, 0, 1
2.917985541666667, 0, 1, 1, 1, 1, 1, 0, 1
2.917986375000000, 0, 1, 1, 1, 0, 1, 0, 1
2.917987083333334, 1, 1, 1, 1, 0, 1, 0, 1
2.917987166666667, 0, 1, 1, 1, 0, 1, 0, 1
2.917987250000000, 1, 1, 1, 1, 0, 1, 0, 1
2.917987333333333, 0, 1, 1, 1, 0, 1, 0, 1
2.917987416666667, 1, 1, 1, 1, 0, 1, 0, 1
2.917987500000000, 0, 1, 1, 1, 0, 1, 0, 1
2.917987541666667, 1, 1, 1, 1, 0, 1, 0, 1
2.917987625000000, 0, 1, 1, 1, 0, 1, 0, 1
2.917987708333333, 1, 1, 1, 1, 0, 1, 0, 1
2.917987791666667, 0, 1, 1, 1, 0, 1, 0, 1
2.917987875000000, 1, 1, 1, 1, 0, 1, 0, 1
2.917987958333334, 0, 1, 1, 1, 0, 1, 0, 1
2.917988041666667, 1, 1, 1, 1, 0, 1, 0, 1
2.917988125000000, 0, 1, 1, 1, 0, 1, 0, 1
2.917988208333333, 1, 1, 1, 1, 0, 1, 0, 1
2.917988291666667, 0, 1, 1, 1, 0, 1, 0, 1
2.917988375000000, 1, 1, 1, 1, 0, 1, 0, 1
2.917988458333333, 0, 1, 1, 1, 0, 1, 0, 1
2.917988500000000, 1, 1, 1, 1, 0, 1, 0, 1
2.917988583333333, 0, 1, 1, 1, 0, 1, 0, 1
2.917988666666667, 1, 1, 1, 1, 0, 1, 0, 1
2.917988750000000, 0, 1, 1, 1, 1, 1, 0, 1
2.917988833333334, 1, 1, 1, 1, 1, 1, 0, 1
2.917988916666667, 0, 1, 1, 1, 1, 1, 0, 1
2.917989000000000, 1, 1, 1, 1, 1, 1, 0, 1
2.917989083333334, 0, 1, 1, 1, 0, 1, 0, 1
2.917989166666667, 1, 1, 1, 1, 0, 1, 0, 1
2.917989250000000, 0, 1, 1, 1, 0, 1, 0, 1
2.917989333333333, 1, 1, 1, 1, 0, 1, 0, 1
2.917989416666667, 0, 1, 1, 1, 0, 1, 0, 1
2.917989500000000, 1, 1, 1, 1, 0, 1, 0, 1
2.917989541666667, 0, 1, 1, 1, 0, 1, 0, 1
2.917991583333333, 0, 1, 1, 1, 1, 1, 1, 1
2.917992333333333, 0, 1, 1, 1, 1, 1, 0, 1
2.917992375000000, 0, 1, 1, 1, 0, 1, 0, 1
2.917992750000000, 0, 1, 1, 1, 1, 1, 0, 1
2.917993625000000, 1, 1, 1, 1, 1, 1, 0, 1
2.917993875000000, 0, 1, 1, 1, 0, 1, 0, 1
2.917995416666667, 1, 1, 1, 1, 0, 1, 0, 1
2.917995500000000, 0, 1, 1, 1, 0, 1, 0, 1
2.917995583333334, 1, 1, 1, 1, 0, 1, 0, 1
2.917995666666667, 0, 1, 1, 1, 0, 1, 0, 1
2.917995750000000, 1, 1, 1, 1, 0, 1, 0, 1
2.917995833333333, 0, 1, 1, 1, 0, 1, 0, 1
2.917995916666667, 1, 1, 1, 1, 0, 1, 0, 1
2.917996000000000, 0, 1, 1, 1, 0, 1, 0, 1
2.917996041666667, 1, 1, 1, 1, 0, 1, 0, 1
2.917996125000000, 0, 1, 1, 1, 0, 1, 0, 1
2.917996208333334, 1, 1, 1, 1, 0, 1, 0, 1
2.917996291666667, 0, 1, 1, 1, 0, 1, 0, 1
2.917996375000000, 1, 1, 1, 1, 0, 1, 0, 1
2.917996458333334, 0, 1, 1, 1, 0, 1, 0, 1
2.917996541666667, 1, 1, 1, 1, 0, 1, 0, 1
2.917996625000000, 0, 1, 1, 1, 1, 1, 0, 1
2.917996708333333, 1, 1, 1, 1, 1, 1, 0, 1
2.917996791666667, 0, 1, 1, 1, 0, 1, 0, 1
2.917996875000000, 1, 1, 1, 1, 0, 1, 0, 1
2.917996958333334, 0, 1, 1, 1, 1, 1, 0, 1
2.917997041666667, 1, 1, 1, 1, 1, 1, 0, 1
2.917997083333333, 0, 1, 1, 1, 0, 1, 0, 1
2.917997166666667, 1, 1, 1, 1, 0, 1, 0, 1
2.917997250000000, 0, 1, 1, 1, 0, 1, 0, 1
2.917997333333334, 1, 1, 1, 1, 0, 1, 0, 1
2.917997416666667, 0, 1, 1, 1, 0, 1, 0, 1
2.917997500000000, 1, 1, 1, 1, 0, 1, 0, 1
2.917997583333333, 0, 1, 1, 1, 1, 1, 0, 1
2.917997666666667, 1, 1, 1, 1, 1, 1, 0, 1
2.917997750000000, 0, 1, 1, 1, 1, 1, 0, 1
2.917997833333334, 1, 1, 1, 1, 1, 1, 0, 1
2.917997916666667, 0, 1, 1, 1, 0, 1, 0, 1
2.917999750000000, 0, 1, 1, 1, 0, 1, 1, 1
2.917999791666667, 0, 1, 1, 1, 1, 1, 1, 1
2.918000416666667, 0, 1, 1, 1, 0, 1, 0, 1
2.918001000000000, 0, 1, 1, 1, 1, 1, 0, 1
2.918001875000000, 0, 1, 1, 1, 0, 1, 0, 1
2.918003416666667, 1, 1, 1, 1, 0, 1, 0, 1
2.918003500000000, 0, 1, 1, 1, 0, 1, 0, 1
2.918003541666667, 1, 1, 1, 1, 0, 1, 0, 1
2.918003625000000, 0, 1, 1, 1, 0, 1, 0, 1
2.918003708333333, 1, 1, 1, 1, 0, 1, 0, 1
2.918003791666667, 0, 1, 1, 1, 0, 1, 0, 1
2.918003875000000, 1, 1, 1, 1, 0, 1, 0, 1
2.918003958333334, 0, 1, 1, 1, 0, 1, 0, 1
2.918004041666667, 1, 1, 1, 1, 0, 1, 0, 1
2.918004125000000, 0, 1, 1, 1, 0, 1, 0, 1
2.918004208333334, 1, 1, 1, 1, 0, 1, 0, 1
2.918004291666667, 0, 1, 1, 1, 0, 1, 0, 1
2.918004375000000, 1, 1, 1, 1, 0, 1, 0, 1
2.918004458333333, 0, 1, 1, 1, 0, 1, 0, 1
2.918004541666667, 1, 1, 1, 1, 0, 1, 0, 1
2.918004583333333, 0, 1, 1, 1, 0, 1, 0, 1
2.918004666666667, 1, 1, 1, 1, 0, 1, 0, 1
2.918004750000000, 0, 1, 1, 1, 0, 1, 0, 1
2.918004833333334, 1, 1, 1, 1, 0, 1, 0, 1
2.918004916666667, 0, 1, 1, 1, 0, 1, 0, 1
2.918005000000000, 1, 1, 1, 1, 0, 1, 0, 1
2.918005083333334, 0, 1, 1, 1, 1, 1, 0, 1
2.918005166666667, 1, 1, 1, 1, 1, 1, 0, 1
2.918005250000000, 0, 1, 1, 1, 0, 1, 0, 1
2.918005333333333, 1, 1, 1, 1, 0, 1, 0, 1
2.918005416666667, 0, 1, 1, 1, 0, 1, 0, 1
2.918005500000000, 1, 1, 1, 1, 0, 1, 0, 1
2.918005541666667, 0, 1, 1, 1, 1, 1, 0, 1
2.918005625000000, 1, 1, 1, 1, 1, 1, 0, 1
2.918005708333334, 0, 1, 1, 1, 0, 1, 0, 1
2.918005791666667, 1, 1, 1, 1, 0, 1, 0, 1
2.918005875000000, 0, 1, 1, 1, 0, 1, 0, 1
2.918007708333334, 0, 1, 1, 1, 1, 1, 1, 1
2.918008333333333, 0, 1, 1, 1, 0, 1, 0, 1
2.918008958333334, 0, 1, 1, 1, 1, 1, 0, 1
2.918009791666667, 0, 1, 1, 1, 0, 1, 0, 1
2.918011333333333, 1, 1, 1, 1, 0, 1, 0, 1
2.918011416666667, 0, 1, 1, 1, 0, 1, 0, 1
2.918011500000000, 1, 1, 1, 1, 0, 1, 0, 1
2.918011583333334, 0, 1, 1, 1, 0, 1, 0, 1
2.918011625000000, 1, 1, 1, 1, 0, 1, 0, 1
2.918011708333334, 0, 1, 1, 1, 0, 1, 0, 1
2.918011791666667, 1, 1, 1, 1, 0, 1, 0, 1
2.918011875000000, 0, 1, 1, 1, 0, 1, 0, 1
2.918011958333333, 1, 1, 1, 1, 0, 1, 0, 1
2.918012041666667, 0, 1, 1, 1, 0, 1, 0, 1
2.918012125000000, 1, 1, 1, 1, 0, 1, 0, 1
2.918012208333333, 0, 1, 1, 1, 0, 1, 0, 1
2.918012291666667, 1, 1, 1, 1, 0, 1, 0, 1
2.918012375000000, 0, 1, 1, 1, 0, 1, 0, 1
2.918012458333334, 1, 1, 1, 1, 0, 1, 0, 1
2.918012541666667, 0, 1, 1, 1, 0, 1, 0, 1
2.918012583333334, 1, 1, 1, 1, 0, 1, 0, 1
2.918012666666667, 0, 1, 1, 1, 0, 1, 0, 1
2.918012750000000, 1, 1, 1, 1, 0, 1, 0, 1
2.918012833333334, 0, 1, 1, 1, 0, 1, 0, 1
2.918012916666667, 1, 1, 1, 1, 0, 1, 0, 1
2.918013000000000, 0, 1, 1, 1, 0, 1, 0, 1
2.918013083333333, 1, 1, 1, 1, 0, 1, 0, 1
2.918013166666667, 0, 1, 1, 1, 0, 1, 0, 1
2.918013250000000, 1, 1, 1, 1, 0, 1, 0, 1
2.918013333333334, 0, 1, 1, 1, 0, 1, 0, 1
2.918013416666667, 1, 1, 1, 1, 0, 1, 0, 1
2.918013500000000, 0, 1, 1, 1, 1, 1, 0, 1
2.918013541666667, 1, 1, 1, 1, 1, 1, 0, 1
2.918013625000000, 0, 1, 1, 1, 0, 1, 0, 1
2.918013708333334, 1, 1, 1, 1, 0, 1, 0, 1
2.918013791666667, 0, 1, 1, 1, 0, 1, 0, 1
2.918015625000000, 0, 1, 1, 1, 1, 1, 1, 1
2.918016291666667, 0, 1, 1, 1, 0, 1, 0, 1
2.918016916666667, 0, 1, 1, 1, 1, 1, 0, 1
2.918017750000000, 0, 1, 1, 1, 0, 1, 0, 1
2.918019291666667, 1, 1, 1, 1, 0, 1, 0, 1
2.918019333333334, 0, 1, 1, 1, 0, 1, 0, 1
2.918019416666667, 1, 1, 1, 1, 0, 1, 0, 1
2.918019500000000, 0, 1, 1, 1, 0, 1, 0, 1
2.918019583333333, 1, 1, 1, 1, 0, 1, 0, 1
2.918019666666667, 0, 1, 1, 1, 0, 1, 0, 1
2.918019750000000, 1, 1, 1, 1, 0, 1, 0, 1
2.918019833333334, 0, 1, 1, 1, 0, 1, 0, 1
2.918019916666667, 1, 1, 1, 1, 0, 1, 0, 1
2.918020000000000, 0, 1, 1, 1, 0, 1, 0, 1
2.918020083333333, 1, 1, 1, 1, 0, 1, 0, 1
2.918020166666667, 0, 1, 1, 1, 0, 1, 0, 1
2.918020250000000, 1, 1, 1, 1, 0, 1, 0, 1
2.918020333333334, 0, 1, 1, 1, 0, 1, 0, 1
2.918020375000000, 1, 1, 1, 1, 0, 1, 0, 1
2.918020458333333, 0, 1, 1, 1, 0, 1, 0, 1
2.918020541666667, 1, 1, 1, 1, 0, 1, 0, 1
2.918020625000000, 0, 1, 1, 1, 0, 1, 0, 1
2.918020708333334, 1, 1, 1, 1, 0, 1, 0, 1
2.918020791666667, 0, 1, 1, 1, 1, 1, 0, 1
2.918020875000000, 1, 1, 1, 1, 1, 1, 0, 1
2.918020958333333, 0, 1, 1, 1, 1, 1, 0, 1
2.918021041666667, 1, 1, 1, 1, 1, 1, 0, 1
2.918021125000000, 0, 1, 1, 1, 0, 1, 0, 1
2.918021208333334, 1, 1, 1, 1, 0, 1, 0, 1
2.918021291666667, 0, 1, 1, 1, 0, 1, 0, 1
2.918021333333333, 1, 1, 1, 1, 0, 1, 0, 1
2.918021416666667, 0, 1, 1, 1, 1, 1, 0, 1
2.918021500000000, 1, 1, 1, 1, 1, 1, 0, 1
2.918021583333334, 0, 1, 1, 1, 0, 1, 0, 1
2.918021666666667, 1, 1, 1, 1, 0, 1, 0, 1
2.918021750000000, 0, 1, 1, 1, 0, 1, 0, 1
2.918023583333333, 0, 1, 1, 1, 1, 1, 1, 1
2.918024250000000, 0, 1, 1, 1, 0, 1, 0, 1
2.918024875000000, 0, 1, 1, 1, 1, 1, 0, 1
2.918025708333333, 0, 1, 1, 1, 0, 1, 0, 1
2.918027208333334, 1, 1, 1, 1, 0, 1, 0, 1
2.918027291666667, 0, 1, 1, 1, 0, 1, 0, 1
2.918027375000000, 1, 1, 1, 1, 0, 1, 0, 1
2.918027458333333, 0, 1, 1, 1, 0, 1, 0, 1
2.918027541666667, 1, 1, 1, 1, 0, 1, 0, 1
2.918027625000000, 0, 1, 1, 1, 0, 1, 0, 1
2.918027708333334, 1, 1, 1, 1, 0, 1, 0, 1
2.918027791666667, 0, 1, 1, 1, 0, 1, 0, 1
2.918027875000000, 1, 1, 1, 1, 0, 1, 0, 1
2.918027958333334, 0, 1, 1, 1, 0, 1, 0, 1
2.918028041666667, 1, 1, 1, 1, 0, 1, 0, 1
2.918028083333334, 0, 1, 1, 1, 0, 1, 0, 1
2.918028166666667, 1, 1, 1, 1, 0, 1, 0, 1
2.918028250000000, 0, 1, 1, 1, 0, 1, 0, 1
2.918028333333333, 1, 1, 1, 1, 0, 1, 0, 1
2.918028416666667, 0, 1, 1, 1, 0, 1, 0, 1
2.918028500000000, 1, 1, 1, 1, 0, 1, 0, 1
2.918028583333334, 0, 1, 1, 1, 0, 1, 0, 1
2.918028666666667, 1, 1, 1, 1, 0, 1, 0, 1
2.918028750000000, 0, 1, 1, 1, 0, 1, 0, 1
2.918028833333334, 1, 1, 1, 1, 0, 1, 0, 1
2.918028916666667, 0, 1, 1, 1, 1, 1, 0, 1
2.918029000000000, 1, 1, 1, 1, 1, 1, 0, 1
2.918029083333333, 0, 1, 1, 1, 0, 1, 0, 1
2.918029125000000, 1, 1, 1, 1, 0, 1, 0, 1
2.918029208333333, 0, 1, 1, 1, 0, 1, 0, 1
2.918029291666667, 1, 1, 1, 1, 0, 1, 0, 1
2.918029375000000, 0, 1, 1, 1, 1, 1, 0, 1
2.918029458333334, 1, 1, 1, 1, 1, 1, 0, 1
2.918029541666667, 0, 1, 1, 1, 0, 1, 0, 1
2.918029625000000, 1, 1, 1, 1, 0, 1, 0, 1
2.918029708333334, 0, 1, 1, 1, 0, 1, 0, 1
2.918031750000000, 0, 1, 1, 1, 1, 1, 1, 1
2.918032416666667, 0, 1, 1, 1, 0, 1, 0, 1
2.918033000000000, 0, 1, 1, 1, 1, 1, 0, 1
2.918033916666667, 0, 1, 1, 1, 0, 1, 0, 1
2.918035458333334, 1, 1, 1, 1, 0, 1, 0, 1
2.918035541666667, 0, 1, 1, 1, 0, 1, 0, 1
2.918035583333333, 1, 1, 1, 1, 0, 1, 0, 1
2.918035666666667, 0, 1, 1, 1, 0, 1, 0, 1
2.918035750000000, 1, 1, 1, 1, 0, 1, 0, 1
2.918035833333334, 0, 1, 1, 1, 0, 1, 0, 1
2.918035916666667, 1, 1, 1, 1, 0, 1, 0, 1
2.918036000000000, 0, 1, 1, 1, 0, 1, 0, 1
2.918036083333333, 1, 1, 1, 1, 0, 1, 0, 1
2.918036166666667, 0, 1, 1, 1, 0, 1, 0, 1
2.918036250000000, 1, 1, 1, 1, 0, 1, 0, 1
2.918036333333334, 0, 1, 1, 1, 0, 1, 0, 1
2.918036416666667, 1, 1, 1, 1, 0, 1, 0, 1
2.918036500000000, 0, 1, 1, 1, 0, 1, 0, 1
2.918036583333333, 1, 1, 1, 1, 0, 1, 0, 1
2.918036625000000, 0, 1, 1, 1, 1, 1, 0, 1
2.918036708333334, 1, 1, 1, 1, 1, 1, 0, 1
2.918036791666667, 0, 1, 1, 1, 1, 1, 0, 1
2.918036875000000, 1, 1, 1, 1, 1, 1, 0, 1
2.918036958333333, 0, 1, 1, 1, 1, 1, 0, 1
2.918037041666667, 1, 1, 1, 1, 1, 1, 0, 1
2.918037125000000, 0, 1, 1, 1, 1, 1, 0, 1
2.918037208333334, 1, 1, 1, 1, 1, 1, 0, 1
2.918037291666667, 0, 1, 1, 1, 1, 1, 0, 1
2.918037375000000, 1, 1, 1, 1, 1, 1, 0, 1
2.918037458333334, 0, 1, 1, 1, 1, 1, 0, 1
2.918037541666667, 1, 1, 1, 1, 1, 1, 0, 1
2.918037625000000, 0, 1, 1, 1, 1, 1, 0, 1
2.918037666666667, 1, 1, 1, 1, 1, 1, 0, 1
2.918037750000000, 0, 1, 1, 1, 1, 1, 0, 1
2.918037833333333, 1, 1, 1, 1, 1, 1, 0, 1
2.918037916666667, 0, 1, 1, 1, 0, 1, 0, 1
2.918039958333333, 0, 1, 1, 1, 1, 1, 1, 1
2.918040625000000, 0, 1, 1, 1, 0, 1, 0, 1
2.918041083333334, 0, 1, 1, 1, 1, 1, 0, 1
2.918041958333334, 1, 1, 1, 1, 1, 1, 0, 1
2.918042083333333, 0, 1, 1, 1, 0, 1, 0, 1
2.918043583333334, 1, 1, 1, 1, 0, 1, 0, 1
2.918043666666667, 0, 1, 1, 1, 0, 1, 0, 1
2.918043750000000, 1, 1, 1, 1, 0, 1, 0, 1
2.918043833333333, 0, 1, 1, 1, 0, 1, 0, 1
2.918043916666667, 1, 1, 1, 1, 0, 1, 0, 1
2.918044000000000, 0, 1, 1, 1, 0, 1, 0, 1
2.918044083333334, 1, 1, 1, 1, 0, 1, 0, 1
2.918044166666667, 0, 1, 1, 1, 0, 1, 0, 1
2.918044250000000, 1, 1, 1, 1, 0, 1, 0, 1
2.918044333333333, 0, 1, 1, 1, 0, 1, 0, 1
2.918044416666667, 1, 1, 1, 1, 0, 1, 0, 1
2.918044500000000, 0, 1, 1, 1, 0, 1, 0, 1
2.918044583333334, 1, 1, 1, 1, 0, 1, 0, 1
2.918044625000000, 0, 1, 1, 1, 0, 1, 0, 1
2.918044708333333, 1, 1, 1, 1, 0, 1, 0, 1
2.918044791666667, 0, 1, 1, 1, 0, 1, 0, 1
2.918044875000000, 1, 1, 1, 1, 0, 1, 0, 1
2.918044958333334, 0, 1, 1, 1, 0, 1, 0, 1
2.918045041666667, 1, 1, 1, 1, 0, 1, 0, 1
2.918045125000000, 0, 1, 1, 1, 1, 1, 0, 1
2.918045208333333, 1, 1, 1, 1, 1, 1, 0, 1
2.918045291666667, 0, 1, 1, 1, 1, 1, 0, 1
2.918045375000000, 1, 1, 1, 1, 1, 1, 0, 1
2.918045458333334, 0, 1, 1, 1, 0, 1, 0, 1
2.918045541666667, 1, 1, 1, 1, 0, 1, 0, 1
2.918045625000000, 0, 1, 1, 1, 0, 1, 0, 1
2.918045666666667, 1, 1, 1, 1, 0, 1, 0, 1
2.918045750000000, 0, 1, 1, 1, 1, 1, 0, 1
2.918045833333334, 1, 1, 1, 1, 1, 1, 0, 1
2.918045916666667, 0, 1, 1, 1, 0, 1, 0, 1
2.918046000000000, 1, 1, 1, 1, 0, 1, 0, 1
2.918046083333333, 0, 1, 1, 1, 0, 1, 0, 1
2.918047916666667, 0, 1, 1, 1, 1, 1, 1, 1
2.918048541666667, 0, 1, 1, 1, 0, 1, 0, 1
2.918049166666667, 0, 1, 1, 1, 1, 1, 0, 1
2.918050000000000, 0, 1, 1, 1, 0, 1, 0, 1
2.918051541666667, 1, 1, 1, 1, 0, 1, 0, 1
2.918051625000000, 0, 1, 1, 1, 0, 1, 0, 1
2.918051666666667, 1, 1, 1, 1, 0, 1, 0, 1
2.918051750000000, 0, 1, 1, 1, 0, 1, 0, 1
2.918051833333334, 1, 1, 1, 1, 0, 1, 0, 1
2.918051916666667, 0, 1, 1, 1, 0, 1, 0, 1
2.918052000000000, 1, 1, 1, 1, 0, 1, 0, 1
2.918052083333333, 0, 1, 1, 1, 0, 1, 0, 1
2.918052166666667, 1, 1, 1, 1, 0, 1, 0, 1
2.918052250000000, 0, 1, 1, 1, 0, 1, 0, 1
2.918052333333334, 1, 1, 1, 1, 0, 1, 0, 1
2.918052416666667, 0, 1, 1, 1, 0, 1, 0, 1
2.918052500000000, 1, 1, 1, 1, 0, 1, 0, 1
2.918052583333334, 0, 1, 1, 1, 0, 1, 0, 1
2.918052625000000, 1, 1, 1, 1, 0, 1, 0, 1
2.918052708333334, 0, 1, 1, 1, 0, 1, 0, 1
2.918052791666667, 1, 1, 1, 1, 0, 1, 0, 1
2.918052875000000, 0, 1, 1, 1, 0, 1, 0, 1
2.918052958333333, 1, 1, 1, 1, 0, 1, 0, 1
2.918053041666667, 0, 1, 1, 1, 0, 1, 0, 1
2.918053125000000, 1, 1, 1, 1, 0, 1, 0, 1
2.918053208333334, 0, 1, 1, 1, 0, 1, 0, 1
2.918053291666667, 1, 1, 1, 1, 0, 1, 0, 1
2.918053375000000, 0, 1, 1, 1, 0, 1, 0, 1
2.918053458333334, 1, 1, 1, 1, 0, 1, 0, 1
2.918053541666667, 0, 1, 1, 1, 0, 1, 0, 1
2.918053625000000, 1, 1, 1, 1, 0, 1, 0, 1
2.918053666666667, 0, 1, 1, 1, 0, 1, 0, 1
2.918053750000000, 1, 1, 1, 1, 0, 1, 0, 1
2.918053833333333, 0, 1, 1, 1, 0, 1, 0, 1
2.918053916666667, 1, 1, 1, 1, 0, 1, 0, 1
2.918054000000000, 0, 1, 1, 1, 0, 1, 0, 1
2.918055833333333, 0, 1, 1, 1, 1, 1, 1, 1
2.918056583333334, 0, 1, 1, 1, 0, 1, 0, 1
2.918057166666667, 0, 1, 1, 1, 1, 1, 0, 1
2.918058041666667, 1, 1, 1, 1, 1, 1, 0, 1
2.918058291666667, 0, 1, 1, 1, 0, 1, 0, 1
2.918059041666667, 0, 1, 1, 1, 1, 1, 0, 1
2.918059666666667, 1, 1, 1, 1, 1, 1, 0, 1
2.918059750000000, 0, 1, 1, 1, 1, 1, 0, 1
2.918059833333333, 1, 1, 1, 1, 1, 1, 0, 1
2.918059916666667, 0, 1, 1, 1, 1, 1, 0, 1
2.918060000000000, 1, 1, 1, 1, 1, 1, 0, 1
2.918060083333334, 0, 1, 1, 1, 1, 1, 0, 1
2.918060166666667, 1, 1, 1, 1, 1, 1, 0, 1
2.918060250000000, 0, 1, 1, 1, 0, 1, 0, 1
2.918060333333333, 1, 1, 1, 1, 0, 1, 0, 1
2.918060375000000, 0, 1, 1, 1, 1, 1, 0, 1
2.918060458333334, 1, 1, 1, 1, 1, 1, 0, 1
2.918060541666667, 0, 1, 1, 1, 0, 1, 0, 1
2.918060625000000, 1, 1, 1, 1, 0, 1, 0, 1
2.918060708333333, 0, 1, 1, 1, 0, 1, 0, 1
2.918060791666667, 1, 1, 1, 1, 0, 1, 0, 1
2.918060875000000, 0, 1, 1, 1, 0, 1, 0, 1
2.918062958333334, 0, 1, 1, 1, 1, 1, 1, 1
2.918063666666667, 0, 1, 1, 1, 0, 1, 0, 1
2.918064083333333, 0, 1, 1, 1, 1, 1, 0, 1
2.918065000000000, 1, 1, 1, 1, 1, 1, 0, 1
2.918065166666667, 0, 1, 1, 1, 1, 1, 0, 1
2.918066000000000, 0, 1, 1, 1, 0, 1, 0, 1
2.918066708333333, 1, 1, 1, 1, 0, 1, 0, 1
2.918066791666667, 0, 1, 1, 1, 0, 1, 0, 1
2.918066875000000, 1, 1, 1, 1, 0, 1, 0, 1
2.918066958333334, 0, 1, 1, 1, 0, 1, 0, 1
2.918067041666667, 1, 1, 1, 1, 0, 1, 0, 1
2.918067125000000, 0, 1, 1, 1, 0, 1, 0, 1
2.918067166666667, 1, 1, 1, 1, 0, 1, 0, 1
2.918067250000000, 0, 1, 1, 1, 0, 1, 0, 1
2.918067333333334, 1, 1, 1, 1, 0, 1, 0, 1
2.918067416666667, 0, 1, 1, 1, 0, 1, 0, 1
2.918067500000000, 1, 1, 1, 1, 0, 1, 0, 1
2.918067583333333, 0, 1, 1, 1, 0, 1, 0, 1
2.918067666666667, 1, 1, 1, 1, 0, 1, 0, 1
2.918067750000000, 0, 1, 1, 1, 0, 1, 0, 1
2.918067833333334, 1, 1, 1, 1, 0, 1, 0, 1
2.918067916666667, 0, 1, 1, 1, 0, 1, 0, 1
2.918068000000000, 1, 1, 1, 1, 0, 1, 0, 1
2.918068083333333, 0, 1, 1, 1, 1, 1, 0, 1
2.918068125000000, 1, 1, 1, 1, 1, 1, 0, 1
2.918068208333334, 0, 1, 1, 1, 0, 1, 0, 1
2.918068291666667, 1, 1, 1, 1, 0, 1, 0, 1
2.918068375000000, 0, 1, 1, 1, 0, 1, 0, 1
2.918068458333333, 1, 1, 1, 1, 0, 1, 0, 1
2.918068541666667, 0, 1, 1, 1, 0, 1, 0, 1
2.918068625000000, 1, 1, 1, 1, 0, 1, 0, 1
2.918068708333334, 0, 1, 1, 1, 0, 1, 0, 1
2.918068791666667, 1, 1, 1, 1, 0, 1, 0, 1
2.918068875000000, 0, 1, 1, 1, 0, 1, 0, 1
2.918068958333333, 1, 1, 1, 1, 0, 1, 0, 1
2.918069041666667, 0, 1, 1, 1, 0, 1, 0, 1
2.918069125000000, 1, 1, 1, 1, 0, 1, 0, 1
2.918069166666667, 0, 1, 1, 1, 0, 1, 0, 1
2.918071250000000, 0, 1, 1, 1, 1, 1, 1, 1
2.918071958333333, 0, 1, 1, 1, 0, 1, 0, 1
2.918072500000000, 0, 1, 1, 1, 1, 1, 0, 1
2.918073416666667, 1, 1, 1, 1, 1, 1, 0, 1
2.918073541666667, 0, 1, 1, 1, 0, 1, 0, 1
2.918075083333334, 1, 1, 1, 1, 0, 1, 0, 1
2.918075166666667, 0, 1, 1, 1, 0, 1, 0, 1
2.918075250000000, 1, 1, 1, 1, 0, 1, 0, 1
2.918075333333333, 0, 1, 1, 1, 0, 1, 0, 1
2.918075416666667, 1, 1, 1, 1, 0, 1, 0, 1
2.918075458333333, 0, 1, 1, 1, 0, 1, 0, 1
2.918075541666667, 1, 1, 1, 1, 0, 1, 0, 1
2.918075625000000, 0, 1, 1, 1, 0, 1, 0, 1
2.918075708333333, 1, 1, 1, 1, 0, 1, 0, 1
2.918075791666667, 0, 1, 1, 1, 0, 1, 0, 1
2.918075875000000, 1, 1, 1, 1, 0, 1, 0, 1
2.918075958333334, 0, 1, 1, 1, 0, 1, 0, 1
2.918076041666667, 1, 1, 1, 1, 0, 1, 0, 1
2.918076125000000, 0, 1, 1, 1, 0, 1, 0, 1
2.918076208333333, 1, 1, 1, 1, 0, 1, 0, 1
2.918076291666667, 0, 1, 1, 1, 0, 1, 0, 1
2.918076375000000, 1, 1, 1, 1, 0, 1, 0, 1
2.918076416666667, 0, 1, 1, 1, 0, 1, 0, 1
2.918076500000000, 1, 1, 1, 1, 0, 1, 0, 1
2.918076583333333, 0, 1, 1, 1, 0, 1, 0, 1
2.918076666666667, 1, 1, 1, 1, 0, 1, 0, 1
2.918076750000000, 0, 1, 1, 1, 0, 1, 0, 1
2.918076833333334, 1, 1, 1, 1, 0, 1, 0, 1
2.918076916666667, 0, 1, 1, 1, 0, 1, 0, 1
2.918077000000000, 1, 1, 1, 1, 0, 1, 0, 1
2.918077083333333, 0, 1, 1, 1, 0, 1, 0, 1
2.918077166666667, 1, 1, 1, 1, 0, 1, 0, 1
2.918077250000000, 0, 1, 1, 1, 0, 1, 0, 1
2.918077333333334, 1, 1, 1, 1, 0, 1, 0, 1
2.918077416666667, 0, 1, 1, 1, 0, 1, 0, 1
2.918077458333333, 1, 1, 1, 1, 0, 1, 0, 1
2.918077541666667, 0, 1, 1, 1, 0, 1, 0, 1
2.918079625000000, 0, 1, 1, 1, 1, 1, 1, 1
2.918080333333334, 0, 1, 1, 1, 0, 1, 0, 1
2.918080833333334, 0, 1, 1, 1, 1, 1, 0, 1
2.918081750000000, 0, 1, 1, 1, 0, 1, 0, 1
2.918083291666667, 1, 1, 1, 1, 0, 1, 0, 1
2.918083375000000, 0, 1, 1, 1, 0, 1, 0, 1
2.918083458333334, 1, 1, 1, 1, 0, 1, 0, 1
2.918083541666667, 0, 1, 1, 1, 0, 1, 0, 1
2.918083625000000, 1, 1, 1, 1, 0, 1, 0, 1
2.918083666666667, 0, 1, 1, 1, 0, 1, 0, 1
2.918083750000000, 1, 1, 1, 1, 0, 1, 0, 1
2.918083833333334, 0, 1, 1, 1, 0, 1, 0, 1
2.918083916666667, 1, 1, 1, 1, 0, 1, 0, 1
2.918084000000000, 0, 1, 1, 1, 0, 1, 0, 1
2.918084083333333, 1, 1, 1, 1, 0, 1, 0, 1
2.918084166666667, 0, 1, 1, 1, 0, 1, 0, 1
2.918084250000000, 1, 1, 1, 1, 0, 1, 0, 1
2.918084333333334, 0, 1, 1, 1, 0, 1, 0, 1
2.918084416666667, 1, 1, 1, 1, 0, 1, 0, 1
2.918084500000000, 0, 1, 1, 1, 0, 1, 0, 1
2.918084583333334, 1, 1, 1, 1, 0, 1, 0, 1
2.918084666666667, 0, 1, 1, 1, 0, 1, 0, 1
2.918084708333334, 1, 1, 1, 1, 0, 1, 0, 1
2.918084791666667, 0, 1, 1, 1, 0, 1, 0, 1
2.918084875000000, 1, 1, 1, 1, 0, 1, 0, 1
2.918084958333333, 0, 1, 1, 1, 0, 1, 0, 1
2.918085041666667, 1, 1, 1, 1, 0, 1, 0, 1
2.918085125000000, 0, 1, 1, 1, 1, 1, 0, 1
2.918085208333333, 1, 1, 1, 1, 1, 1, 0, 1
2.918085291666667, 0, 1, 1, 1, 0, 1, 0, 1
2.918085375000000, 1, 1, 1, 1, 0, 1, 0, 1
2.918085458333334, 0, 1, 1, 1, 0, 1, 0, 1
2.918085541666667, 1, 1, 1, 1, 0, 1, 0, 1
2.918085625000000, 0, 1, 1, 1, 0, 1, 0, 1
2.918085666666667, 1, 1, 1, 1, 0, 1, 0, 1
2.918085750000000, 0, 1, 1, 1, 0, 1, 0, 1
2.918087625000000, 0, 1, 1, 1, 1, 1, 1, 1
2.918088250000000, 0, 1, 1, 1, 0, 1, 0, 1
2.918088916666667, 0, 1, 1, 1, 1, 1, 0, 1
2.918089666666667, 0, 1, 1, 1, 0, 1, 0, 1
2.918091208333334, 1, 1, 1, 1, 0, 1, 0, 1
2.918091291666667, 0, 1, 1, 1, 0, 1, 0, 1
2.918091375000000, 1, 1, 1, 1, 0, 1, 0, 1
2.918091458333333, 0, 1, 1, 1, 0, 1, 0, 1
2.918091541666667, 1, 1, 1, 1, 0, 1, 0, 1
2.918091625000000, 0, 1, 1, 1, 0, 1, 0, 1
2.918091708333333, 1, 1, 1, 1, 0, 1, 0, 1
2.918091791666667, 0, 1, 1, 1, 0, 1, 0, 1
2.918091875000000, 1, 1, 1, 1, 0, 1, 0, 1
2.918091958333334, 0, 1, 1, 1, 0, 1, 0, 1
2.918092000000000, 1, 1, 1, 1, 0, 1, 0, 1
2.918092083333334, 0, 1, 1, 1, 0, 1, 0, 1
2.918092166666667, 1, 1, 1, 1, 0, 1, 0, 1
2.918092250000000, 0, 1, 1, 1, 0, 1, 0, 1
2.918092333333334, 1, 1, 1, 1, 0, 1, 0, 1
2.918092416666667, 0, 1, 1, 1, 1, 1, 0, 1
2.918092500000000, 1, 1, 1, 1, 1, 1, 0, 1
2.918092583333333, 0, 1, 1, 1, 0, 1, 0, 1
2.918092666666667, 1, 1, 1, 1, 0, 1, 0, 1
2.918092750000000, 0, 1, 1, 1, 0, 1, 0, 1
2.918092833333334, 1, 1, 1, 1, 0, 1, 0, 1
2.918092916666667, 0, 1, 1, 1, 1, 1, 0, 1
2.918092958333334, 1, 1, 1, 1, 1, 1, 0, 1
2.918093041666667, 0, 1, 1, 1, 0, 1, 0, 1
2.918093125000000, 1, 1, 1, 1, 0, 1, 0, 1
2.918093208333334, 0, 1, 1, 1, 0, 1, 0, 1
2.918093291666667, 1, 1, 1, 1, 0, 1, 0, 1
2.918093375000000, 0, 1, 1, 1, 0, 1, 0, 1
2.918093458333333, 1, 1, 1, 1, 0, 1, 0, 1
2.918093541666667, 0, 1, 1, 1, 1, 1, 0, 1
2.918093625000000, 1, 1, 1, 1, 1, 1, 0, 1
2.918093708333334, 0, 1, 1, 1, 0, 1, 0, 1
2.918095541666667, 0, 1, 1, 1, 1, 1, 1, 1
2.918096166666667, 0, 1, 1, 1, 0, 1, 0, 1
2.918096750000000, 0, 1, 1, 1, 1, 1, 0, 1
2.918097583333334, 0, 1, 1, 1, 0, 1, 0, 1
2.918099125000000, 1, 1, 1, 1, 0, 1, 0, 1
2.918099208333333, 0, 1, 1, 1, 0, 1, 0, 1
2.918099291666667, 1, 1, 1, 1, 0, 1, 0, 1
2.918099375000000, 0, 1, 1, 1, 0, 1, 0, 1
2.918099458333334, 1, 1, 1, 1, 0, 1, 0, 1
2.918099541666667, 0, 1, 1, 1, 0, 1, 0, 1
2.918099625000000, 1, 1, 1, 1, 0, 1, 0, 1
2.918099708333334, 0, 1, 1, 1, 0, 1, 0, 1
2.918099750000000, 1, 1, 1, 1, 0, 1, 0, 1
2.918099833333334, 0, 1, 1, 1, 0, 1, 0, 1
2.918099916666667, 1, 1, 1, 1, 0, 1, 0, 1
2.918100000000000, 0, 1, 1, 1, 0, 1, 0, 1
2.918100083333333, 1, 1, 1, 1, 0, 1, 0, 1
2.918100166666667, 0, 1, 1, 1, 0, 1, 0, 1
2.918100250000000, 1, 1, 1, 1, 0, 1, 0, 1
2.918100333333333, 0, 1, 1, 1, 0, 1, 0, 1
2.918100416666667, 1, 1, 1, 1, 0, 1, 0, 1
2.918100500000000, 0, 1, 1, 1, 0, 1, 0, 1
2.918100583333334, 1, 1, 1, 1, 0, 1, 0, 1
2.918100666666667, 0, 1, 1, 1, 0, 1, 0, 1
2.918100708333334, 1, 1, 1, 1, 0, 1, 0, 1
2.918100791666667, 0, 1, 1, 1, 0, 1, 0, 1
2.918100875000000, 1, 1, 1, 1, 0, 1, 0, 1
2.918100958333333, 0, 1, 1, 1, 0, 1, 0, 1
2.918101041666667, 1, 1, 1, 1, 0, 1, 0, 1
2.918101125000000, 0, 1, 1, 1, 1, 1, 0, 1
2.918101208333333, 1, 1, 1, 1, 1, 1, 0, 1
2.918101291666667, 0, 1, 1, 1, 0, 1, 0, 1
2.918101375000000, 1, 1, 1, 1, 0, 1, 0, 1
2.918101458333334, 0, 1, 1, 1, 0, 1, 0, 1
2.918101541666667, 1, 1, 1, 1, 0, 1, 0, 1
2.918101625000000, 0, 1, 1, 1, 0, 1, 0, 1
2.918103458333333, 0, 1, 1, 1, 1, 1, 1, 1
2.918104166666667, 0, 1, 1, 1, 0, 1, 0, 1
2.918104750000000, 0, 1, 1, 1, 1, 1, 0, 1
2.918105625000000, 1, 1, 1, 1, 1, 1, 0, 1
2.918105875000000, 0, 1, 1, 1, 0, 1, 0, 1
2.918106583333334, 0, 1, 1, 1, 1, 1, 0, 1
2.918107250000000, 1, 1, 1, 1, 1, 1, 0, 1
2.918107333333333, 0, 1, 1, 1, 1, 1, 0, 1
2.918107416666667, 1, 1, 1, 1, 1, 1, 0, 1
2.918107500000000, 0, 1, 1, 1, 1, 1, 0, 1
2.918107583333334, 1, 1, 1, 1, 1, 1, 0, 1
2.918107666666667, 0, 1, 1, 1, 1, 1, 0, 1
2.918107708333333, 1, 1, 1, 1, 1, 1, 0, 1
2.918107791666667, 0, 1, 1, 1, 1, 1, 0, 1
2.918107875000000, 1, 1, 1, 1, 1, 1, 0, 1
2.918107958333334, 0, 1, 1, 1, 0, 1, 0, 1
2.918108041666667, 1, 1, 1, 1, 0, 1, 0, 1
2.918108125000000, 0, 1, 1, 1, 0, 1, 0, 1
2.918108208333333, 1, 1, 1, 1, 0, 1, 0, 1
2.918108291666667, 0, 1, 1, 1, 0, 1, 0, 1
2.918108375000000, 1, 1, 1, 1, 0, 1, 0, 1
2.918108458333334, 0, 1, 1, 1, 0, 1, 0, 1
2.918110541666667, 0, 1, 1, 1, 1, 1, 1, 1
2.918111250000000, 0, 1, 1, 1, 0, 1, 0, 1
2.918111666666667, 0, 1, 1, 1, 1, 1, 0, 1
2.918112583333333, 1, 1, 1, 1, 1, 1, 0, 1
2.918112791666667, 0, 1, 1, 1, 1, 1, 0, 1
2.918113666666667, 0, 1, 1, 1, 0, 1, 0, 1
2.918114291666667, 1, 1, 1, 1, 0, 1, 0, 1
2.918114375000000, 0, 1, 1, 1, 0, 1, 0, 1
2.918114458333334, 1, 1, 1, 1, 0, 1, 0, 1
2.918114541666667, 0, 1, 1, 1, 0, 1, 0, 1
2.918114625000000, 1, 1, 1, 1, 0, 1, 0, 1
2.918114708333333, 0, 1, 1, 1, 0, 1, 0, 1
2.918114791666667, 1, 1, 1, 1, 0, 1, 0, 1
2.918114875000000, 0, 1, 1, 1, 0, 1, 0, 1
2.918114958333334, 1, 1, 1, 1, 0, 1, 0, 1
2.918115041666667, 0, 1, 1, 1, 0, 1, 0, 1
2.918115125000000, 1, 1, 1, 1, 0, 1, 0, 1
2.918115208333333, 0, 1, 1, 1, 0, 1, 0, 1
2.918115250000000, 1, 1, 1, 1, 0, 1, 0, 1
2.918115333333334, 0, 1, 1, 1, 0, 1, 0, 1
2.918115416666667, 1, 1, 1, 1, 0, 1, 0, 1
2.918115500000000, 0, 1, 1, 1, 0, 1, 0, 1
2.918115583333333, 1, 1, 1, 1, 0, 1, 0, 1
2.918115666666667, 0, 1, 1, 1, 0, 1, 0, 1
2.918115750000000, 1, 1, 1, 1, 0, 1, 0, 1
2.918115833333334, 0, 1, 1, 1, 1, 1, 0, 1
2.918115916666667, 1, 1, 1, 1, 1, 1, 0, 1
2.918116000000000, 0, 1, 1, 1, 0, 1, 0, 1
2.918116083333333, 1, 1, 1, 1, 0, 1, 0, 1
2.918116166666667, 0, 1, 1, 1, 0, 1, 0, 1
2.918116208333334, 1, 1, 1, 1, 0, 1, 0, 1
2.918116291666667, 0, 1, 1, 1, 0, 1, 0, 1
2.918116375000000, 1, 1, 1, 1, 0, 1, 0, 1
2.918116458333333, 0, 1, 1, 1, 0, 1, 0, 1
2.918116541666667, 1, 1, 1, 1, 0, 1, 0, 1
2.918116625000000, 0, 1, 1, 1, 1, 1, 0, 1
2.918116708333334, 1, 1, 1, 1, 1, 1, 0, 1
2.918116791666667, 0, 1, 1, 1, 0, 1, 0, 1
2.918118666666667, 0, 1, 1, 1, 1, 1, 1, 1
2.918119375000000, 0, 1, 1, 1, 0, 1, 0, 1
2.918119833333333, 0, 1, 1, 1, 1, 1, 0, 1
2.918120750000000, 1, 1, 1, 1, 1, 1, 0, 1
2.918120833333333, 0, 1, 1, 1, 0, 1, 0, 1
2.918122375000000, 1, 1, 1, 1, 0, 1, 0, 1
2.918122458333333, 0, 1, 1, 1, 0, 1, 0, 1
2.918122541666667, 1, 1, 1, 1, 0, 1, 0, 1
2.918122625000000, 0, 1, 1, 1, 0, 1, 0, 1
2.918122708333334, 1, 1, 1, 1, 0, 1, 0, 1
2.918122791666667, 0, 1, 1, 1, 0, 1, 0, 1
2.918122875000000, 1, 1, 1, 1, 0, 1, 0, 1
2.918122958333333, 0, 1, 1, 1, 0, 1, 0, 1
2.918123000000000, 1, 1, 1, 1, 0, 1, 0, 1
2.918123083333334, 0, 1, 1, 1, 0, 1, 0, 1
2.918123166666667, 1, 1, 1, 1, 0, 1, 0, 1
2.918123250000000, 0, 1, 1, 1, 0, 1, 0, 1
2.918123333333333, 1, 1, 1, 1, 0, 1, 0, 1
2.918123416666667, 0, 1, 1, 1, 0, 1, 0, 1
2.918123500000000, 1, 1, 1, 1, 0, 1, 0, 1
2.918123583333334, 0, 1, 1, 1, 0, 1, 0, 1
2.918123666666667, 1, 1, 1, 1, 0, 1, 0, 1
2.918123750000000, 0, 1, 1, 1, 0, 1, 0, 1
2.918123833333333, 1, 1, 1, 1, 0, 1, 0, 1
2.918123916666667, 0, 1, 1, 1, 0, 1, 0, 1
2.918123958333334, 1, 1, 1, 1, 0, 1, 0, 1
2.918124041666667, 0, 1, 1, 1, 0, 1, 0, 1
2.918124125000000, 1, 1, 1, 1, 0, 1, 0, 1
2.918124208333333, 0, 1, 1, 1, 0, 1, 0, 1
2.918124291666667, 1, 1, 1, 1, 0, 1, 0, 1
2.918124375000000, 0, 1, 1, 1, 1, 1, 0, 1
2.918124458333334, 1, 1, 1, 1, 1, 1, 0, 1
2.918124541666667, 0, 1, 1, 1, 0, 1, 0, 1
2.918124625000000, 1, 1, 1, 1, 0, 1, 0, 1
2.918124708333333, 0, 1, 1, 1, 0, 1, 0, 1
2.918124791666667, 1, 1, 1, 1, 0, 1, 0, 1
2.918124875000000, 0, 1, 1, 1, 0, 1, 0, 1
2.918126750000000, 0, 1, 1, 1, 1, 1, 1, 1
2.918127500000000, 0, 1, 1, 1, 0, 1, 0, 1
2.918128041666667, 0, 1, 1, 1, 1, 1, 0, 1
2.918128916666667, 1, 1, 1, 1, 1, 1, 0, 1
2.918129208333334, 0, 1, 1, 1, 0, 1, 0, 1
2.918130583333333, 1, 1, 1, 1, 0, 1, 0, 1
2.918130666666667, 0, 1, 1, 1, 0, 1, 0, 1
2.918130750000000, 1, 1, 1, 1, 0, 1, 0, 1
2.918130833333334, 0, 1, 1, 1, 1, 1, 0, 1
2.918130916666667, 1, 1, 1, 1, 1, 1, 0, 1
2.918131000000000, 0, 1, 1, 1, 1, 1, 0, 1
2.918131083333333, 1, 1, 1, 1, 1, 1, 0, 1
2.918131166666667, 0, 1, 1, 1, 1, 1, 0, 1
2.918131208333334, 1, 1, 1, 1, 1, 1, 0, 1
2.918131291666667, 0, 1, 1, 1, 0, 1, 0, 1
2.918131375000000, 1, 1, 1, 1, 0, 1, 0, 1
2.918131458333333, 0, 1, 1, 1, 1, 1, 0, 1
2.918131541666667, 1, 1, 1, 1, 1, 1, 0, 1
2.918131625000000, 0, 1, 1, 1, 0, 1, 0, 1
2.918131708333334, 1, 1, 1, 1, 0, 1, 0, 1
2.918131791666667, 0, 1, 1, 1, 0, 1, 0, 1
2.918133875000000, 0, 1, 1, 1, 1, 1, 1, 1
2.918134541666667, 0, 1, 1, 1, 1, 1, 0, 1
2.918134583333333, 0, 1, 1, 1, 0, 1, 0, 1
2.918135041666667, 0, 1, 1, 1, 1, 1, 0, 1
2.918135916666667, 1, 1, 1, 1, 1, 1, 0, 1
2.918136083333334, 0, 1, 1, 1, 0, 1, 0, 1
2.918137625000000, 1, 1, 1, 1, 0, 1, 0, 1
2.918137708333334, 0, 1, 1, 1, 0, 1, 0, 1
2.918137750000000, 1, 1, 1, 1, 0, 1, 0, 1
2.918137833333334, 0, 1, 1, 1, 0, 1, 0, 1
2.918137916666667, 1, 1, 1, 1, 0, 1, 0, 1
2.918138000000000, 0, 1, 1, 1, 0, 1, 0, 1
2.918138083333333, 1, 1, 1, 1, 0, 1, 0, 1
2.918138166666667, 0, 1, 1, 1, 0, 1, 0, 1
2.918138250000000, 1, 1, 1, 1, 0, 1, 0, 1
2.918138333333334, 0, 1, 1, 1, 0, 1, 0, 1
2.918138416666667, 1, 1, 1, 1, 0, 1, 0, 1
2.918138500000000, 0, 1, 1, 1, 0, 1, 0, 1
2.918138583333334, 1, 1, 1, 1, 0, 1, 0, 1
2.918138666666667, 0, 1, 1, 1, 0, 1, 0, 1
2.918138708333334, 1, 1, 1, 1, 0, 1, 0, 1
2.918138791666667, 0, 1, 1, 1, 0, 1, 0, 1
2.918138875000000, 1, 1, 1, 1, 0, 1, 0, 1
2.918138958333333, 0, 1, 1, 1, 1, 1, 0, 1
2.918139041666667, 1, 1, 1, 1, 1, 1, 0, 1
2.918139125000000, 0, 1, 1, 1, 0, 1, 0, 1
2.918139208333333, 1, 1, 1, 1, 0, 1, 0, 1
2.918139291666667, 0, 1, 1, 1, 1, 1, 0, 1
2.918139375000000, 1, 1, 1, 1, 1, 1, 0, 1
2.918139458333334, 0, 1, 1, 1, 0, 1, 0, 1
2.918139541666667, 1, 1, 1, 1, 0, 1, 0, 1
2.918139625000000, 0, 1, 1, 1, 1, 1, 0, 1
2.918139708333333, 1, 1, 1, 1, 1, 1, 0, 1
2.918139791666667, 0, 1, 1, 1, 0, 1, 0, 1
2.918139833333333, 1, 1, 1, 1, 0, 1, 0, 1
2.918139916666667, 0, 1, 1, 1, 1, 1, 0, 1
2.918140000000000, 1, 1, 1, 1, 1, 1, 0, 1
2.918140083333333, 0, 1, 1, 1, 0, 1, 0, 1
2.918142125000000, 0, 1, 1, 1, 1, 1, 1, 1
2.918142916666667, 0, 1, 1, 1, 0, 1, 0, 1
2.918143375000000, 0, 1, 1, 1, 1, 1, 0, 1
2.918144291666667, 1, 1, 1, 1, 1, 1, 0, 1
2.918144458333333, 0, 1, 1, 1, 1, 1, 0, 1
2.918144500000000, 0, 1, 1, 1, 0, 1, 0, 1
2.918145833333333, 1, 1, 1, 1, 0, 1, 0, 1
2.918145916666667, 0, 1, 1, 1, 0, 1, 0, 1
2.918146000000000, 1, 1, 1, 1, 0, 1, 0, 1
2.918146083333334, 0, 1, 1, 1, 1, 1, 0, 1
2.918146166666667, 1, 1, 1, 1, 1, 1, 0, 1
2.918146250000000, 0, 1, 1, 1, 1, 1, 0, 1
2.918146333333334, 1, 1, 1, 1, 1, 1, 0, 1
2.918146416666667, 0, 1, 1, 1, 0, 1, 0, 1
2.918146500000000, 1, 1, 1, 1, 0, 1, 0, 1
2.918146583333333, 0, 1, 1, 1, 1, 1, 0, 1
2.918146666666667, 1, 1, 1, 1, 1, 1, 0, 1
2.918146750000000, 0, 1, 1, 1, 1, 1, 0, 1
2.918146791666667, 1, 1, 1, 1, 1, 1, 0, 1
2.918146875000000, 0, 1, 1, 1, 0, 1, 0, 1
2.918146958333334, 1, 1, 1, 1, 0, 1, 0, 1
2.918147041666667, 0, 1, 1, 1, 0, 1, 0, 1
2.918149125000000, 0, 1, 1, 1, 1, 1, 1, 1
2.918149833333334, 0, 1, 1, 1, 0, 1, 0, 1
2.918150208333333, 0, 1, 1, 1, 1, 1, 0, 1
2.918151083333334, 1, 1, 1, 1, 1, 1, 0, 1
2.918151333333333, 0, 1, 1, 1, 0, 1, 0, 1
2.918152875000000, 1, 1, 1, 1, 0, 1, 0, 1
2.918152958333334, 0, 1, 1, 1, 0, 1, 0, 1
2.918153041666667, 1, 1, 1, 1, 0, 1, 0, 1
2.918153125000000, 0, 1, 1, 1, 0, 1, 0, 1
2.918153208333333, 1, 1, 1, 1, 0, 1, 0, 1
2.918153291666667, 0, 1, 1, 1, 0, 1, 0, 1
2.918153333333334, 1, 1, 1, 1, 0, 1, 0, 1
2.918153416666667, 0, 1, 1, 1, 0, 1, 0, 1
2.918153500000000, 1, 1, 1, 1, 0, 1, 0, 1
2.918153583333333, 0, 1, 1, 1, 0, 1, 0, 1
2.918153666666667, 1, 1, 1, 1, 0, 1, 0, 1
2.918153750000000, 0, 1, 1, 1, 0, 1, 0, 1
2.918153833333334, 1, 1, 1, 1, 0, 1, 0, 1
2.918153916666667, 0, 1, 1, 1, 0, 1, 0, 1
2.918154000000000, 1, 1, 1, 1, 0, 1, 0, 1
2.918154083333333, 0, 1, 1, 1, 0, 1, 0, 1
2.918154166666667, 1, 1, 1, 1, 0, 1, 0, 1
2.918154250000000, 0, 1, 1, 1, 0, 1, 0, 1
2.918154291666667, 1, 1, 1, 1, 0, 1, 0, 1
2.918154375000000, 0, 1, 1, 1, 1, 1, 0, 1
2.918154458333333, 1, 1, 1, 1, 1, 1, 0, 1
2.918154541666667, 0, 1, 1, 1, 0, 1, 0, 1
2.918154625000000, 1, 1, 1, 1, 0, 1, 0, 1
2.918154708333334, 0, 1, 1, 1, 1, 1, 0, 1
2.918154791666667, 1, 1, 1, 1, 1, 1, 0, 1
2.918154875000000, 0, 1, 1, 1, 0, 1, 0, 1
2.918154958333333, 1, 1, 1, 1, 0, 1, 0, 1
2.918155041666667, 0, 1, 1, 1, 0, 1, 0, 1
2.918155125000000, 1, 1, 1, 1, 0, 1, 0, 1
2.918155208333333, 0, 1, 1, 1, 0, 1, 0, 1
2.918155250000000, 1, 1, 1, 1, 0, 1, 0, 1
2.918155333333333, 0, 1, 1, 1, 0, 1, 0, 1
2.918157250000000, 0, 1, 1, 1, 1, 1, 1, 1
2.918159041666667, 1, 1, 1, 1, 1, 1, 1, 1
3.118468083333334, 1, 1, 1, 1, 1, 1, 0, 1
3.118469833333334, 0, 1, 1, 1, 0, 1, 0, 1
3.118471375000000, 1, 1, 1, 1, 0, 1, 0, 1
3.118471458333334, 0, 1, 1, 1, 0, 1, 0, 1
3.118471541666667, 1, 1, 1, 1, 0, 1, 0, 1
3.118471583333334, 0, 1, 1, 1, 0, 1, 0, 1
3.118471666666667, 1, 1, 1, 1, 0, 1, 0, 1
3.118471750000000, 0, 1, 1, 1, 1, 1, 0, 1
3.118471833333333, 1, 1, 1, 1, 1, 1, 0, 1
3.118471916666667, 0, 1, 1, 1, 0, 1, 0, 1
3.118472000000000, 1, 1, 1, 1, 0, 1, 0, 1
3.118472083333334, 0, 1, 1, 1, 0, 1, 0, 1
3.118472166666667, 1, 1, 1, 1, 0, 1, 0, 1
3.118472250000000, 0, 1, 1, 1, 0, 1, 0, 1
3.118472333333334, 1, 1, 1, 1, 0, 1, 0, 1
3.118472416666667, 0, 1, 1, 1, 1, 1, 0, 1
3.118472500000000, 1, 1, 1, 1, 1, 1, 0, 1
3.118472583333333, 0, 1, 1, 1, 0, 1, 0, 1
3.118474750000000, 0, 1, 1, 1, 1, 1, 1, 1
3.118476375000000, 1, 1, 1, 1, 1, 1, 1, 1
3.239475083333334, 1, 1, 1, 1, 1, 1, 0, 1
3.239476708333334, 0, 1, 1, 1, 0, 1, 0, 1
3.239478250000000, 1, 1, 1, 1, 0, 1, 0, 1
3.239478333333333, 0, 1, 1, 1, 0, 1, 0, 1
3.239478416666667, 1, 1, 1, 1, 0, 1, 0, 1
3.239478500000000, 0, 1, 1, 1, 1, 1, 0, 1
3.239478583333334, 1, 1, 1, 1, 1, 1, 0, 1
3.239478666666667, 0, 1, 1, 1, 0, 1, 0, 1
3.239478750000000, 1, 1, 1, 1, 0, 1, 0, 1
3.239478833333334, 0, 1, 1, 1, 1, 1, 0, 1
3.239478875000000, 1, 1, 1, 1, 1, 1, 0, 1
3.239478958333334, 0, 1, 1, 1, 0, 1, 0, 1
3.239479041666667, 1, 1, 1, 1, 0, 1, 0, 1
3.239479125000000, 0, 1, 1, 1, 0, 1, 0, 1
3.239479208333333, 1, 1, 1, 1, 0, 1, 0, 1
3.239479291666667, 0, 1, 1, 1, 1, 1, 0, 1
3.239479375000000, 1, 1, 1, 1, 1, 1, 0, 1
3.239479458333334, 0, 1, 1, 1, 0, 1, 0, 1
3.239481541666667, 0, 1, 1, 1, 1, 1, 1, 1
3.239482333333334, 0, 1, 1, 1, 0, 1, 0, 1
3.239482666666667, 0, 1, 1, 1, 1, 1, 0, 1
3.239483500000000, 1, 1, 1, 1, 1, 1, 0, 1
3.239483916666667, 0, 1, 1, 1, 0, 1, 0, 1
3.239484750000000, 0, 1, 1, 1, 1, 1, 0, 1
3.239485458333334, 1, 1, 1, 1, 1, 1, 0, 1
3.239485541666667, 0, 1, 1, 1, 1, 1, 0, 1
3.239485625000000, 1, 1, 1, 1, 1, 1, 0, 1
3.239485708333333, 0, 1, 1, 1, 0, 1, 0, 1
3.239485791666667, 1, 1, 1, 1, 0, 1, 0, 1
3.239485875000000, 0, 1, 1, 1, 1, 1, 0, 1
3.239485958333334, 1, 1, 1, 1, 1, 1, 0, 1
3.239486041666667, 0, 1, 1, 1, 0, 1, 0, 1
3.239486083333333, 1, 1, 1, 1, 0, 1, 0, 1
3.239486166666667, 0, 1, 1, 1, 0, 1, 0, 1
3.239486250000000, 1, 1, 1, 1, 0, 1, 0, 1
3.239486333333334, 0, 1, 1, 1, 1, 1, 0, 1
3.239486416666667, 1, 1, 1, 1, 1, 1, 0, 1
3.239486500000000, 0, 1, 1, 1, 1, 1, 0, 1
3.239486583333334, 1, 1, 1, 1, 1, 1, 0, 1
3.239486666666667, 0, 1, 1, 1, 0, 1, 0, 1
3.239489583333333, 0, 1, 1, 1, 1, 1, 0, 1
3.239490500000000, 1, 1, 1, 1, 1, 1, 0, 1
3.239490625000000, 0, 1, 1, 1, 1, 1, 0, 1
3.239491375000000, 0, 1, 1, 1, 0, 1, 0, 1
3.239492125000000, 1, 1, 1, 1, 0, 1, 0, 1
3.239492208333334, 0, 1, 1, 1, 0, 1, 0, 1
3.239492291666667, 1, 1, 1, 1, 0, 1, 0, 1
3.239492375000000, 0, 1, 1, 1, 0, 1, 0, 1
3.239492458333333, 1, 1, 1, 1, 0, 1, 0, 1
3.239492541666667, 0, 1, 1, 1, 0, 1, 0, 1
3.239492625000000, 1, 1, 1, 1, 0, 1, 0, 1
3.239492708333334, 0, 1, 1, 1, 0, 1, 0, 1
3.239492791666667, 1, 1, 1, 1, 0, 1, 0, 1
3.239492875000000, 0, 1, 1, 1, 0, 1, 0, 1
3.239492958333333, 1, 1, 1, 1, 0, 1, 0, 1
3.239493041666667, 0, 1, 1, 1, 0, 1, 0, 1
3.239493083333334, 1, 1, 1, 1, 0, 1, 0, 1
3.239493166666667, 0, 1, 1, 1, 0, 1, 0, 1
3.239493250000000, 1, 1, 1, 1, 0, 1, 0, 1
3.239493333333333, 0, 1, 1, 1, 0, 1, 0, 1
3.239493416666667, 1, 1, 1, 1, 0, 1, 0, 1
3.239493500000000, 0, 1, 1, 1, 0, 1, 0, 1
3.239493583333334, 1, 1, 1, 1, 0, 1, 0, 1
3.239493666666667, 0, 1, 1, 1, 0, 1, 0, 1
3.239493750000000, 1, 1, 1, 1, 0, 1, 0, 1
3.239493833333333, 0, 1, 1, 1, 0, 1, 0, 1
3.239493916666667, 1, 1, 1, 1, 0, 1, 0, 1
3.239494000000000, 0, 1, 1, 1, 0, 1, 0, 1
3.239494083333334, 1, 1, 1, 1, 0, 1, 0, 1
3.239494125000000, 0, 1, 1, 1, 0, 1, 0, 1
3.239494208333333, 1, 1, 1, 1, 0, 1, 0, 1
3.239494291666667, 0, 1, 1, 1, 0, 1, 0, 1
3.239494375000000, 1, 1, 1, 1, 0, 1, 0, 1
3.239494458333334, 0, 1, 1, 1, 0, 1, 0, 1
3.239494541666667, 1, 1, 1, 1, 0, 1, 0, 1
3.239494625000000, 0, 1, 1, 1, 0, 1, 0, 1
3.239494708333333, 1, 1, 1, 1, 0, 1, 0, 1
3.239494791666667, 0, 1, 1, 1, 0, 1, 0, 1
3.239494875000000, 1, 1, 1, 1, 0, 1, 0, 1
3.239494958333334, 0, 1, 1, 1, 0, 1, 0, 1
3.239495041666667, 1, 1, 1, 1, 0, 1, 0, 1
3.239495125000000, 0, 1, 1, 1, 0, 1, 0, 1
3.239495166666667, 1, 1, 1, 1, 0, 1, 0, 1
3.239495250000000, 0, 1, 1, 1, 0, 1, 0, 1
3.239495333333334, 1, 1, 1, 1, 0, 1, 0, 1
3.239495416666667, 0, 1, 1, 1, 0, 1, 0, 1
3.239495500000000, 1, 1, 1, 1, 0, 1, 0, 1
3.239495583333333, 0, 1, 1, 1, 0, 1, 0, 1
3.239495666666667, 1, 1, 1, 1, 0, 1, 0, 1
3.239495750000000, 0, 1, 1, 1, 0, 1, 0, 1
3.239495833333334, 1, 1, 1, 1, 0, 1, 0, 1
3.239495916666667, 0, 1, 1, 1, 0, 1, 0, 1
3.239496000000000, 1, 1, 1, 1, 0, 1, 0, 1
3.239496083333333, 0, 1, 1, 1, 0, 1, 0, 1
3.239496125000000, 1, 1, 1, 1, 0, 1, 0, 1
3.239496208333334, 0, 1, 1, 1, 0, 1, 0, 1
3.239496291666667, 1, 1, 1, 1, 0, 1, 0, 1
3.239496375000000, 0, 1, 1, 1, 0, 1, 0, 1
3.239496458333333, 1, 1, 1, 1, 0, 1, 0, 1
3.239496541666667, 0, 1, 1, 1, 0, 1, 0, 1
3.239496625000000, 1, 1, 1, 1, 0, 1, 0, 1
3.239496708333334, 0, 1, 1, 1, 0, 1, 0, 1
3.239496791666667, 1, 1, 1, 1, 0, 1, 0, 1
3.239496875000000, 0, 1, 1, 1, 0, 1, 0, 1
3.239496958333334, 1, 1, 1, 1, 0, 1, 0, 1
3.239497041666667, 0, 1, 1, 1, 0, 1, 0, 1
3.239497125000000, 1, 1, 1, 1, 0, 1, 0, 1
3.239497166666667, 0, 1, 1, 1, 0, 1, 0, 1
3.239499750000000, 0, 1, 1, 1, 1, 1, 1, 1
3.239500875000000, 0, 1, 1, 1, 1, 1, 0, 1
3.239500916666667, 0, 1, 1, 1, 0, 1, 0, 1
3.239501000000000, 0, 1, 1, 1, 1, 1, 0, 1
3.239501875000000, 1, 1, 1, 1, 1, 1, 0, 1
3.239502583333334, 0, 1, 1, 1, 0, 1, 0, 1
3.239504125000000, 1, 1, 1, 1, 0, 1, 0, 1
3.239504208333333, 0, 1, 1, 1, 0, 1, 0, 1
3.239504291666667, 1, 1, 1, 1, 0, 1, 0, 1
3.239504333333334, 1, 1, 1, 1, 1, 1, 0, 1
3.239504375000000, 0, 1, 1, 1, 1, 1, 0, 1
3.239504416666667, 1, 1, 1, 1, 1, 1, 0, 1
3.239504500000000, 0, 1, 1, 1, 0, 1, 0, 1
3.239504583333333, 1, 1, 1, 1, 0, 1, 0, 1
3.239504666666667, 0, 1, 1, 1, 1, 1, 0, 1
3.239504750000000, 1, 1, 1, 1, 1, 1, 0, 1
3.239504833333334, 0, 1, 1, 1, 0, 1, 0, 1
3.239504916666667, 1, 1, 1, 1, 0, 1, 0, 1
3.239505000000000, 0, 1, 1, 1, 1, 1, 0, 1
3.239505083333333, 1, 1, 1, 1, 1, 1, 0, 1
3.239505166666667, 0, 1, 1, 1, 0, 1, 0, 1
3.239505250000000, 1, 1, 1, 1, 0, 1, 0, 1
3.239505333333334, 0, 1, 1, 1, 0, 1, 0, 1
3.239507625000000, 0, 1, 1, 1, 1, 1, 1, 1
3.239508500000000, 0, 1, 1, 1, 0, 1, 0, 1
3.239508666666667, 0, 1, 1, 1, 1, 1, 0, 1
3.239509541666667, 1, 1, 1, 1, 1, 1, 0, 1
3.239510000000000, 0, 1, 1, 1, 0, 1, 0, 1
3.239511541666667, 1, 1, 1, 1, 0, 1, 0, 1
3.239511625000000, 0, 1, 1, 1, 0, 1, 0, 1
3.239511666666667, 1, 1, 1, 1, 0, 1, 0, 1
3.239511750000000, 0, 1, 1, 1, 0, 1, 0, 1
3.239511833333334, 1, 1, 1, 1, 0, 1, 0, 1
3.239511916666667, 0, 1, 1, 1, 0, 1, 0, 1
3.239512000000000, 1, 1, 1, 1, 0, 1, 0, 1
3.239512083333334, 0, 1, 1, 1, 0, 1, 0, 1
3.239512166666667, 1, 1, 1, 1, 0, 1, 0, 1
3.239512250000000, 0, 1, 1, 1, 0, 1, 0, 1
3.239512333333333, 1, 1, 1, 1, 0, 1, 0, 1
3.239512416666667, 0, 1, 1, 1, 0, 1, 0, 1
3.239512500000000, 1, 1, 1, 1, 0, 1, 0, 1
3.239512583333334, 0, 1, 1, 1, 0, 1, 0, 1
3.239512625000000, 1, 1, 1, 1, 0, 1, 0, 1
3.239512708333334, 0, 1, 1, 1, 0, 1, 0, 1
3.239512791666667, 1, 1, 1, 1, 0, 1, 0, 1
3.239512875000000, 0, 1, 1, 1, 0, 1, 0, 1
3.239512958333334, 1, 1, 1, 1, 0, 1, 0, 1
3.239513041666667, 0, 1, 1, 1, 0, 1, 0, 1
3.239513125000000, 1, 1, 1, 1, 0, 1, 0, 1
3.239513208333333, 0, 1, 1, 1, 0, 1, 0, 1
3.239513291666667, 1, 1, 1, 1, 0, 1, 0, 1
3.239513375000000, 0, 1, 1, 1, 0, 1, 0, 1
3.239513458333334, 1, 1, 1, 1, 0, 1, 0, 1
3.239513541666667, 0, 1, 1, 1, 0, 1, 0, 1
3.239513625000000, 1, 1, 1, 1, 0, 1, 0, 1
3.239513666666667, 0, 1, 1, 1, 0, 1, 0, 1
3.239513750000000, 1, 1, 1, 1, 0, 1, 0, 1
3.239513833333334, 0, 1, 1, 1, 0, 1, 0, 1
3.239513916666667, 1, 1, 1, 1, 0, 1, 0, 1
3.239514000000000, 0, 1, 1, 1, 0, 1, 0, 1
3.239515833333333, 0, 1, 1, 1, 1, 1, 1, 1
3.239516583333334, 0, 1, 1, 1, 0, 1, 0, 1
3.239517125000000, 0, 1, 1, 1, 1, 1, 0, 1
3.239518000000000, 1, 1, 1, 1, 1, 1, 0, 1
3.239518041666667, 0, 1, 1, 1, 0, 1, 0, 1
3.239519541666667, 1, 1, 1, 1, 0, 1, 0, 1
3.239519625000000, 0, 1, 1, 1, 0, 1, 0, 1
3.239519708333333, 1, 1, 1, 1, 0, 1, 0, 1
3.239519791666667, 0, 1, 1, 1, 0, 1, 0, 1
3.239519875000000, 1, 1, 1, 1, 0, 1, 0, 1
3.239519958333334, 0, 1, 1, 1, 0, 1, 0, 1
3.239520041666667, 1, 1, 1, 1, 0, 1, 0, 1
3.239520125000000, 0, 1, 1, 1, 0, 1, 0, 1
3.239520208333333, 1, 1, 1, 1, 0, 1, 0, 1
3.239520291666667, 0, 1, 1, 1, 0, 1, 0, 1
3.239520375000000, 1, 1, 1, 1, 0, 1, 0, 1
3.239520416666667, 0, 1, 1, 1, 0, 1, 0, 1
3.239520500000000, 1, 1, 1, 1, 0, 1, 0, 1
3.239520583333333, 0, 1, 1, 1, 0, 1, 0, 1
3.239520666666667, 1, 1, 1, 1, 0, 1, 0, 1
3.239520750000000, 0, 1, 1, 1, 0, 1, 0, 1
3.239520833333334, 1, 1, 1, 1, 0, 1, 0, 1
3.239520916666667, 0, 1, 1, 1, 0, 1, 0, 1
3.239521000000000, 1, 1, 1, 1, 0, 1, 0, 1
3.239521083333333, 0, 1, 1, 1, 0, 1, 0, 1
3.239521166666667, 1, 1, 1, 1, 0, 1, 0, 1
3.239521250000000, 0, 1, 1, 1, 0, 1, 0, 1
3.239521333333334, 1, 1, 1, 1, 0, 1, 0, 1
3.239521416666667, 0, 1, 1, 1, 0, 1, 0, 1
3.239521458333333, 1, 1, 1, 1, 0, 1, 0, 1
3.239521541666667, 0, 1, 1, 1, 0, 1, 0, 1
3.239521625000000, 1, 1, 1, 1, 0, 1, 0, 1
3.239521708333334, 0, 1, 1, 1, 0, 1, 0, 1
3.239521791666667, 1, 1, 1, 1, 0, 1, 0, 1
3.239521875000000, 0, 1, 1, 1, 0, 1, 0, 1
3.239521958333333, 1, 1, 1, 1, 0, 1, 0, 1
3.239522041666667, 0, 1, 1, 1, 0, 1, 0, 1
3.239523666666667, 0, 1, 1, 1, 1, 1, 1, 1
3.239524333333334, 0, 1, 1, 1, 0, 1, 0, 1
3.239525000000000, 0, 1, 1, 1, 1, 1, 0, 1
3.239525791666667, 0, 1, 1, 1, 0, 1, 0, 1
3.239527333333334, 1, 1, 1, 1, 0, 1, 0, 1
3.239527416666667, 0, 1, 1, 1, 0, 1, 0, 1
3.239527500000000, 1, 1, 1, 1, 0, 1, 0, 1
3.239527583333333, 0, 1, 1, 1, 0, 1, 0, 1
3.239527666666667, 1, 1, 1, 1, 0, 1, 0, 1
3.239527750000000, 0, 1, 1, 1, 0, 1, 0, 1
3.239527833333334, 1, 1, 1, 1, 0, 1, 0, 1
3.239527916666667, 0, 1, 1, 1, 0, 1, 0, 1
3.239527958333333, 1, 1, 1, 1, 0, 1, 0, 1
3.239528041666667, 0, 1, 1, 1, 0, 1, 0, 1
3.239528125000000, 1, 1, 1, 1, 0, 1, 0, 1
3.239528208333334, 0, 1, 1, 1, 0, 1, 0, 1
3.239528291666667, 1, 1, 1, 1, 0, 1, 0, 1
3.239528375000000, 0, 1, 1, 1, 0, 1, 0, 1
3.239528458333333, 1, 1, 1, 1, 0, 1, 0, 1
3.239528541666667, 0, 1, 1, 1, 0, 1, 0, 1
3.239528625000000, 1, 1, 1, 1, 0, 1, 0, 1
3.239528708333334, 0, 1, 1, 1, 0, 1, 0, 1
3.239528791666667, 1, 1, 1, 1, 0, 1, 0, 1
3.239528875000000, 0, 1, 1, 1, 0, 1, 0, 1
3.239528916666667, 1, 1, 1, 1, 0, 1, 0, 1
3.239529000000000, 0, 1, 1, 1, 0, 1, 0, 1
3.239529083333334, 1, 1, 1, 1, 0, 1, 0, 1
3.239529166666667, 0, 1, 1, 1, 0, 1, 0, 1
3.239529250000000, 1, 1, 1, 1, 0, 1, 0, 1
3.239529333333333, 0, 1, 1, 1, 0, 1, 0, 1
3.239529416666667, 1, 1, 1, 1, 0, 1, 0, 1
3.239529500000000, 0, 1, 1, 1, 0, 1, 0, 1
3.239529583333334, 1, 1, 1, 1, 0, 1, 0, 1
3.239529666666667, 0, 1, 1, 1, 1, 1, 0, 1
3.239529750000000, 1, 1, 1, 1, 1, 1, 0, 1
3.239529833333334, 0, 1, 1, 1, 0, 1, 0, 1
3.239531458333333, 0, 1, 1, 1, 1, 1, 1, 1
3.239532166666667, 0, 1, 1, 1, 0, 1, 0, 1
3.239532666666667, 0, 1, 1, 1, 1, 1, 0, 1
3.239533541666667, 1, 1, 1, 1, 1, 1, 0, 1
3.239533625000000, 0, 1, 1, 1, 0, 1, 0, 1
3.239535166666667, 1, 1, 1, 1, 0, 1, 0, 1
3.239535208333334, 0, 1, 1, 1, 0, 1, 0, 1
3.239535291666667, 1, 1, 1, 1, 0, 1, 0, 1
3.239535375000000, 0, 1, 1, 1, 0, 1, 0, 1
3.239535458333334, 1, 1, 1, 1, 0, 1, 0, 1
3.239535541666667, 0, 1, 1, 1, 0, 1, 0, 1
3.239535625000000, 1, 1, 1, 1, 0, 1, 0, 1
3.239535708333333, 0, 1, 1, 1, 0, 1, 0, 1
3.239535791666667, 1, 1, 1, 1, 0, 1, 0, 1
3.239535875000000, 0, 1, 1, 1, 0, 1, 0, 1
3.239535958333334, 1, 1, 1, 1, 0, 1, 0, 1
3.239536041666667, 0, 1, 1, 1, 0, 1, 0, 1
3.239536125000000, 1, 1, 1, 1, 0, 1, 0, 1
3.239536208333333, 0, 1, 1, 1, 0, 1, 0, 1
3.239536250000000, 1, 1, 1, 1, 0, 1, 0, 1
3.239536333333334, 0, 1, 1, 1, 1, 1, 0, 1
3.239536416666667, 1, 1, 1, 1, 1, 1, 0, 1
3.239536500000000, 0, 1, 1, 1, 1, 1, 0, 1
3.239536583333333, 1, 1, 1, 1, 1, 1, 0, 1
3.239536666666667, 0, 1, 1, 1, 0, 1, 0, 1
3.239536750000000, 1, 1, 1, 1, 0, 1, 0, 1
3.239536833333334, 0, 1, 1, 1, 1, 1, 0, 1
3.239536916666667, 1, 1, 1, 1, 1, 1, 0, 1
3.239537000000000, 0, 1, 1, 1, 1, 1, 0, 1
3.239537083333333, 1, 1, 1, 1, 1, 1, 0, 1
3.239537166666667, 0, 1, 1, 1, 1, 1, 0, 1
3.239537208333334, 1, 1, 1, 1, 1, 1, 0, 1
3.239537291666667, 0, 1, 1, 1, 1, 1, 0, 1
3.239537375000000, 1, 1, 1, 1, 1, 1, 0, 1
3.239537458333333, 0, 1, 1, 1, 1, 1, 0, 1
3.239537541666667, 1, 1, 1, 1, 1, 1, 0, 1
3.239537625000000, 0, 1, 1, 1, 0, 1, 0, 1
3.239539250000000, 0, 1, 1, 1, 1, 1, 1, 1
3.239539916666667, 0, 1, 1, 1, 0, 1, 0, 1
3.239540458333333, 0, 1, 1, 1, 1, 1, 0, 1
3.239541375000000, 1, 1, 1, 1, 1, 1, 0, 1
3.239541458333334, 0, 1, 1, 1, 0, 1, 0, 1
3.239542833333334, 1, 1, 1, 1, 0, 1, 0, 1
3.239542916666667, 0, 1, 1, 1, 0, 1, 0, 1
3.239543000000000, 1, 1, 1, 1, 0, 1, 0, 1
3.239543083333333, 0, 1, 1, 1, 1, 1, 0, 1
3.239543166666667, 1, 1, 1, 1, 1, 1, 0, 1
3.239543250000000, 0, 1, 1, 1, 0, 1, 0, 1
3.239543291666667, 1, 1, 1, 1, 0, 1, 0, 1
3.239543375000000, 0, 1, 1, 1, 1, 1, 0, 1
3.239543458333333, 1, 1, 1, 1, 1, 1, 0, 1
3.239543541666667, 0, 1, 1, 1, 0, 1, 0, 1
3.239543625000000, 1, 1, 1, 1, 0, 1, 0, 1
3.239543708333334, 0, 1, 1, 1, 1, 1, 0, 1
3.239543791666667, 1, 1, 1, 1, 1, 1, 0, 1
3.239543875000000, 0, 1, 1, 1, 1, 1, 0, 1
3.239543958333333, 1, 1, 1, 1, 1, 1, 0, 1
3.239544041666667, 0, 1, 1, 1, 1, 1, 0, 1
3.239546041666667, 0, 1, 1, 1, 1, 1, 1, 1
3.239546791666667, 0, 1, 1, 1, 1, 1, 0, 1
3.239548333333333, 0, 1, 1, 1, 0, 1, 0, 1
3.239549875000000, 1, 1, 1, 1, 0, 1, 0, 1
3.239549958333333, 0, 1, 1, 1, 0, 1, 0, 1
3.239550000000000, 1, 1, 1, 1, 0, 1, 0, 1
3.239550083333333, 0, 1, 1, 1, 0, 1, 0, 1
3.239550166666667, 1, 1, 1, 1, 0, 1, 0, 1
3.239550250000000, 0, 1, 1, 1, 0, 1, 0, 1
3.239550333333333, 1, 1, 1, 1, 0, 1, 0, 1
3.239550416666667, 0, 1, 1, 1, 0, 1, 0, 1
3.239550500000000, 1, 1, 1, 1, 0, 1, 0, 1
3.239550583333334, 0, 1, 1, 1, 0, 1, 0, 1
3.239550666666667, 1, 1, 1, 1, 0, 1, 0, 1
3.239550750000000, 0, 1, 1, 1, 0, 1, 0, 1
3.239550833333333, 1, 1, 1, 1, 0, 1, 0, 1
3.239550916666667, 0, 1, 1, 1, 0, 1, 0, 1
3.239550958333334, 1, 1, 1, 1, 0, 1, 0, 1
3.239551041666667, 0, 1, 1, 1, 0, 1, 0, 1
3.239551125000000, 1, 1, 1, 1, 0, 1, 0, 1
3.239551208333333, 0, 1, 1, 1, 0, 1, 0, 1
3.239551291666667, 1, 1, 1, 1, 0, 1, 0, 1
3.239551375000000, 0, 1, 1, 1, 0, 1, 0, 1
3.239551458333334, 1, 1, 1, 1, 0, 1, 0, 1
3.239551541666667, 0, 1, 1, 1, 0, 1, 0, 1
3.239551625000000, 1, 1, 1, 1, 0, 1, 0, 1
3.239551708333333, 0, 1, 1, 1, 0, 1, 0, 1
3.239551791666667, 1, 1, 1, 1, 0, 1, 0, 1
3.239551875000000, 0, 1, 1, 1, 0, 1, 0, 1
3.239551958333334, 1, 1, 1, 1, 0, 1, 0, 1
3.239552000000000, 0, 1, 1, 1, 0, 1, 0, 1
3.239552083333333, 1, 1, 1, 1, 0, 1, 0, 1
3.239552166666667, 0, 1, 1, 1, 0, 1, 0, 1
3.239552250000000, 1, 1, 1, 1, 0, 1, 0, 1
3.239552333333334, 0, 1, 1, 1, 0, 1, 0, 1
3.239554458333334, 0, 1, 1, 1, 1, 1, 1, 1
3.239555291666667, 0, 1, 1, 1, 0, 1, 0, 1
3.239555666666667, 0, 1, 1, 1, 1, 1, 0, 1
3.239556583333334, 1, 1, 1, 1, 1, 1, 0, 1
3.239556791666667, 0, 1, 1, 1, 0, 1, 0, 1
3.239558333333334, 1, 1, 1, 1, 0, 1, 0, 1
3.239558416666667, 0, 1, 1, 1, 0, 1, 0, 1
3.239558500000000, 1, 1, 1, 1, 0, 1, 0, 1
3.239558583333333, 0, 1, 1, 1, 0, 1, 0, 1
3.239558666666667, 1, 1, 1, 1, 0, 1, 0, 1
3.239558750000000, 0, 1, 1, 1, 0, 1, 0, 1
3.239558791666667, 1, 1, 1, 1, 0, 1, 0, 1
3.239558875000000, 0, 1, 1, 1, 0, 1, 0, 1
3.239558958333334, 1, 1, 1, 1, 0, 1, 0, 1
3.239559041666667, 0, 1, 1, 1, 0, 1, 0, 1
3.239559125000000, 1, 1, 1, 1, 0, 1, 0, 1
3.239559208333334, 0, 1, 1, 1, 0, 1, 0, 1
3.239559291666667, 1, 1, 1, 1, 0, 1, 0, 1
3.239559375000000, 0, 1, 1, 1, 0, 1, 0, 1
3.239559458333333, 1, 1, 1, 1, 0, 1, 0, 1
3.239559541666667, 0, 1, 1, 1, 0, 1, 0, 1
3.239559625000000, 1, 1, 1, 1, 0, 1, 0, 1
3.239559708333334, 0, 1, 1, 1, 0, 1, 0, 1
3.239559750000000, 1, 1, 1, 1, 0, 1, 0, 1
3.239559833333334, 0, 1, 1, 1, 0, 1, 0, 1
3.239559916666667, 1, 1, 1, 1, 0, 1, 0, 1
3.239560000000000, 0, 1, 1, 1, 0, 1, 0, 1
3.239560083333334, 1, 1, 1, 1, 0, 1, 0, 1
3.239560166666667, 0, 1, 1, 1, 0, 1, 0, 1
3.239560250000000, 1, 1, 1, 1, 0, 1, 0, 1
3.239560333333333, 0, 1, 1, 1, 0, 1, 0, 1
3.239560416666667, 1, 1, 1, 1, 0, 1, 0, 1
3.239560500000000, 0, 1, 1, 1, 0, 1, 0, 1
3.239560583333334, 1, 1, 1, 1, 0, 1, 0, 1
3.239560666666667, 0, 1, 1, 1, 0, 1, 0, 1
3.239560708333333, 1, 1, 1, 1, 0, 1, 0, 1
3.239560791666667, 0, 1, 1, 1, 0, 1, 0, 1
3.239562875000000, 0, 1, 1, 1, 1, 1, 1, 1
3.239563541666667, 0, 1, 1, 1, 0, 1, 0, 1
3.239564166666667, 0, 1, 1, 1, 1, 1, 0, 1
3.239565000000000, 0, 1, 1, 1, 0, 1, 0, 1
3.239566541666667, 1, 1, 1, 1, 0, 1, 0, 1
3.239566625000000, 0, 1, 1, 1, 0, 1, 0, 1
3.239566708333334, 1, 1, 1, 1, 0, 1, 0, 1
3.239566750000000, 0, 1, 1, 1, 0, 1, 0, 1
3.239566833333333, 1, 1, 1, 1, 0, 1, 0, 1
3.239566916666667, 0, 1, 1, 1, 0, 1, 0, 1
3.239567000000000, 1, 1, 1, 1, 0, 1, 0, 1
3.239567083333334, 0, 1, 1, 1, 0, 1, 0, 1
3.239567166666667, 1, 1, 1, 1, 0, 1, 0, 1
3.239567250000000, 0, 1, 1, 1, 0, 1, 0, 1
3.239567333333333, 1, 1, 1, 1, 0, 1, 0, 1
3.239567416666667, 0, 1, 1, 1, 0, 1, 0, 1
3.239567500000000, 1, 1, 1, 1, 0, 1, 0, 1
3.239567583333334, 0, 1, 1, 1, 0, 1, 0, 1
3.239567666666667, 1, 1, 1, 1, 0, 1, 0, 1
3.239567750000000, 0, 1, 1, 1, 0, 1, 0, 1
3.239567791666667, 1, 1, 1, 1, 0, 1, 0, 1
3.239567875000000, 0, 1, 1, 1, 0, 1, 0, 1
3.239567958333334, 1, 1, 1, 1, 0, 1, 0, 1
3.239568041666667, 0, 1, 1, 1, 0, 1, 0, 1
3.239568125000000, 1, 1, 1, 1, 0, 1, 0, 1
3.239568208333333, 0, 1, 1, 1, 0, 1, 0, 1
3.239568291666667, 1, 1, 1, 1, 0, 1, 0, 1
3.239568375000000, 0, 1, 1, 1, 0, 1, 0, 1
3.239568458333334, 1, 1, 1, 1, 0, 1, 0, 1
3.239568541666667, 0, 1, 1, 1, 0, 1, 0, 1
3.239568625000000, 1, 1, 1, 1, 0, 1, 0, 1
3.239568708333334, 0, 1, 1, 1, 0, 1, 0, 1
3.239568750000000, 1, 1, 1, 1, 0, 1, 0, 1
3.239568833333334, 0, 1, 1, 1, 1, 1, 0, 1
3.239568916666667, 1, 1, 1, 1, 1, 1, 0, 1
3.239569000000000, 0, 1, 1, 1, 0, 1, 0, 1
3.239570666666667, 0, 1, 1, 1, 1, 1, 1, 1
3.239571375000000, 0, 1, 1, 1, 0, 1, 0, 1
3.239571916666667, 0, 1, 1, 1, 1, 1, 0, 1
3.239572791666667, 1, 1, 1, 1, 1, 1, 0, 1
3.239572833333333, 0, 1, 1, 1, 0, 1, 0, 1
3.239574375000000, 1, 1, 1, 1, 0, 1, 0, 1
3.239574458333334, 0, 1, 1, 1, 0, 1, 0, 1
3.239574500000000, 1, 1, 1, 1, 0, 1, 0, 1
3.239574583333333, 0, 1, 1, 1, 0, 1, 0, 1
3.239574666666667, 1, 1, 1, 1, 0, 1, 0, 1
3.239574750000000, 0, 1, 1, 1, 0, 1, 0, 1
3.239574833333334, 1, 1, 1, 1, 0, 1, 0, 1
3.239574916666667, 0, 1, 1, 1, 0, 1, 0, 1
3.239575000000000, 1, 1, 1, 1, 0, 1, 0, 1
3.239575083333333, 0, 1, 1, 1, 0, 1, 0, 1
3.239575166666667, 1, 1, 1, 1, 0, 1, 0, 1
3.239575250000000, 0, 1, 1, 1, 0, 1, 0, 1
3.239575333333334, 1, 1, 1, 1, 0, 1, 0, 1
3.239575416666667, 0, 1, 1, 1, 0, 1, 0, 1
3.239575458333333, 1, 1, 1, 1, 0, 1, 0, 1
3.239575541666667, 0, 1, 1, 1, 0, 1, 0, 1
3.239575625000000, 1, 1, 1, 1, 0, 1, 0, 1
3.239575708333334, 0, 1, 1, 1, 0, 1, 0, 1
3.239575791666667, 1, 1, 1, 1, 0, 1, 0, 1
3.239575875000000, 0, 1, 1, 1, 1, 1, 0, 1
3.239575958333333, 1, 1, 1, 1, 1, 1, 0, 1
3.239576041666667, 0, 1, 1, 1, 1, 1, 0, 1
3.239576125000000, 1, 1, 1, 1, 1, 1, 0, 1
3.239576208333334, 0, 1, 1, 1, 1, 1, 0, 1
3.239576291666667, 1, 1, 1, 1, 1, 1, 0, 1
3.239576375000000, 0, 1, 1, 1, 1, 1, 0, 1
3.239576458333334, 1, 1, 1, 1, 1, 1, 0, 1
3.239576500000000, 0, 1, 1, 1, 1, 1, 0, 1
3.239576583333334, 1, 1, 1, 1, 1, 1, 0, 1
3.239576666666667, 0, 1, 1, 1, 1, 1, 0, 1
3.239576750000000, 1, 1, 1, 1, 1, 1, 0, 1
3.239576833333333, 0, 1, 1, 1, 0, 1, 0, 1
3.239578916666667, 0, 1, 1, 1, 1, 1, 1, 1
3.239579541666667, 0, 1, 1, 1, 0, 1, 0, 1
3.239580083333334, 0, 1, 1, 1, 1, 1, 0, 1
3.239581000000000, 1, 1, 1, 1, 1, 1, 0, 1
3.239581083333333, 0, 1, 1, 1, 0, 1, 0, 1
3.239582458333333, 1, 1, 1, 1, 0, 1, 0, 1
3.239582541666667, 0, 1, 1, 1, 0, 1, 0, 1
3.239582625000000, 1, 1, 1, 1, 0, 1, 0, 1
3.239582708333334, 0, 1, 1, 1, 1, 1, 0, 1
3.239582750000000, 1, 1, 1, 1, 1, 1, 0, 1
3.239582833333333, 0, 1, 1, 1, 0, 1, 0, 1
3.239582916666667, 1, 1, 1, 1, 0, 1, 0, 1
3.239583000000000, 0, 1, 1, 1, 1, 1, 0, 1
3.239583083333334, 1, 1, 1, 1, 1, 1, 0, 1
3.239583166666667, 0, 1, 1, 1, 1, 1, 0, 1
3.239583250000000, 1, 1, 1, 1, 1, 1, 0, 1
3.239583333333333, 0, 1, 1, 1, 0, 1, 0, 1
3.239583416666667, 1, 1, 1, 1, 0, 1, 0, 1
3.239583500000000, 0, 1, 1, 1, 0, 1, 0, 1
3.239583583333334, 1, 1, 1, 1, 0, 1, 0, 1
3.239583666666667, 0, 1, 1, 1, 0, 1, 0, 1
3.239585708333334, 0, 1, 1, 1, 1, 1, 1, 1
