Time[s], Channel 0, Channel 1, Channel 2, Channel 3, Channel 4, Channel 5, Channel 6, Channel 7
3.145615500000000, 0, 1, 1, 1, 1, 1, 1, 1
3.145616208333334, 0, 1, 1, 1, 1, 1, 0, 1
3.145616250000000, 0, 1, 1, 1, 0, 1, 0, 1
3.145616291666667, 0, 1, 1, 1, 1, 1, 0, 1
3.145617166666667, 1, 1, 1, 1, 1, 1, 0, 1
3.145617750000000, 0, 1, 1, 1, 1, 1, 0, 1
3.145618583333333, 0, 1, 1, 1, 0, 1, 0, 1
3.145619250000000, 1, 1, 1, 1, 0, 1, 0, 1
3.145619333333333, 0, 1, 1, 1, 0, 1, 0, 1
3.145619416666667, 1, 1, 1, 1, 0, 1, 0, 1
3.145619500000000, 0, 1, 1, 1, 0, 1, 0, 1
3.145619583333334, 1, 1, 1, 1, 0, 1, 0, 1
3.145619666666667, 0, 1, 1, 1, 0, 1, 0, 1
3.145619750000000, 1, 1, 1, 1, 0, 1, 0, 1
3.145619833333333, 0, 1, 1, 1, 0, 1, 0, 1
3.145619916666667, 1, 1, 1, 1, 0, 1, 0, 1
3.145620000000000, 0, 1, 1, 1, 0, 1, 0, 1
3.145620083333334, 1, 1, 1, 1, 0, 1, 0, 1
3.145620166666667, 0, 1, 1, 1, 0, 1, 0, 1
3.145620208333333, 1, 1, 1, 1, 0, 1, 0, 1
3.145620291666667, 0, 1, 1, 1, 0, 1, 0, 1
3.145620375000000, 1, 1, 1, 1, 0, 1, 0, 1
3.145620458333334, 0, 1, 1, 1, 0, 1, 0, 1
3.145620541666667, 1, 1, 1, 1, 0, 1, 0, 1
3.145620625000000, 0, 1, 1, 1, 0, 1, 0, 1
3.145620708333333, 1, 1, 1, 1, 0, 1, 0, 1
3.145620791666667, 0, 1, 1, 1, 0, 1, 0, 1
3.145620875000000, 1, 1, 1, 1, 0, 1, 0, 1
3.145620958333334, 0, 1, 1, 1, 0, 1, 0, 1
3.145621041666667, 1, 1, 1, 1, 0, 1, 0, 1
3.145621125000000, 0, 1, 1, 1, 0, 1, 0, 1
3.145621208333333, 1, 1, 1, 1, 0, 1, 0, 1
3.145621250000000, 0, 1, 1, 1, 0, 1, 0, 1
3.145621333333334, 1, 1, 1, 1, 0, 1, 0, 1
3.145621416666667, 0, 1, 1, 1, 0, 1, 0, 1
3.145621500000000, 1, 1, 1, 1, 0, 1, 0, 1
3.145621583333333, 0, 1, 1, 1, 0, 1, 0, 1
3.145621666666667, 1, 1, 1, 1, 0, 1, 0, 1
3.145621750000000, 0, 1, 1, 1, 0, 1, 0, 1
3.145623416666667, 0, 1, 1, 1, 1, 1, 1, 1
3.145624125000000, 0, 1, 1, 1, 0, 1, 0, 1
3.145624666666667, 0, 1, 1, 1, 1, 1, 0, 1
3.145625500000000, 1, 1, 1, 1, 1, 1, 0, 1
3.145625541666667, 0, 1, 1, 1, 0, 1, 0, 1
3.145627083333334, 1, 1, 1, 1, 0, 1, 0, 1
3.145627166666667, 0, 1, 1, 1, 0, 1, 0, 1
3.145627250000000, 1, 1, 1, 1, 0, 1, 0, 1
3.145627333333334, 0, 1, 1, 1, 0, 1, 0, 1
3.145627416666667, 1, 1, 1, 1, 0, 1, 0, 1
3.145627500000000, 0, 1, 1, 1, 0, 1, 0, 1
3.145627583333333, 1, 1, 1, 1, 0, 1, 0, 1
3.145627666666667, 0, 1, 1, 1, 0, 1, 0, 1
3.145627708333333, 1, 1, 1, 1, 0, 1, 0, 1
3.145627791666667, 0, 1, 1, 1, 0, 1, 0, 1
3.145627875000000, 1, 1, 1, 1, 0, 1, 0, 1
3.145627958333333, 0, 1, 1, 1, 0, 1, 0, 1
3.145628041666667, 1, 1, 1, 1, 0, 1, 0, 1
3.145628125000000, 0, 1, 1, 1, 0, 1, 0, 1
3.145628208333334, 1, 1, 1, 1, 0, 1, 0, 1
3.145628291666667, 0, 1, 1, 1, 0, 1, 0, 1
3.145628375000000, 1, 1, 1, 1, 0, 1, 0, 1
3.145628458333333, 0, 1, 1, 1, 0, 1, 0, 1
3.145628541666667, 1, 1, 1, 1, 0, 1, 0, 1
3.145628625000000, 0, 1, 1, 1, 0, 1, 0, 1
3.145628708333334, 1, 1, 1, 1, 0, 1, 0, 1
3.145628750000000, 0, 1, 1, 1, 0, 1, 0, 1
3.145628833333333, 1, 1, 1, 1, 0, 1, 0, 1
3.145628916666667, 0, 1, 1, 1, 1, 1, 0, 1
3.145629000000000, 1, 1, 1, 1, 1, 1, 0, 1
3.145629083333334, 0, 1, 1, 1, 0, 1, 0, 1
3.145629166666667, 1, 1, 1, 1, 0, 1, 0, 1
3.145629250000000, 0, 1, 1, 1, 0, 1, 0, 1
3.145629333333333, 1, 1, 1, 1, 0, 1, 0, 1
3.145629416666667, 0, 1, 1, 1, 0, 1, 0, 1
3.145629500000000, 1, 1, 1, 1, 0, 1, 0, 1
3.145629583333334, 0, 1, 1, 1, 0, 1, 0, 1
3.145631416666667, 0, 1, 1, 1, 1, 1, 1, 1
3.145632166666667, 0, 1, 1, 1, 0, 1, 0, 1
3.145632708333333, 0, 1, 1, 1, 1, 1, 0, 1
3.145633541666667, 1, 1, 1, 1, 1, 1, 0, 1
3.145633750000000, 0, 1, 1, 1, 0, 1, 0, 1
3.145634458333333, 0, 1, 1, 1, 1, 1, 0, 1
3.145635083333334, 1, 1, 1, 1, 1, 1, 0, 1
3.145635166666667, 0, 1, 1, 1, 1, 1, 0, 1
3.145635250000000, 1, 1, 1, 1, 1, 1, 0, 1
3.145635333333333, 0, 1, 1, 1, 0, 1, 0, 1
3.145635416666667, 1, 1, 1, 1, 0, 1, 0, 1
3.145635500000000, 0, 1, 1, 1, 0, 1, 0, 1
3.145635583333334, 1, 1, 1, 1, 0, 1, 0, 1
3.145635666666667, 0, 1, 1, 1, 0, 1, 0, 1
3.145635750000000, 1, 1, 1, 1, 0, 1, 0, 1
3.145635833333333, 0, 1, 1, 1, 0, 1, 0, 1
3.145635916666667, 1, 1, 1, 1, 0, 1, 0, 1
3.145636000000000, 0, 1, 1, 1, 0, 1, 0, 1
3.145636041666667, 1, 1, 1, 1, 0, 1, 0, 1
3.145636125000000, 0, 1, 1, 1, 0, 1, 0, 1
3.145636208333333, 1, 1, 1, 1, 0, 1, 0, 1
3.145636291666667, 0, 1, 1, 1, 0, 1, 0, 1
3.145638416666667, 0, 1, 1, 1, 1, 1, 1, 1
3.145639083333334, 0, 1, 1, 1, 0, 1, 0, 1
3.145639500000000, 0, 1, 1, 1, 1, 1, 0, 1
3.145640416666667, 1, 1, 1, 1, 1, 1, 0, 1
3.145640625000000, 0, 1, 1, 1, 1, 1, 0, 1
3.145641375000000, 0, 1, 1, 1, 0, 1, 0, 1
3.145642125000000, 1, 1, 1, 1, 0, 1, 0, 1
3.145642208333334, 0, 1, 1, 1, 0, 1, 0, 1
3.145642291666667, 1, 1, 1, 1, 0, 1, 0, 1
3.145642375000000, 0, 1, 1, 1, 0, 1, 0, 1
3.145642458333334, 1, 1, 1, 1, 0, 1, 0, 1
3.145642541666667, 0, 1, 1, 1, 0, 1, 0, 1
3.145642625000000, 1, 1, 1, 1, 0, 1, 0, 1
3.145642708333333, 0, 1, 1, 1, 0, 1, 0, 1
3.145642791666667, 1, 1, 1, 1, 0, 1, 0, 1
3.145642875000000, 0, 1, 1, 1, 0, 1, 0, 1
3.145642958333334, 1, 1, 1, 1, 0, 1, 0, 1
3.145643041666667, 0, 1, 1, 1, 0, 1, 0, 1
3.145643083333333, 1, 1, 1, 1, 0, 1, 0, 1
3.145643166666667, 0, 1, 1, 1, 0, 1, 0, 1
3.145643250000000, 1, 1, 1, 1, 0, 1, 0, 1
3.145643333333334, 0, 1, 1, 1, 0, 1, 0, 1
3.145643416666667, 1, 1, 1, 1, 0, 1, 0, 1
3.145643500000000, 0, 1, 1, 1, 0, 1, 0, 1
3.145643583333333, 1, 1, 1, 1, 0, 1, 0, 1
3.145643666666667, 0, 1, 1, 1, 0, 1, 0, 1
3.145643750000000, 1, 1, 1, 1, 0, 1, 0, 1
3.145643833333334, 0, 1, 1, 1, 1, 1, 0, 1
3.145643916666667, 1, 1, 1, 1, 1, 1, 0, 1
3.145644000000000, 0, 1, 1, 1, 1, 1, 0, 1
3.145644041666667, 1, 1, 1, 1, 1, 1, 0, 1
3.145644125000000, 0, 1, 1, 1, 0, 1, 0, 1
3.145644208333334, 1, 1, 1, 1, 0, 1, 0, 1
3.145644291666667, 0, 1, 1, 1, 0, 1, 0, 1
3.145644375000000, 1, 1, 1, 1, 0, 1, 0, 1
3.145644458333333, 0, 1, 1, 1, 1, 1, 0, 1
3.145644541666667, 1, 1, 1, 1, 1, 1, 0, 1
3.145644625000000, 0, 1, 1, 1, 0, 1, 0, 1
3.145646458333334, 0, 1, 1, 1, 1, 1, 1, 1
3.145647166666667, 0, 1, 1, 1, 0, 1, 0, 1
3.145647666666667, 0, 1, 1, 1, 1, 1, 0, 1
3.145648541666667, 1, 1, 1, 1, 1, 1, 0, 1
3.145648583333334, 0, 1, 1, 1, 0, 1, 0, 1
3.145650125000000, 1, 1, 1, 1, 0, 1, 0, 1
3.145650208333334, 0, 1, 1, 1, 0, 1, 0, 1
3.145650291666667, 1, 1, 1, 1, 0, 1, 0, 1
3.145650375000000, 0, 1, 1, 1, 0, 1, 0, 1
3.145650458333333, 1, 1, 1, 1, 0, 1, 0, 1
3.145650541666667, 0, 1, 1, 1, 0, 1, 0, 1
3.145650625000000, 1, 1, 1, 1, 0, 1, 0, 1
3.145650708333334, 0, 1, 1, 1, 0, 1, 0, 1
3.145650750000000, 1, 1, 1, 1, 0, 1, 0, 1
3.145650833333334, 0, 1, 1, 1, 0, 1, 0, 1
3.145650916666667, 1, 1, 1, 1, 0, 1, 0, 1
3.145651000000000, 0, 1, 1, 1, 0, 1, 0, 1
3.145651083333334, 1, 1, 1, 1, 0, 1, 0, 1
3.145651166666667, 0, 1, 1, 1, 0, 1, 0, 1
3.145651250000000, 1, 1, 1, 1, 0, 1, 0, 1
3.145651333333333, 0, 1, 1, 1, 0, 1, 0, 1
3.145651416666667, 1, 1, 1, 1, 0, 1, 0, 1
3.145651500000000, 0, 1, 1, 1, 0, 1, 0, 1
3.145651583333334, 1, 1, 1, 1, 0, 1, 0, 1
3.145651666666667, 0, 1, 1, 1, 0, 1, 0, 1
3.145651750000000, 1, 1, 1, 1, 0, 1, 0, 1
3.145651791666667, 0, 1, 1, 1, 1, 1, 0, 1
3.145651875000000, 1, 1, 1, 1, 1, 1, 0, 1
3.145651958333334, 0, 1, 1, 1, 1, 1, 0, 1
3.145652041666667, 1, 1, 1, 1, 1, 1, 0, 1
3.145652125000000, 0, 1, 1, 1, 0, 1, 0, 1
3.145652208333333, 1, 1, 1, 1, 0, 1, 0, 1
3.145652291666667, 0, 1, 1, 1, 1, 1, 0, 1
3.145652375000000, 1, 1, 1, 1, 1, 1, 0, 1
3.145652458333334, 0, 1, 1, 1, 0, 1, 0, 1
3.145652541666667, 1, 1, 1, 1, 0, 1, 0, 1
3.145652625000000, 0, 1, 1, 1, 0, 1, 0, 1
3.145654458333333, 0, 1, 1, 1, 1, 1, 1, 1
3.145655166666667, 0, 1, 1, 1, 0, 1, 0, 1
3.145655708333333, 0, 1, 1, 1, 1, 1, 0, 1
3.145656583333333, 1, 1, 1, 1, 1, 1, 0, 1
3.145656875000000, 0, 1, 1, 1, 0, 1, 0, 1
3.145657541666667, 0, 1, 1, 1, 1, 1, 0, 1
3.145658250000000, 1, 1, 1, 1, 1, 1, 0, 1
3.145658333333333, 0, 1, 1, 1, 1, 1, 0, 1
3.145658416666667, 1, 1, 1, 1, 1, 1, 0, 1
3.145658500000000, 0, 1, 1, 1, 0, 1, 0, 1
3.145658541666667, 1, 1, 1, 1, 0, 1, 0, 1
3.145658625000000, 0, 1, 1, 1, 0, 1, 0, 1
3.145658708333333, 1, 1, 1, 1, 0, 1, 0, 1
3.145658791666667, 0, 1, 1, 1, 0, 1, 0, 1
3.145658875000000, 1, 1, 1, 1, 0, 1, 0, 1
3.145658958333334, 0, 1, 1, 1, 0, 1, 0, 1
3.145659041666667, 1, 1, 1, 1, 0, 1, 0, 1
3.145659125000000, 0, 1, 1, 1, 0, 1, 0, 1
3.145659208333333, 1, 1, 1, 1, 0, 1, 0, 1
3.145659291666667, 0, 1, 1, 1, 1, 1, 0, 1
3.145659375000000, 1, 1, 1, 1, 1, 1, 0, 1
3.145659458333334, 0, 1, 1, 1, 0, 1, 0, 1
3.145661541666667, 0, 1, 1, 1, 1, 1, 1, 1
3.145662208333333, 0, 1, 1, 1, 0, 1, 0, 1
3.145662625000000, 0, 1, 1, 1, 1, 1, 0, 1
3.145663500000000, 1, 1, 1, 1, 1, 1, 0, 1
3.145663708333334, 0, 1, 1, 1, 1, 1, 0, 1
3.145664541666667, 0, 1, 1, 1, 0, 1, 0, 1
3.145665250000000, 1, 1, 1, 1, 0, 1, 0, 1
3.145665333333334, 0, 1, 1, 1, 0, 1, 0, 1
3.145665416666667, 1, 1, 1, 1, 0, 1, 0, 1
3.145665500000000, 0, 1, 1, 1, 0, 1, 0, 1
3.145665541666667, 1, 1, 1, 1, 0, 1, 0, 1
3.145665625000000, 0, 1, 1, 1, 0, 1, 0, 1
3.145665708333333, 1, 1, 1, 1, 0, 1, 0, 1
3.145665791666667, 0, 1, 1, 1, 0, 1, 0, 1
3.145665875000000, 1, 1, 1, 1, 0, 1, 0, 1
3.145665958333334, 0, 1, 1, 1, 0, 1, 0, 1
3.145666041666667, 1, 1, 1, 1, 0, 1, 0, 1
3.145666125000000, 0, 1, 1, 1, 0, 1, 0, 1
3.145666208333334, 1, 1, 1, 1, 0, 1, 0, 1
3.145666291666667, 0, 1, 1, 1, 0, 1, 0, 1
3.145666375000000, 1, 1, 1, 1, 0, 1, 0, 1
3.145666458333333, 0, 1, 1, 1, 0, 1, 0, 1
3.145666500000000, 1, 1, 1, 1, 0, 1, 0, 1
3.145666583333333, 0, 1, 1, 1, 1, 1, 0, 1
3.145666666666667, 1, 1, 1, 1, 1, 1, 0, 1
3.145666750000000, 0, 1, 1, 1, 0, 1, 0, 1
3.145666833333334, 1, 1, 1, 1, 0, 1, 0, 1
3.145666916666667, 0, 1, 1, 1, 0, 1, 0, 1
3.145667000000000, 1, 1, 1, 1, 0, 1, 0, 1
3.145667083333334, 0, 1, 1, 1, 0, 1, 0, 1
3.145667166666667, 1, 1, 1, 1, 0, 1, 0, 1
3.145667250000000, 0, 1, 1, 1, 1, 1, 0, 1
3.145667333333333, 1, 1, 1, 1, 1, 1, 0, 1
3.145667416666667, 0, 1, 1, 1, 0, 1, 0, 1
3.145667500000000, 1, 1, 1, 1, 0, 1, 0, 1
3.145667541666667, 0, 1, 1, 1, 1, 1, 0, 1
3.145667625000000, 1, 1, 1, 1, 1, 1, 0, 1
3.145667708333333, 0, 1, 1, 1, 0, 1, 0, 1
3.145669791666667, 0, 1, 1, 1, 1, 1, 1, 1
3.145670500000000, 0, 1, 1, 1, 0, 1, 0, 1
3.145671000000000, 0, 1, 1, 1, 1, 1, 0, 1
3.145671875000000, 1, 1, 1, 1, 1, 1, 0, 1
3.145671958333334, 0, 1, 1, 1, 0, 1, 0, 1
3.145673500000000, 1, 1, 1, 1, 0, 1, 0, 1
3.145673583333334, 0, 1, 1, 1, 0, 1, 0, 1
3.145673625000000, 1, 1, 1, 1, 0, 1, 0, 1
3.145673708333334, 0, 1, 1, 1, 0, 1, 0, 1
3.145673791666667, 1, 1, 1, 1, 0, 1, 0, 1
3.145673875000000, 0, 1, 1, 1, 0, 1, 0, 1
3.145673958333334, 1, 1, 1, 1, 0, 1, 0, 1
3.145674041666667, 0, 1, 1, 1, 0, 1, 0, 1
3.145674125000000, 1, 1, 1, 1, 0, 1, 0, 1
3.145674208333333, 0, 1, 1, 1, 0, 1, 0, 1
3.145674291666667, 1, 1, 1, 1, 0, 1, 0, 1
3.145674375000000, 0, 1, 1, 1, 0, 1, 0, 1
3.145674458333334, 1, 1, 1, 1, 0, 1, 0, 1
3.145674541666667, 0, 1, 1, 1, 0, 1, 0, 1
3.145674583333334, 1, 1, 1, 1, 0, 1, 0, 1
3.145674666666667, 0, 1, 1, 1, 0, 1, 0, 1
3.145674750000000, 1, 1, 1, 1, 0, 1, 0, 1
3.145674833333334, 0, 1, 1, 1, 0, 1, 0, 1
3.145674916666667, 1, 1, 1, 1, 0, 1, 0, 1
3.145675000000000, 0, 1, 1, 1, 0, 1, 0, 1
3.145675083333333, 1, 1, 1, 1, 0, 1, 0, 1
3.145675166666667, 0, 1, 1, 1, 0, 1, 0, 1
3.145675250000000, 1, 1, 1, 1, 0, 1, 0, 1
3.145675333333334, 0, 1, 1, 1, 0, 1, 0, 1
3.145675416666667, 1, 1, 1, 1, 0, 1, 0, 1
3.145675500000000, 0, 1, 1, 1, 0, 1, 0, 1
3.145675541666667, 1, 1, 1, 1, 0, 1, 0, 1
3.145675625000000, 0, 1, 1, 1, 0, 1, 0, 1
3.145675708333334, 1, 1, 1, 1, 0, 1, 0, 1
3.145675791666667, 0, 1, 1, 1, 0, 1, 0, 1
3.145675875000000, 1, 1, 1, 1, 0, 1, 0, 1
3.145675958333333, 0, 1, 1, 1, 0, 1, 0, 1
3.145677875000000, 0, 1, 1, 1, 1, 1, 1, 1
3.145678583333333, 0, 1, 1, 1, 0, 1, 0, 1
3.145679125000000, 0, 1, 1, 1, 1, 1, 0, 1
3.145680041666667, 1, 1, 1, 1, 1, 1, 0, 1
3.145680333333333, 0, 1, 1, 1, 0, 1, 0, 1
3.145681041666667, 0, 1, 1, 1, 1, 1, 0, 1
3.145681666666667, 1, 1, 1, 1, 1, 1, 0, 1
3.145681750000000, 0, 1, 1, 1, 1, 1, 0, 1
3.145681833333334, 1, 1, 1, 1, 1, 1, 0, 1
3.145681916666667, 0, 1, 1, 1, 0, 1, 0, 1
3.145682000000000, 1, 1, 1, 1, 0, 1, 0, 1
3.145682083333333, 0, 1, 1, 1, 0, 1, 0, 1
3.145682166666667, 1, 1, 1, 1, 0, 1, 0, 1
3.145682250000000, 0, 1, 1, 1, 0, 1, 0, 1
3.145682333333334, 1, 1, 1, 1, 0, 1, 0, 1
3.145682416666667, 0, 1, 1, 1, 0, 1, 0, 1
3.145682500000000, 1, 1, 1, 1, 0, 1, 0, 1
3.145682541666667, 1, 1, 1, 1, 1, 1, 0, 1
3.145682583333334, 0, 1, 1, 1, 1, 1, 0, 1
3.145682625000000, 1, 1, 1, 1, 1, 1, 0, 1
3.145682708333334, 0, 1, 1, 1, 0, 1, 0, 1
3.145682791666667, 1, 1, 1, 1, 0, 1, 0, 1
3.145682875000000, 0, 1, 1, 1, 0, 1, 0, 1
3.145685000000000, 0, 1, 1, 1, 1, 1, 1, 1
3.145685666666667, 0, 1, 1, 1, 0, 1, 0, 1
3.145686083333334, 0, 1, 1, 1, 1, 1, 0, 1
3.145687000000000, 1, 1, 1, 1, 1, 1, 0, 1
3.145687166666667, 0, 1, 1, 1, 1, 1, 0, 1
3.145688000000000, 0, 1, 1, 1, 0, 1, 0, 1
3.145688708333334, 1, 1, 1, 1, 0, 1, 0, 1
3.145688791666667, 0, 1, 1, 1, 0, 1, 0, 1
3.145688875000000, 1, 1, 1, 1, 0, 1, 0, 1
3.145688958333333, 0, 1, 1, 1, 0, 1, 0, 1
3.145689041666667, 1, 1, 1, 1, 0, 1, 0, 1
3.145689125000000, 0, 1, 1, 1, 0, 1, 0, 1
3.145689208333334, 1, 1, 1, 1, 0, 1, 0, 1
3.145689291666667, 0, 1, 1, 1, 0, 1, 0, 1
3.145689333333333, 1, 1, 1, 1, 0, 1, 0, 1
3.145689416666667, 0, 1, 1, 1, 0, 1, 0, 1
3.145689500000000, 1, 1, 1, 1, 0, 1, 0, 1
3.145689583333334, 0, 1, 1, 1, 0, 1, 0, 1
3.145689666666667, 1, 1, 1, 1, 0, 1, 0, 1
3.145689750000000, 0, 1, 1, 1, 0, 1, 0, 1
3.145689833333333, 1, 1, 1, 1, 0, 1, 0, 1
3.145689916666667, 0, 1, 1, 1, 0, 1, 0, 1
3.145690000000000, 1, 1, 1, 1, 0, 1, 0, 1
3.145690083333334, 0, 1, 1, 1, 0, 1, 0, 1
3.145690166666667, 1, 1, 1, 1, 0, 1, 0, 1
3.145690250000000, 0, 1, 1, 1, 1, 1, 0, 1
3.145690291666667, 1, 1, 1, 1, 1, 1, 0, 1
3.145690375000000, 0, 1, 1, 1, 1, 1, 0, 1
3.145690458333334, 1, 1, 1, 1, 1, 1, 0, 1
3.145690541666667, 0, 1, 1, 1, 0, 1, 0, 1
3.145690625000000, 1, 1, 1, 1, 0, 1, 0, 1
3.145690708333333, 0, 1, 1, 1, 0, 1, 0, 1
3.145690791666667, 1, 1, 1, 1, 0, 1, 0, 1
3.145690875000000, 0, 1, 1, 1, 1, 1, 0, 1
3.145690958333334, 1, 1, 1, 1, 1, 1, 0, 1
3.145691041666667, 0, 1, 1, 1, 1, 1, 0, 1
3.145691125000000, 1, 1, 1, 1, 1, 1, 0, 1
3.145691208333333, 0, 1, 1, 1, 0, 1, 0, 1
3.145693250000000, 0, 1, 1, 1, 1, 1, 1, 1
3.145694041666667, 0, 1, 1, 1, 0, 1, 0, 1
3.145694458333334, 0, 1, 1, 1, 1, 1, 0, 1
3.145695375000000, 1, 1, 1, 1, 1, 1, 0, 1
3.145695583333334, 0, 1, 1, 1, 0, 1, 0, 1
3.145696291666667, 0, 1, 1, 1, 1, 1, 0, 1
3.145696958333334, 1, 1, 1, 1, 1, 1, 0, 1
3.145697041666667, 0, 1, 1, 1, 1, 1, 0, 1
3.145697125000000, 1, 1, 1, 1, 1, 1, 0, 1
3.145697208333333, 0, 1, 1, 1, 0, 1, 0, 1
3.145697291666667, 1, 1, 1, 1, 0, 1, 0, 1
3.145697375000000, 0, 1, 1, 1, 0, 1, 0, 1
3.145697458333334, 1, 1, 1, 1, 0, 1, 0, 1
3.145697541666667, 0, 1, 1, 1, 0, 1, 0, 1
3.145697583333333, 1, 1, 1, 1, 0, 1, 0, 1
3.145697666666667, 0, 1, 1, 1, 1, 1, 0, 1
3.145697750000000, 1, 1, 1, 1, 1, 1, 0, 1
3.145697833333334, 0, 1, 1, 1, 0, 1, 0, 1
3.145697916666667, 1, 1, 1, 1, 0, 1, 0, 1
3.145698000000000, 0, 1, 1, 1, 1, 1, 0, 1
3.145698083333333, 1, 1, 1, 1, 1, 1, 0, 1
3.145698166666667, 0, 1, 1, 1, 0, 1, 0, 1
3.145700250000000, 0, 1, 1, 1, 1, 1, 1, 1
3.145700916666667, 0, 1, 1, 1, 0, 1, 0, 1
3.145701333333334, 0, 1, 1, 1, 1, 1, 0, 1
3.145702250000000, 1, 1, 1, 1, 1, 1, 0, 1
3.145702416666667, 0, 1, 1, 1, 1, 1, 0, 1
3.145703208333333, 0, 1, 1, 1, 0, 1, 0, 1
3.145703958333334, 1, 1, 1, 1, 0, 1, 0, 1
3.145704041666667, 0, 1, 1, 1, 0, 1, 0, 1
3.145704125000000, 1, 1, 1, 1, 0, 1, 0, 1
3.145704208333334, 0, 1, 1, 1, 0, 1, 0, 1
3.145704291666667, 1, 1, 1, 1, 0, 1, 0, 1
3.145704375000000, 0, 1, 1, 1, 0, 1, 0, 1
3.145704416666667, 1, 1, 1, 1, 0, 1, 0, 1
3.145704500000000, 0, 1, 1, 1, 0, 1, 0, 1
3.145704583333333, 1, 1, 1, 1, 0, 1, 0, 1
3.145704666666667, 0, 1, 1, 1, 0, 1, 0, 1
3.145704750000000, 1, 1, 1, 1, 0, 1, 0, 1
3.145704833333334, 0, 1, 1, 1, 0, 1, 0, 1
3.145704916666667, 1, 1, 1, 1, 0, 1, 0, 1
3.145705000000000, 0, 1, 1, 1, 0, 1, 0, 1
3.145705083333334, 1, 1, 1, 1, 0, 1, 0, 1
3.145705166666667, 0, 1, 1, 1, 0, 1, 0, 1
3.145705250000000, 1, 1, 1, 1, 0, 1, 0, 1
3.145705333333333, 0, 1, 1, 1, 0, 1, 0, 1
3.145705375000000, 1, 1, 1, 1, 0, 1, 0, 1
3.145705458333333, 0, 1, 1, 1, 0, 1, 0, 1
3.145705541666667, 1, 1, 1, 1, 0, 1, 0, 1
3.145705625000000, 0, 1, 1, 1, 0, 1, 0, 1
3.145705708333334, 1, 1, 1, 1, 0, 1, 0, 1
3.145705791666667, 0, 1, 1, 1, 0, 1, 0, 1
3.145705875000000, 1, 1, 1, 1, 0, 1, 0, 1
3.145705958333334, 0, 1, 1, 1, 0, 1, 0, 1
3.145706041666667, 1, 1, 1, 1, 0, 1, 0, 1
3.145706125000000, 0, 1, 1, 1, 0, 1, 0, 1
3.145706208333333, 1, 1, 1, 1, 0, 1, 0, 1
3.145706291666667, 0, 1, 1, 1, 0, 1, 0, 1
3.145706333333333, 1, 1, 1, 1, 0, 1, 0, 1
3.145706416666667, 0, 1, 1, 1, 0, 1, 0, 1
3.145708333333333, 0, 1, 1, 1, 1, 1, 1, 1
3.145709000000000, 0, 1, 1, 1, 0, 1, 0, 1
3.145709541666667, 0, 1, 1, 1, 1, 1, 0, 1
3.145710458333334, 0, 1, 1, 1, 0, 1, 0, 1
3.145712000000000, 1, 1, 1, 1, 0, 1, 0, 1
3.145712083333334, 0, 1, 1, 1, 0, 1, 0, 1
3.145712125000000, 1, 1, 1, 1, 0, 1, 0, 1
3.145712208333333, 0, 1, 1, 1, 0, 1, 0, 1
3.145712291666667, 1, 1, 1, 1, 0, 1, 0, 1
3.145712375000000, 0, 1, 1, 1, 0, 1, 0, 1
3.145712458333334, 1, 1, 1, 1, 0, 1, 0, 1
3.145712541666667, 0, 1, 1, 1, 0, 1, 0, 1
3.145712625000000, 1, 1, 1, 1, 0, 1, 0, 1
3.145712708333333, 0, 1, 1, 1, 0, 1, 0, 1
3.145712791666667, 1, 1, 1, 1, 0, 1, 0, 1
3.145712875000000, 0, 1, 1, 1, 0, 1, 0, 1
3.145712958333334, 1, 1, 1, 1, 0, 1, 0, 1
3.145713041666667, 0, 1, 1, 1, 0, 1, 0, 1
3.145713083333333, 1, 1, 1, 1, 0, 1, 0, 1
3.145713166666667, 0, 1, 1, 1, 0, 1, 0, 1
3.145713250000000, 1, 1, 1, 1, 0, 1, 0, 1
3.145713333333334, 0, 1, 1, 1, 0, 1, 0, 1
3.145713416666667, 1, 1, 1, 1, 0, 1, 0, 1
3.145713500000000, 0, 1, 1, 1, 1, 1, 0, 1
3.145713583333333, 1, 1, 1, 1, 1, 1, 0, 1
3.145713666666667, 0, 1, 1, 1, 0, 1, 0, 1
3.145713750000000, 1, 1, 1, 1, 0, 1, 0, 1
3.145713833333334, 0, 1, 1, 1, 1, 1, 0, 1
3.145713916666667, 1, 1, 1, 1, 1, 1, 0, 1
3.145714000000000, 0, 1, 1, 1, 0, 1, 0, 1
3.145714083333333, 1, 1, 1, 1, 0, 1, 0, 1
3.145714125000000, 0, 1, 1, 1, 0, 1, 0, 1
3.145714208333334, 1, 1, 1, 1, 0, 1, 0, 1
3.145714291666667, 0, 1, 1, 1, 0, 1, 0, 1
3.145714375000000, 1, 1, 1, 1, 0, 1, 0, 1
3.145714458333333, 0, 1, 1, 1, 0, 1, 0, 1
3.145716291666667, 0, 1, 1, 1, 1, 1, 1, 1
3.145717041666667, 0, 1, 1, 1, 0, 1, 0, 1
3.145717583333334, 0, 1, 1, 1, 1, 1, 0, 1
3.145718458333334, 1, 1, 1, 1, 1, 1, 0, 1
3.145718791666667, 0, 1, 1, 1, 0, 1, 0, 1
3.145719583333333, 0, 1, 1, 1, 1, 1, 0, 1
3.145720333333334, 1, 1, 1, 1, 1, 1, 0, 1
3.145720416666667, 0, 1, 1, 1, 0, 1, 0, 1
3.145720500000000, 1, 1, 1, 1, 0, 1, 0, 1
3.145720583333333, 0, 1, 1, 1, 1, 1, 0, 1
3.145720625000000, 1, 1, 1, 1, 1, 1, 0, 1
3.145720708333334, 0, 1, 1, 1, 1, 1, 0, 1
3.145720791666667, 1, 1, 1, 1, 1, 1, 0, 1
3.145720875000000, 0, 1, 1, 1, 0, 1, 0, 1
3.145720958333333, 1, 1, 1, 1, 0, 1, 0, 1
3.145721041666667, 0, 1, 1, 1, 0, 1, 0, 1
3.145721125000000, 1, 1, 1, 1, 0, 1, 0, 1
3.145721208333334, 0, 1, 1, 1, 0, 1, 0, 1
3.145721291666667, 1, 1, 1, 1, 0, 1, 0, 1
3.145721375000000, 0, 1, 1, 1, 1, 1, 0, 1
3.145721458333333, 1, 1, 1, 1, 1, 1, 0, 1
3.145721541666667, 0, 1, 1, 1, 0, 1, 0, 1
3.145723583333333, 0, 1, 1, 1, 1, 1, 1, 1
3.145724333333333, 0, 1, 1, 1, 0, 1, 0, 1
3.145724666666667, 0, 1, 1, 1, 1, 1, 0, 1
3.145725541666667, 1, 1, 1, 1, 1, 1, 0, 1
3.145725833333334, 0, 1, 1, 1, 1, 1, 0, 1
3.145726708333334, 0, 1, 1, 1, 0, 1, 0, 1
3.145727375000000, 1, 1, 1, 1, 0, 1, 0, 1
3.145727458333333, 0, 1, 1, 1, 0, 1, 0, 1
3.145727541666667, 1, 1, 1, 1, 0, 1, 0, 1
3.145727625000000, 0, 1, 1, 1, 0, 1, 0, 1
3.145727666666667, 1, 1, 1, 1, 0, 1, 0, 1
3.145727750000000, 0, 1, 1, 1, 0, 1, 0, 1
3.145727833333333, 1, 1, 1, 1, 0, 1, 0, 1
3.145727916666667, 0, 1, 1, 1, 0, 1, 0, 1
3.145728000000000, 1, 1, 1, 1, 0, 1, 0, 1
3.145728083333334, 0, 1, 1, 1, 0, 1, 0, 1
3.145728166666667, 1, 1, 1, 1, 0, 1, 0, 1
3.145728250000000, 0, 1, 1, 1, 0, 1, 0, 1
3.145728333333333, 1, 1, 1, 1, 0, 1, 0, 1
3.145728416666667, 0, 1, 1, 1, 0, 1, 0, 1
3.145728500000000, 1, 1, 1, 1, 0, 1, 0, 1
3.145728583333334, 0, 1, 1, 1, 1, 1, 0, 1
3.145728625000000, 1, 1, 1, 1, 1, 1, 0, 1
3.145728708333333, 0, 1, 1, 1, 0, 1, 0, 1
3.145728791666667, 1, 1, 1, 1, 0, 1, 0, 1
3.145728875000000, 0, 1, 1, 1, 1, 1, 0, 1
3.145728958333334, 1, 1, 1, 1, 1, 1, 0, 1
3.145729041666667, 0, 1, 1, 1, 0, 1, 0, 1
3.145729125000000, 1, 1, 1, 1, 0, 1, 0, 1
3.145729208333333, 0, 1, 1, 1, 0, 1, 0, 1
3.145729291666667, 1, 1, 1, 1, 0, 1, 0, 1
3.145729375000000, 0, 1, 1, 1, 0, 1, 0, 1
3.145729458333334, 1, 1, 1, 1, 0, 1, 0, 1
3.145729541666667, 0, 1, 1, 1, 0, 1, 0, 1
3.145729625000000, 1, 1, 1, 1, 0, 1, 0, 1
3.145729666666667, 0, 1, 1, 1, 0, 1, 0, 1
3.145729750000000, 1, 1, 1, 1, 0, 1, 0, 1
3.145729833333334, 0, 1, 1, 1, 0, 1, 0, 1
3.145731625000000, 0, 1, 1, 1, 1, 1, 1, 1
3.145732333333334, 0, 1, 1, 1, 0, 1, 0, 1
3.145732833333334, 0, 1, 1, 1, 1, 1, 0, 1
3.145733708333334, 1, 1, 1, 1, 1, 1, 0, 1
3.145733791666667, 0, 1, 1, 1, 0, 1, 0, 1
3.145735333333334, 1, 1, 1, 1, 0, 1, 0, 1
3.145735416666667, 0, 1, 1, 1, 0, 1, 0, 1
3.145735500000000, 1, 1, 1, 1, 0, 1, 0, 1
3.145735583333333, 0, 1, 1, 1, 0, 1, 0, 1
3.145735666666667, 1, 1, 1, 1, 0, 1, 0, 1
3.145735750000000, 0, 1, 1, 1, 0, 1, 0, 1
3.145735833333334, 1, 1, 1, 1, 0, 1, 0, 1
3.145735875000000, 0, 1, 1, 1, 0, 1, 0, 1
3.145735958333333, 1, 1, 1, 1, 0, 1, 0, 1
3.145736041666667, 0, 1, 1, 1, 0, 1, 0, 1
3.145736125000000, 1, 1, 1, 1, 0, 1, 0, 1
3.145736208333334, 0, 1, 1, 1, 0, 1, 0, 1
3.145736291666667, 1, 1, 1, 1, 0, 1, 0, 1
3.145736375000000, 0, 1, 1, 1, 0, 1, 0, 1
3.145736458333333, 1, 1, 1, 1, 0, 1, 0, 1
3.145736541666667, 0, 1, 1, 1, 0, 1, 0, 1
3.145736625000000, 1, 1, 1, 1, 0, 1, 0, 1
3.145736708333334, 0, 1, 1, 1, 0, 1, 0, 1
3.145736791666667, 1, 1, 1, 1, 0, 1, 0, 1
3.145736875000000, 0, 1, 1, 1, 0, 1, 0, 1
3.145736916666667, 1, 1, 1, 1, 0, 1, 0, 1
3.145737000000000, 0, 1, 1, 1, 1, 1, 0, 1
3.145737083333334, 1, 1, 1, 1, 1, 1, 0, 1
3.145737166666667, 0, 1, 1, 1, 0, 1, 0, 1
3.145737250000000, 1, 1, 1, 1, 0, 1, 0, 1
3.145737333333333, 0, 1, 1, 1, 0, 1, 0, 1
3.145737416666667, 1, 1, 1, 1, 0, 1, 0, 1
3.145737500000000, 0, 1, 1, 1, 0, 1, 0, 1
3.145737583333334, 1, 1, 1, 1, 0, 1, 0, 1
3.145737666666667, 0, 1, 1, 1, 1, 1, 0, 1
3.145737750000000, 1, 1, 1, 1, 1, 1, 0, 1
3.145737833333333, 0, 1, 1, 1, 0, 1, 0, 1
3.145739708333334, 0, 1, 1, 1, 1, 1, 1, 1
3.145740458333333, 0, 1, 1, 1, 0, 1, 0, 1
3.145740916666667, 0, 1, 1, 1, 1, 1, 0, 1
3.145741791666667, 1, 1, 1, 1, 1, 1, 0, 1
3.145742125000000, 0, 1, 1, 1, 0, 1, 0, 1
3.145742875000000, 0, 1, 1, 1, 1, 1, 0, 1
3.145743666666667, 1, 1, 1, 1, 1, 1, 0, 1
3.145743750000000, 0, 1, 1, 1, 0, 1, 0, 1
3.145743833333333, 1, 1, 1, 1, 0, 1, 0, 1
3.145743875000000, 1, 1, 1, 1, 1, 1, 0, 1
3.145743916666667, 0, 1, 1, 1, 1, 1, 0, 1
3.145743958333334, 1, 1, 1, 1, 1, 1, 0, 1
3.145744041666667, 0, 1, 1, 1, 1, 1, 0, 1
3.145744125000000, 1, 1, 1, 1, 1, 1, 0, 1
3.145744208333333, 0, 1, 1, 1, 0, 1, 0, 1
3.145744291666667, 1, 1, 1, 1, 0, 1, 0, 1
3.145744375000000, 0, 1, 1, 1, 1, 1, 0, 1
3.145744458333334, 1, 1, 1, 1, 1, 1, 0, 1
3.145744541666667, 0, 1, 1, 1, 0, 1, 0, 1
3.145744625000000, 1, 1, 1, 1, 0, 1, 0, 1
3.145744708333333, 0, 1, 1, 1, 0, 1, 0, 1
3.145744791666667, 1, 1, 1, 1, 0, 1, 0, 1
3.145744875000000, 0, 1, 1, 1, 0, 1, 0, 1
3.145746916666667, 0, 1, 1, 1, 1, 1, 1, 1
3.145747625000000, 0, 1, 1, 1, 0, 1, 0, 1
3.145748000000000, 0, 1, 1, 1, 1, 1, 0, 1
3.145748875000000, 1, 1, 1, 1, 1, 1, 0, 1
3.145749125000000, 0, 1, 1, 1, 1, 1, 0, 1
3.145749958333333, 0, 1, 1, 1, 0, 1, 0, 1
3.145750625000000, 1, 1, 1, 1, 0, 1, 0, 1
3.145750708333333, 0, 1, 1, 1, 0, 1, 0, 1
3.145750791666667, 1, 1, 1, 1, 0, 1, 0, 1
3.145750875000000, 0, 1, 1, 1, 0, 1, 0, 1
3.145750958333334, 1, 1, 1, 1, 0, 1, 0, 1
3.145751041666667, 0, 1, 1, 1, 0, 1, 0, 1
3.145751125000000, 1, 1, 1, 1, 0, 1, 0, 1
3.145751208333333, 0, 1, 1, 1, 0, 1, 0, 1
3.145751291666667, 1, 1, 1, 1, 0, 1, 0, 1
3.145751375000000, 0, 1, 1, 1, 0, 1, 0, 1
3.145751458333334, 1, 1, 1, 1, 0, 1, 0, 1
3.145751541666667, 0, 1, 1, 1, 0, 1, 0, 1
3.145751625000000, 1, 1, 1, 1, 0, 1, 0, 1
3.145751666666667, 0, 1, 1, 1, 0, 1, 0, 1
3.145751750000000, 1, 1, 1, 1, 0, 1, 0, 1
3.145751833333334, 0, 1, 1, 1, 0, 1, 0, 1
3.145751916666667, 1, 1, 1, 1, 0, 1, 0, 1
3.145752000000000, 0, 1, 1, 1, 0, 1, 0, 1
3.145752083333333, 1, 1, 1, 1, 0, 1, 0, 1
3.145752166666667, 0, 1, 1, 1, 0, 1, 0, 1
3.145752250000000, 1, 1, 1, 1, 0, 1, 0, 1
3.145752333333334, 0, 1, 1, 1, 0, 1, 0, 1
3.145752416666667, 1, 1, 1, 1, 0, 1, 0, 1
3.145752500000000, 0, 1, 1, 1, 0, 1, 0, 1
3.145752583333334, 1, 1, 1, 1, 0, 1, 0, 1
3.145752666666667, 0, 1, 1, 1, 0, 1, 0, 1
3.145752708333334, 1, 1, 1, 1, 0, 1, 0, 1
3.145752791666667, 0, 1, 1, 1, 1, 1, 0, 1
3.145752875000000, 1, 1, 1, 1, 1, 1, 0, 1
3.145752958333333, 0, 1, 1, 1, 0, 1, 0, 1
3.145753041666667, 1, 1, 1, 1, 0, 1, 0, 1
3.145753125000000, 0, 1, 1, 1, 0, 1, 0, 1
3.145755166666667, 0, 1, 1, 1, 1, 1, 1, 1
3.145756000000000, 0, 1, 1, 1, 0, 1, 0, 1
3.145756458333334, 0, 1, 1, 1, 1, 1, 0, 1
3.145757333333334, 1, 1, 1, 1, 1, 1, 0, 1
3.145757541666667, 0, 1, 1, 1, 0, 1, 0, 1
3.145758250000000, 0, 1, 1, 1, 1, 1, 0, 1
3.145758916666667, 1, 1, 1, 1, 1, 1, 0, 1
3.145759000000000, 0, 1, 1, 1, 0, 1, 0, 1
3.145759083333334, 1, 1, 1, 1, 0, 1, 0, 1
3.145759166666667, 0, 1, 1, 1, 1, 1, 0, 1
3.145759250000000, 1, 1, 1, 1, 1, 1, 0, 1
3.145759333333333, 0, 1, 1, 1, 1, 1, 0, 1
3.145759375000000, 1, 1, 1, 1, 1, 1, 0, 1
3.145759458333333, 0, 1, 1, 1, 0, 1, 0, 1
3.145759541666667, 1, 1, 1, 1, 0, 1, 0, 1
3.145759625000000, 0, 1, 1, 1, 1, 1, 0, 1
3.145759708333334, 1, 1, 1, 1, 1, 1, 0, 1
3.145759791666667, 0, 1, 1, 1, 1, 1, 0, 1
3.145759875000000, 1, 1, 1, 1, 1, 1, 0, 1
3.145759958333334, 0, 1, 1, 1, 0, 1, 0, 1
3.145760041666667, 1, 1, 1, 1, 0, 1, 0, 1
3.145760125000000, 0, 1, 1, 1, 0, 1, 0, 1
3.145762208333334, 0, 1, 1, 1, 1, 1, 1, 1
3.145762875000000, 0, 1, 1, 1, 0, 1, 0, 1
3.145763291666667, 0, 1, 1, 1, 1, 1, 0, 1
3.145764208333333, 1, 1, 1, 1, 1, 1, 0, 1
3.145764416666667, 0, 1, 1, 1, 1, 1, 0, 1
3.145765208333334, 0, 1, 1, 1, 0, 1, 0, 1
3.145765916666667, 1, 1, 1, 1, 0, 1, 0, 1
3.145766000000000, 0, 1, 1, 1, 0, 1, 0, 1
3.145766083333334, 1, 1, 1, 1, 0, 1, 0, 1
3.145766166666667, 0, 1, 1, 1, 0, 1, 0, 1
3.145766250000000, 1, 1, 1, 1, 0, 1, 0, 1
3.145766333333333, 0, 1, 1, 1, 0, 1, 0, 1
3.145766416666667, 1, 1, 1, 1, 0, 1, 0, 1
3.145766500000000, 0, 1, 1, 1, 0, 1, 0, 1
3.145766583333334, 1, 1, 1, 1, 0, 1, 0, 1
3.145766666666667, 0, 1, 1, 1, 0, 1, 0, 1
3.145766750000000, 1, 1, 1, 1, 0, 1, 0, 1
3.145766833333334, 0, 1, 1, 1, 0, 1, 0, 1
3.145766916666667, 1, 1, 1, 1, 0, 1, 0, 1
3.145766958333334, 0, 1, 1, 1, 0, 1, 0, 1
3.145767041666667, 1, 1, 1, 1, 0, 1, 0, 1
3.145767125000000, 0, 1, 1, 1, 0, 1, 0, 1
3.145767208333333, 1, 1, 1, 1, 0, 1, 0, 1
3.145767291666667, 0, 1, 1, 1, 0, 1, 0, 1
3.145767375000000, 1, 1, 1, 1, 0, 1, 0, 1
3.145767458333334, 0, 1, 1, 1, 0, 1, 0, 1
3.145767541666667, 1, 1, 1, 1, 0, 1, 0, 1
3.145767625000000, 0, 1, 1, 1, 0, 1, 0, 1
3.145767708333334, 1, 1, 1, 1, 0, 1, 0, 1
3.145767791666667, 0, 1, 1, 1, 0, 1, 0, 1
3.145767875000000, 1, 1, 1, 1, 0, 1, 0, 1
3.145767958333333, 0, 1, 1, 1, 0, 1, 0, 1
3.145768000000000, 1, 1, 1, 1, 0, 1, 0, 1
3.145768083333333, 0, 1, 1, 1, 0, 1, 0, 1
3.145768166666667, 1, 1, 1, 1, 0, 1, 0, 1
3.145768250000000, 0, 1, 1, 1, 0, 1, 0, 1
3.145768333333334, 1, 1, 1, 1, 0, 1, 0, 1
3.145768416666667, 0, 1, 1, 1, 0, 1, 0, 1
3.145770333333334, 0, 1, 1, 1, 1, 1, 1, 1
3.145771041666667, 0, 1, 1, 1, 0, 1, 0, 1
3.145771541666667, 0, 1, 1, 1, 1, 1, 0, 1
3.145772458333334, 0, 1, 1, 1, 0, 1, 0, 1
3.145774000000000, 1, 1, 1, 1, 0, 1, 0, 1
3.145774083333333, 0, 1, 1, 1, 0, 1, 0, 1
3.145774166666667, 1, 1, 1, 1, 0, 1, 0, 1
3.145774208333334, 0, 1, 1, 1, 0, 1, 0, 1
3.145774291666667, 1, 1, 1, 1, 0, 1, 0, 1
3.145774375000000, 0, 1, 1, 1, 0, 1, 0, 1
3.145774458333333, 1, 1, 1, 1, 0, 1, 0, 1
3.145774541666667, 0, 1, 1, 1, 0, 1, 0, 1
3.145774625000000, 1, 1, 1, 1, 0, 1, 0, 1
3.145774708333334, 0, 1, 1, 1, 0, 1, 0, 1
3.145774791666667, 1, 1, 1, 1, 0, 1, 0, 1
3.145774875000000, 0, 1, 1, 1, 0, 1, 0, 1
3.145774958333333, 1, 1, 1, 1, 0, 1, 0, 1
3.145775041666667, 0, 1, 1, 1, 0, 1, 0, 1
3.145775125000000, 1, 1, 1, 1, 0, 1, 0, 1
3.145775208333334, 0, 1, 1, 1, 0, 1, 0, 1
3.145775250000000, 1, 1, 1, 1, 0, 1, 0, 1
3.145775333333333, 0, 1, 1, 1, 1, 1, 0, 1
3.145775416666667, 1, 1, 1, 1, 1, 1, 0, 1
3.145775500000000, 0, 1, 1, 1, 1, 1, 0, 1
3.145775583333334, 1, 1, 1, 1, 1, 1, 0, 1
3.145775666666667, 0, 1, 1, 1, 0, 1, 0, 1
3.145775750000000, 1, 1, 1, 1, 0, 1, 0, 1
3.145775833333333, 0, 1, 1, 1, 0, 1, 0, 1
3.145775916666667, 1, 1, 1, 1, 0, 1, 0, 1
3.145776000000000, 0, 1, 1, 1, 0, 1, 0, 1
3.145776083333334, 1, 1, 1, 1, 0, 1, 0, 1
3.145776166666667, 0, 1, 1, 1, 1, 1, 0, 1
3.145776208333333, 1, 1, 1, 1, 1, 1, 0, 1
3.145776291666667, 0, 1, 1, 1, 0, 1, 0, 1
3.145776375000000, 1, 1, 1, 1, 0, 1, 0, 1
3.145776458333334, 0, 1, 1, 1, 0, 1, 0, 1
3.145778291666667, 0, 1, 1, 1, 1, 1, 1, 1
3.145778916666667, 0, 1, 1, 1, 0, 1, 0, 1
3.145779541666667, 0, 1, 1, 1, 1, 1, 0, 1
3.145780375000000, 0, 1, 1, 1, 0, 1, 0, 1
3.145781916666667, 1, 1, 1, 1, 0, 1, 0, 1
3.145781958333334, 0, 1, 1, 1, 0, 1, 0, 1
3.145782041666667, 1, 1, 1, 1, 0, 1, 0, 1
3.145782125000000, 0, 1, 1, 1, 0, 1, 0, 1
3.145782208333333, 1, 1, 1, 1, 0, 1, 0, 1
3.145782291666667, 0, 1, 1, 1, 0, 1, 0, 1
3.145782375000000, 1, 1, 1, 1, 0, 1, 0, 1
3.145782458333334, 0, 1, 1, 1, 0, 1, 0, 1
3.145782541666667, 1, 1, 1, 1, 0, 1, 0, 1
3.145782625000000, 0, 1, 1, 1, 0, 1, 0, 1
3.145782708333333, 1, 1, 1, 1, 0, 1, 0, 1
3.145782791666667, 0, 1, 1, 1, 0, 1, 0, 1
3.145782875000000, 1, 1, 1, 1, 0, 1, 0, 1
3.145782958333334, 0, 1, 1, 1, 0, 1, 0, 1
3.145783000000000, 1, 1, 1, 1, 0, 1, 0, 1
3.145783083333333, 0, 1, 1, 1, 0, 1, 0, 1
3.145783166666667, 1, 1, 1, 1, 0, 1, 0, 1
3.145783250000000, 0, 1, 1, 1, 0, 1, 0, 1
3.145783333333334, 1, 1, 1, 1, 0, 1, 0, 1
3.145783416666667, 0, 1, 1, 1, 1, 1, 0, 1
3.145783500000000, 1, 1, 1, 1, 1, 1, 0, 1
3.145783583333333, 0, 1, 1, 1, 1, 1, 0, 1
3.145783666666667, 1, 1, 1, 1, 1, 1, 0, 1
3.145783750000000, 0, 1, 1, 1, 1, 1, 0, 1
3.145783833333334, 1, 1, 1, 1, 1, 1, 0, 1
3.145783916666667, 0, 1, 1, 1, 0, 1, 0, 1
3.145783958333333, 1, 1, 1, 1, 0, 1, 0, 1
3.145784041666667, 0, 1, 1, 1, 1, 1, 0, 1
3.145784125000000, 1, 1, 1, 1, 1, 1, 0, 1
3.145784208333334, 0, 1, 1, 1, 1, 1, 0, 1
3.145784291666667, 1, 1, 1, 1, 1, 1, 0, 1
3.145784375000000, 0, 1, 1, 1, 0, 1, 0, 1
3.145786208333333, 0, 1, 1, 1, 1, 1, 1, 1
3.145786958333333, 0, 1, 1, 1, 0, 1, 0, 1
3.145787458333333, 0, 1, 1, 1, 1, 1, 0, 1
3.145788375000000, 1, 1, 1, 1, 1, 1, 0, 1
3.145788666666667, 0, 1, 1, 1, 0, 1, 0, 1
3.145789375000000, 0, 1, 1, 1, 1, 1, 0, 1
3.145790041666667, 1, 1, 1, 1, 1, 1, 0, 1
3.145790125000000, 0, 1, 1, 1, 0, 1, 0, 1
3.145790208333334, 1, 1, 1, 1, 0, 1, 0, 1
3.145790291666667, 0, 1, 1, 1, 1, 1, 0, 1
3.145790375000000, 1, 1, 1, 1, 1, 1, 0, 1
3.145790458333333, 0, 1, 1, 1, 1, 1, 0, 1
3.145790500000000, 1, 1, 1, 1, 1, 1, 0, 1
3.145790583333334, 0, 1, 1, 1, 0, 1, 0, 1
3.145790666666667, 1, 1, 1, 1, 0, 1, 0, 1
3.145790750000000, 0, 1, 1, 1, 1, 1, 0, 1
3.145790833333333, 1, 1, 1, 1, 1, 1, 0, 1
3.145790916666667, 0, 1, 1, 1, 1, 1, 0, 1
3.145791000000000, 1, 1, 1, 1, 1, 1, 0, 1
3.145791083333334, 0, 1, 1, 1, 1, 1, 0, 1
3.145791166666667, 1, 1, 1, 1, 1, 1, 0, 1
3.145791250000000, 0, 1, 1, 1, 0, 1, 0, 1
3.145793333333334, 0, 1, 1, 1, 1, 1, 1, 1
3.145794041666667, 0, 1, 1, 1, 0, 1, 0, 1
3.145794416666667, 0, 1, 1, 1, 1, 1, 0, 1
3.145795333333333, 1, 1, 1, 1, 1, 1, 0, 1
3.145795541666667, 0, 1, 1, 1, 1, 1, 0, 1
3.145796375000000, 0, 1, 1, 1, 0, 1, 0, 1
3.145797083333334, 1, 1, 1, 1, 0, 1, 0, 1
3.145797166666667, 0, 1, 1, 1, 0, 1, 0, 1
3.145797250000000, 1, 1, 1, 1, 0, 1, 0, 1
3.145797333333333, 0, 1, 1, 1, 0, 1, 0, 1
3.145797416666667, 1, 1, 1, 1, 0, 1, 0, 1
3.145797500000000, 0, 1, 1, 1, 0, 1, 0, 1
3.145797583333334, 1, 1, 1, 1, 0, 1, 0, 1
3.145797666666667, 0, 1, 1, 1, 0, 1, 0, 1
3.145797708333334, 1, 1, 1, 1, 0, 1, 0, 1
3.145797791666667, 0, 1, 1, 1, 0, 1, 0, 1
3.145797875000000, 1, 1, 1, 1, 0, 1, 0, 1
3.145797958333334, 0, 1, 1, 1, 0, 1, 0, 1
3.145798041666667, 1, 1, 1, 1, 0, 1, 0, 1
3.145798125000000, 0, 1, 1, 1, 0, 1, 0, 1
3.145798208333333, 1, 1, 1, 1, 0, 1, 0, 1
3.145798291666667, 0, 1, 1, 1, 0, 1, 0, 1
3.145798375000000, 1, 1, 1, 1, 0, 1, 0, 1
3.145798458333334, 0, 1, 1, 1, 0, 1, 0, 1
3.145798541666667, 1, 1, 1, 1, 0, 1, 0, 1
3.145798625000000, 0, 1, 1, 1, 0, 1, 0, 1
3.145798708333333, 1, 1, 1, 1, 0, 1, 0, 1
3.145798750000000, 0, 1, 1, 1, 0, 1, 0, 1
3.145798833333334, 1, 1, 1, 1, 0, 1, 0, 1
3.145798916666667, 0, 1, 1, 1, 0, 1, 0, 1
3.145799000000000, 1, 1, 1, 1, 0, 1, 0, 1
3.145799083333333, 0, 1, 1, 1, 1, 1, 0, 1
3.145799166666667, 1, 1, 1, 1, 1, 1, 0, 1
3.145799250000000, 0, 1, 1, 1, 1, 1, 0, 1
3.145799333333334, 1, 1, 1, 1, 1, 1, 0, 1
3.145799416666667, 0, 1, 1, 1, 1, 1, 0, 1
3.145799500000000, 1, 1, 1, 1, 1, 1, 0, 1
3.145799583333333, 0, 1, 1, 1, 0, 1, 0, 1
3.145801625000000, 0, 1, 1, 1, 1, 1, 1, 1
3.145802416666667, 0, 1, 1, 1, 0, 1, 0, 1
3.145802875000000, 0, 1, 1, 1, 1, 1, 0, 1
3.145803750000000, 1, 1, 1, 1, 1, 1, 0, 1
3.145804125000000, 0, 1, 1, 1, 0, 1, 0, 1
3.145804833333333, 0, 1, 1, 1, 1, 1, 0, 1
3.145805500000000, 1, 1, 1, 1, 1, 1, 0, 1
3.145805583333333, 0, 1, 1, 1, 1, 1, 0, 1
3.145805666666667, 1, 1, 1, 1, 1, 1, 0, 1
3.145805750000000, 0, 1, 1, 1, 1, 1, 0, 1
3.145805791666667, 1, 1, 1, 1, 1, 1, 0, 1
3.145805875000000, 0, 1, 1, 1, 0, 1, 0, 1
3.145805958333333, 1, 1, 1, 1, 0, 1, 0, 1
3.145806041666667, 0, 1, 1, 1, 0, 1, 0, 1
3.145806125000000, 1, 1, 1, 1, 0, 1, 0, 1
3.145806208333334, 0, 1, 1, 1, 0, 1, 0, 1
3.145806291666667, 1, 1, 1, 1, 0, 1, 0, 1
3.145806375000000, 0, 1, 1, 1, 0, 1, 0, 1
3.145806458333333, 1, 1, 1, 1, 0, 1, 0, 1
3.145806541666667, 0, 1, 1, 1, 0, 1, 0, 1
3.145806625000000, 1, 1, 1, 1, 0, 1, 0, 1
3.145806708333334, 0, 1, 1, 1, 0, 1, 0, 1
3.145808791666667, 0, 1, 1, 1, 1, 1, 1, 1
3.145809458333333, 0, 1, 1, 1, 0, 1, 0, 1
3.145809916666667, 0, 1, 1, 1, 1, 1, 0, 1
3.145810791666667, 1, 1, 1, 1, 1, 1, 0, 1
3.145810958333334, 0, 1, 1, 1, 1, 1, 0, 1
3.145811750000000, 0, 1, 1, 1, 0, 1, 0, 1
3.145812500000000, 1, 1, 1, 1, 0, 1, 0, 1
3.145812583333333, 0, 1, 1, 1, 0, 1, 0, 1
3.145812666666667, 1, 1, 1, 1, 0, 1, 0, 1
3.145812750000000, 0, 1, 1, 1, 0, 1, 0, 1
3.145812833333334, 1, 1, 1, 1, 0, 1, 0, 1
3.145812916666667, 0, 1, 1, 1, 0, 1, 0, 1
3.145813000000000, 1, 1, 1, 1, 0, 1, 0, 1
3.145813083333334, 0, 1, 1, 1, 0, 1, 0, 1
3.145813166666667, 1, 1, 1, 1, 0, 1, 0, 1
3.145813250000000, 0, 1, 1, 1, 0, 1, 0, 1
3.145813291666667, 1, 1, 1, 1, 0, 1, 0, 1
3.145813375000000, 0, 1, 1, 1, 0, 1, 0, 1
3.145813458333333, 1, 1, 1, 1, 0, 1, 0, 1
3.145813541666667, 0, 1, 1, 1, 0, 1, 0, 1
3.145813625000000, 1, 1, 1, 1, 0, 1, 0, 1
3.145813708333334, 0, 1, 1, 1, 0, 1, 0, 1
3.145813791666667, 1, 1, 1, 1, 0, 1, 0, 1
3.145813875000000, 0, 1, 1, 1, 0, 1, 0, 1
3.145813958333334, 1, 1, 1, 1, 0, 1, 0, 1
3.145814041666667, 0, 1, 1, 1, 0, 1, 0, 1
3.145814125000000, 1, 1, 1, 1, 0, 1, 0, 1
3.145814208333333, 0, 1, 1, 1, 1, 1, 0, 1
3.145814250000000, 1, 1, 1, 1, 1, 1, 0, 1
3.145814333333333, 0, 1, 1, 1, 1, 1, 0, 1
3.145814416666667, 1, 1, 1, 1, 1, 1, 0, 1
3.145814500000000, 0, 1, 1, 1, 1, 1, 0, 1
3.145814583333333, 1, 1, 1, 1, 1, 1, 0, 1
3.145814666666667, 0, 1, 1, 1, 1, 1, 0, 1
3.145814750000000, 1, 1, 1, 1, 1, 1, 0, 1
3.145814833333334, 0, 1, 1, 1, 1, 1, 0, 1
3.145814916666667, 1, 1, 1, 1, 1, 1, 0, 1
3.145815000000000, 0, 1, 1, 1, 0, 1, 0, 1
3.145816833333333, 0, 1, 1, 1, 1, 1, 1, 1
3.145817541666667, 0, 1, 1, 1, 0, 1, 0, 1
3.145818041666667, 0, 1, 1, 1, 1, 1, 0, 1
3.145818958333333, 1, 1, 1, 1, 1, 1, 0, 1
3.145819000000000, 0, 1, 1, 1, 0, 1, 0, 1
3.145820500000000, 1, 1, 1, 1, 0, 1, 0, 1
3.145820583333334, 0, 1, 1, 1, 0, 1, 0, 1
3.145820666666667, 1, 1, 1, 1, 0, 1, 0, 1
3.145820750000000, 0, 1, 1, 1, 0, 1, 0, 1
3.145820833333334, 1, 1, 1, 1, 0, 1, 0, 1
3.145820916666667, 0, 1, 1, 1, 0, 1, 0, 1
3.145821000000000, 1, 1, 1, 1, 0, 1, 0, 1
3.145821083333333, 0, 1, 1, 1, 0, 1, 0, 1
3.145821166666667, 1, 1, 1, 1, 0, 1, 0, 1
3.145821250000000, 0, 1, 1, 1, 0, 1, 0, 1
3.145821291666667, 1, 1, 1, 1, 0, 1, 0, 1
3.145821375000000, 0, 1, 1, 1, 0, 1, 0, 1
3.145821458333334, 1, 1, 1, 1, 0, 1, 0, 1
3.145821541666667, 0, 1, 1, 1, 0, 1, 0, 1
3.145821625000000, 1, 1, 1, 1, 0, 1, 0, 1
3.145821708333334, 0, 1, 1, 1, 0, 1, 0, 1
3.145821791666667, 1, 1, 1, 1, 0, 1, 0, 1
3.145821875000000, 0, 1, 1, 1, 0, 1, 0, 1
3.145821958333333, 1, 1, 1, 1, 0, 1, 0, 1
3.145822041666667, 0, 1, 1, 1, 1, 1, 0, 1
3.145822125000000, 1, 1, 1, 1, 1, 1, 0, 1
3.145822208333334, 0, 1, 1, 1, 0, 1, 0, 1
3.145822250000000, 1, 1, 1, 1, 0, 1, 0, 1
3.145822333333334, 0, 1, 1, 1, 0, 1, 0, 1
3.145822416666667, 1, 1, 1, 1, 0, 1, 0, 1
3.145822500000000, 0, 1, 1, 1, 1, 1, 0, 1
3.145822583333334, 1, 1, 1, 1, 1, 1, 0, 1
3.145822666666667, 0, 1, 1, 1, 0, 1, 0, 1
3.145822750000000, 1, 1, 1, 1, 0, 1, 0, 1
3.145822833333333, 0, 1, 1, 1, 1, 1, 0, 1
3.145822916666667, 1, 1, 1, 1, 1, 1, 0, 1
3.145823000000000, 0, 1, 1, 1, 0, 1, 0, 1
3.145824833333334, 0, 1, 1, 1, 1, 1, 1, 1
3.145825458333333, 0, 1, 1, 1, 0, 1, 0, 1
3.145826083333334, 0, 1, 1, 1, 1, 1, 0, 1
3.145826875000000, 0, 1, 1, 1, 0, 1, 0, 1
3.145828416666667, 1, 1, 1, 1, 0, 1, 0, 1
3.145828500000000, 0, 1, 1, 1, 0, 1, 0, 1
3.145828583333333, 1, 1, 1, 1, 0, 1, 0, 1
3.145828666666667, 0, 1, 1, 1, 0, 1, 0, 1
3.145828750000000, 1, 1, 1, 1, 0, 1, 0, 1
3.145828833333334, 0, 1, 1, 1, 0, 1, 0, 1
3.145828916666667, 1, 1, 1, 1, 0, 1, 0, 1
3.145829000000000, 0, 1, 1, 1, 0, 1, 0, 1
3.145829041666667, 1, 1, 1, 1, 0, 1, 0, 1
3.145829125000000, 0, 1, 1, 1, 0, 1, 0, 1
3.145829208333334, 1, 1, 1, 1, 0, 1, 0, 1
3.145829291666667, 0, 1, 1, 1, 0, 1, 0, 1
3.145829375000000, 1, 1, 1, 1, 0, 1, 0, 1
3.145829458333333, 0, 1, 1, 1, 0, 1, 0, 1
3.145829541666667, 1, 1, 1, 1, 0, 1, 0, 1
3.145829625000000, 0, 1, 1, 1, 0, 1, 0, 1
3.145829708333333, 1, 1, 1, 1, 0, 1, 0, 1
3.145829791666667, 0, 1, 1, 1, 0, 1, 0, 1
3.145829875000000, 1, 1, 1, 1, 0, 1, 0, 1
3.145829958333334, 0, 1, 1, 1, 1, 1, 0, 1
3.145830000000000, 1, 1, 1, 1, 1, 1, 0, 1
3.145830083333334, 0, 1, 1, 1, 0, 1, 0, 1
3.145830166666667, 1, 1, 1, 1, 0, 1, 0, 1
3.145830250000000, 0, 1, 1, 1, 0, 1, 0, 1
3.145830333333334, 1, 1, 1, 1, 0, 1, 0, 1
3.145830416666667, 0, 1, 1, 1, 0, 1, 0, 1
3.145830500000000, 1, 1, 1, 1, 0, 1, 0, 1
3.145830583333333, 0, 1, 1, 1, 1, 1, 0, 1
3.145830666666667, 1, 1, 1, 1, 1, 1, 0, 1
3.145830750000000, 0, 1, 1, 1, 0, 1, 0, 1
3.145830833333334, 1, 1, 1, 1, 0, 1, 0, 1
3.145830916666667, 0, 1, 1, 1, 0, 1, 0, 1
3.145832958333334, 0, 1, 1, 1, 1, 1, 1, 1
3.145833625000000, 0, 1, 1, 1, 0, 1, 0, 1
3.145834166666667, 0, 1, 1, 1, 1, 1, 0, 1
3.145835083333334, 0, 1, 1, 1, 0, 1, 0, 1
3.145836625000000, 1, 1, 1, 1, 0, 1, 0, 1
3.145836708333333, 0, 1, 1, 1, 0, 1, 0, 1
3.145836750000000, 1, 1, 1, 1, 0, 1, 0, 1
3.145836833333334, 0, 1, 1, 1, 0, 1, 0, 1
3.145836916666667, 1, 1, 1, 1, 0, 1, 0, 1
3.145837000000000, 0, 1, 1, 1, 0, 1, 0, 1
3.145837083333333, 1, 1, 1, 1, 0, 1, 0, 1
3.145837166666667, 0, 1, 1, 1, 0, 1, 0, 1
3.145837250000000, 1, 1, 1, 1, 0, 1, 0, 1
3.145837333333334, 0, 1, 1, 1, 0, 1, 0, 1
3.145837416666667, 1, 1, 1, 1, 0, 1, 0, 1
3.145837500000000, 0, 1, 1, 1, 0, 1, 0, 1
3.145837583333333, 1, 1, 1, 1, 0, 1, 0, 1
3.145837666666667, 0, 1, 1, 1, 0, 1, 0, 1
3.145837750000000, 1, 1, 1, 1, 0, 1, 0, 1
3.145837791666667, 0, 1, 1, 1, 0, 1, 0, 1
3.145837875000000, 1, 1, 1, 1, 0, 1, 0, 1
3.145837958333333, 0, 1, 1, 1, 0, 1, 0, 1
3.145838041666667, 1, 1, 1, 1, 0, 1, 0, 1
3.145838125000000, 0, 1, 1, 1, 0, 1, 0, 1
3.145838208333334, 1, 1, 1, 1, 0, 1, 0, 1
3.145838291666667, 0, 1, 1, 1, 0, 1, 0, 1
3.145838375000000, 1, 1, 1, 1, 0, 1, 0, 1
3.145838458333333, 0, 1, 1, 1, 1, 1, 0, 1
3.145838541666667, 1, 1, 1, 1, 1, 1, 0, 1
3.145838625000000, 0, 1, 1, 1, 0, 1, 0, 1
3.145838708333334, 1, 1, 1, 1, 0, 1, 0, 1
3.145838750000000, 1, 1, 1, 1, 1, 1, 0, 1
3.145838791666667, 0, 1, 1, 1, 1, 1, 0, 1
3.145838833333333, 1, 1, 1, 1, 1, 1, 0, 1
3.145838916666667, 0, 1, 1, 1, 1, 1, 0, 1
3.145839000000000, 1, 1, 1, 1, 1, 1, 0, 1
3.145839083333334, 0, 1, 1, 1, 0, 1, 0, 1
3.145841000000000, 0, 1, 1, 1, 1, 1, 1, 1
3.145841666666667, 0, 1, 1, 1, 0, 1, 0, 1
3.145842166666667, 0, 1, 1, 1, 1, 1, 0, 1
3.145843041666667, 1, 1, 1, 1, 1, 1, 0, 1
3.145843291666667, 0, 1, 1, 1, 0, 1, 0, 1
3.145844791666667, 1, 1, 1, 1, 0, 1, 0, 1
3.145844875000000, 0, 1, 1, 1, 0, 1, 0, 1
3.145844958333333, 1, 1, 1, 1, 0, 1, 0, 1
3.145845041666667, 0, 1, 1, 1, 0, 1, 0, 1
3.145845125000000, 1, 1, 1, 1, 0, 1, 0, 1
3.145845208333334, 0, 1, 1, 1, 0, 1, 0, 1
3.145845291666667, 1, 1, 1, 1, 0, 1, 0, 1
3.145845375000000, 0, 1, 1, 1, 0, 1, 0, 1
3.145845458333334, 1, 1, 1, 1, 0, 1, 0, 1
3.145845541666667, 0, 1, 1, 1, 0, 1, 0, 1
3.145845583333334, 1, 1, 1, 1, 0, 1, 0, 1
3.145845666666667, 0, 1, 1, 1, 0, 1, 0, 1
3.145845750000000, 1, 1, 1, 1, 0, 1, 0, 1
3.145845833333333, 0, 1, 1, 1, 0, 1, 0, 1
3.145845916666667, 1, 1, 1, 1, 0, 1, 0, 1
3.145846000000000, 0, 1, 1, 1, 0, 1, 0, 1
3.145846083333334, 1, 1, 1, 1, 0, 1, 0, 1
3.145846166666667, 0, 1, 1, 1, 0, 1, 0, 1
3.145846250000000, 1, 1, 1, 1, 0, 1, 0, 1
3.145846333333334, 0, 1, 1, 1, 0, 1, 0, 1
3.145846416666667, 1, 1, 1, 1, 0, 1, 0, 1
3.145846500000000, 0, 1, 1, 1, 0, 1, 0, 1
3.145846541666667, 1, 1, 1, 1, 0, 1, 0, 1
3.145846625000000, 0, 1, 1, 1, 0, 1, 0, 1
3.145846708333333, 1, 1, 1, 1, 0, 1, 0, 1
3.145846791666667, 0, 1, 1, 1, 1, 1, 0, 1
3.145846875000000, 1, 1, 1, 1, 1, 1, 0, 1
3.145846958333334, 0, 1, 1, 1, 1, 1, 0, 1
3.145847041666667, 1, 1, 1, 1, 1, 1, 0, 1
3.145847125000000, 0, 1, 1, 1, 0, 1, 0, 1
3.145847208333334, 1, 1, 1, 1, 0, 1, 0, 1
3.145847291666667, 0, 1, 1, 1, 0, 1, 0, 1
3.145849291666667, 0, 1, 1, 1, 1, 1, 1, 1
3.145850000000000, 0, 1, 1, 1, 0, 1, 0, 1
3.145850458333333, 0, 1, 1, 1, 1, 1, 0, 1
3.145851333333333, 1, 1, 1, 1, 1, 1, 0, 1
3.145851416666667, 0, 1, 1, 1, 0, 1, 0, 1
3.145852958333334, 1, 1, 1, 1, 0, 1, 0, 1
3.145853041666667, 0, 1, 1, 1, 0, 1, 0, 1
3.145853125000000, 1, 1, 1, 1, 0, 1, 0, 1
3.145853208333333, 0, 1, 1, 1, 0, 1, 0, 1
3.145853291666667, 1, 1, 1, 1, 0, 1, 0, 1
3.145853333333334, 0, 1, 1, 1, 0, 1, 0, 1
3.145853416666667, 1, 1, 1, 1, 0, 1, 0, 1
3.145853500000000, 0, 1, 1, 1, 0, 1, 0, 1
3.145853583333333, 1, 1, 1, 1, 0, 1, 0, 1
3.145853666666667, 0, 1, 1, 1, 0, 1, 0, 1
3.145853750000000, 1, 1, 1, 1, 0, 1, 0, 1
3.145853833333334, 0, 1, 1, 1, 0, 1, 0, 1
3.145853916666667, 1, 1, 1, 1, 0, 1, 0, 1
3.145854000000000, 0, 1, 1, 1, 0, 1, 0, 1
3.145854083333333, 1, 1, 1, 1, 0, 1, 0, 1
3.145854166666667, 0, 1, 1, 1, 0, 1, 0, 1
3.145854250000000, 1, 1, 1, 1, 0, 1, 0, 1
3.145854333333333, 0, 1, 1, 1, 0, 1, 0, 1
3.145854375000000, 1, 1, 1, 1, 0, 1, 0, 1
3.145854458333333, 0, 1, 1, 1, 0, 1, 0, 1
3.145854541666667, 1, 1, 1, 1, 0, 1, 0, 1
3.145854625000000, 0, 1, 1, 1, 0, 1, 0, 1
3.145854708333334, 1, 1, 1, 1, 0, 1, 0, 1
3.145854791666667, 0, 1, 1, 1, 1, 1, 0, 1
3.145854875000000, 1, 1, 1, 1, 1, 1, 0, 1
3.145854958333334, 0, 1, 1, 1, 0, 1, 0, 1
3.145855041666667, 1, 1, 1, 1, 0, 1, 0, 1
3.145855125000000, 0, 1, 1, 1, 1, 1, 0, 1
3.145855208333333, 1, 1, 1, 1, 1, 1, 0, 1
3.145855291666667, 0, 1, 1, 1, 0, 1, 0, 1
3.145855333333333, 1, 1, 1, 1, 0, 1, 0, 1
3.145855416666667, 0, 1, 1, 1, 0, 1, 0, 1
3.145857291666667, 0, 1, 1, 1, 1, 1, 1, 1
3.145857916666667, 0, 1, 1, 1, 0, 1, 0, 1
3.145858500000000, 0, 1, 1, 1, 1, 1, 0, 1
3.145859416666667, 1, 1, 1, 1, 1, 1, 0, 1
3.145859458333334, 0, 1, 1, 1, 0, 1, 0, 1
3.145861000000000, 1, 1, 1, 1, 0, 1, 0, 1
3.145861083333334, 0, 1, 1, 1, 0, 1, 0, 1
3.145861125000000, 1, 1, 1, 1, 0, 1, 0, 1
3.145861208333334, 0, 1, 1, 1, 0, 1, 0, 1
3.145861291666667, 1, 1, 1, 1, 0, 1, 0, 1
3.145861375000000, 0, 1, 1, 1, 0, 1, 0, 1
3.145861458333334, 1, 1, 1, 1, 0, 1, 0, 1
3.145861541666667, 0, 1, 1, 1, 0, 1, 0, 1
3.145861625000000, 1, 1, 1, 1, 0, 1, 0, 1
3.145861708333333, 0, 1, 1, 1, 0, 1, 0, 1
3.145861791666667, 1, 1, 1, 1, 0, 1, 0, 1
3.145861875000000, 0, 1, 1, 1, 0, 1, 0, 1
3.145861958333334, 1, 1, 1, 1, 0, 1, 0, 1
3.145862041666667, 0, 1, 1, 1, 0, 1, 0, 1
3.145862083333334, 1, 1, 1, 1, 0, 1, 0, 1
3.145862166666667, 0, 1, 1, 1, 0, 1, 0, 1
3.145862250000000, 1, 1, 1, 1, 0, 1, 0, 1
3.145862333333334, 0, 1, 1, 1, 1, 1, 0, 1
3.145862416666667, 1, 1, 1, 1, 1, 1, 0, 1
3.145862500000000, 0, 1, 1, 1, 0, 1, 0, 1
3.145862583333333, 1, 1, 1, 1, 0, 1, 0, 1
3.145862666666667, 0, 1, 1, 1, 0, 1, 0, 1
3.145862750000000, 1, 1, 1, 1, 0, 1, 0, 1
3.145862833333334, 0, 1, 1, 1, 1, 1, 0, 1
3.145862916666667, 1, 1, 1, 1, 1, 1, 0, 1
3.145863000000000, 0, 1, 1, 1, 1, 1, 0, 1
3.145863041666667, 1, 1, 1, 1, 1, 1, 0, 1
3.145863125000000, 0, 1, 1, 1, 1, 1, 0, 1
3.145863208333334, 1, 1, 1, 1, 1, 1, 0, 1
3.145863291666667, 0, 1, 1, 1, 0, 1, 0, 1
3.145863375000000, 1, 1, 1, 1, 0, 1, 0, 1
3.145863458333333, 0, 1, 1, 1, 0, 1, 0, 1
3.145865333333334, 0, 1, 1, 1, 1, 1, 1, 1
3.145865958333334, 0, 1, 1, 1, 0, 1, 0, 1
3.145866541666667, 0, 1, 1, 1, 1, 1, 0, 1
3.145867375000000, 0, 1, 1, 1, 0, 1, 0, 1
3.145868916666667, 1, 1, 1, 1, 0, 1, 0, 1
3.145869000000000, 0, 1, 1, 1, 0, 1, 0, 1
3.145869083333333, 1, 1, 1, 1, 0, 1, 0, 1
3.145869166666667, 0, 1, 1, 1, 0, 1, 0, 1
3.145869250000000, 1, 1, 1, 1, 0, 1, 0, 1
3.145869333333334, 0, 1, 1, 1, 0, 1, 0, 1
3.145869416666667, 1, 1, 1, 1, 0, 1, 0, 1
3.145869500000000, 0, 1, 1, 1, 0, 1, 0, 1
3.145869541666667, 1, 1, 1, 1, 0, 1, 0, 1
3.145869625000000, 0, 1, 1, 1, 0, 1, 0, 1
3.145869708333334, 1, 1, 1, 1, 0, 1, 0, 1
3.145869791666667, 0, 1, 1, 1, 0, 1, 0, 1
3.145869875000000, 1, 1, 1, 1, 0, 1, 0, 1
3.145869958333333, 0, 1, 1, 1, 0, 1, 0, 1
3.145870041666667, 1, 1, 1, 1, 0, 1, 0, 1
3.145870125000000, 0, 1, 1, 1, 1, 1, 0, 1
3.145870208333334, 1, 1, 1, 1, 1, 1, 0, 1
3.145870291666667, 0, 1, 1, 1, 1, 1, 0, 1
3.145870375000000, 1, 1, 1, 1, 1, 1, 0, 1
3.145870458333333, 0, 1, 1, 1, 0, 1, 0, 1
3.145870541666667, 1, 1, 1, 1, 0, 1, 0, 1
3.145870583333334, 0, 1, 1, 1, 0, 1, 0, 1
3.145870666666667, 1, 1, 1, 1, 0, 1, 0, 1
3.145870750000000, 0, 1, 1, 1, 0, 1, 0, 1
3.145870833333333, 1, 1, 1, 1, 0, 1, 0, 1
3.145870916666667, 0, 1, 1, 1, 1, 1, 0, 1
3.145871000000000, 1, 1, 1, 1, 1, 1, 0, 1
3.145871083333334, 0, 1, 1, 1, 1, 1, 0, 1
3.145871166666667, 1, 1, 1, 1, 1, 1, 0, 1
3.145871250000000, 0, 1, 1, 1, 0, 1, 0, 1
3.145871333333333, 1, 1, 1, 1, 0, 1, 0, 1
3.145871416666667, 0, 1, 1, 1, 0, 1, 0, 1
3.145873250000000, 0, 1, 1, 1, 1, 1, 1, 1
3.145873875000000, 0, 1, 1, 1, 0, 1, 0, 1
3.145874458333334, 0, 1, 1, 1, 1, 1, 0, 1
3.145875291666667, 0, 1, 1, 1, 0, 1, 0, 1
3.145876833333333, 1, 1, 1, 1, 0, 1, 0, 1
3.145876916666667, 0, 1, 1, 1, 0, 1, 0, 1
3.145877000000000, 1, 1, 1, 1, 0, 1, 0, 1
3.145877083333334, 0, 1, 1, 1, 0, 1, 0, 1
3.145877166666667, 1, 1, 1, 1, 0, 1, 0, 1
3.145877250000000, 0, 1, 1, 1, 0, 1, 0, 1
3.145877291666667, 1, 1, 1, 1, 0, 1, 0, 1
3.145877375000000, 0, 1, 1, 1, 0, 1, 0, 1
3.145877458333334, 1, 1, 1, 1, 0, 1, 0, 1
3.145877541666667, 0, 1, 1, 1, 0, 1, 0, 1
3.145877625000000, 1, 1, 1, 1, 0, 1, 0, 1
3.145877708333333, 0, 1, 1, 1, 0, 1, 0, 1
3.145877791666667, 1, 1, 1, 1, 0, 1, 0, 1
3.145877875000000, 0, 1, 1, 1, 0, 1, 0, 1
3.145877958333334, 1, 1, 1, 1, 0, 1, 0, 1
3.145878041666667, 0, 1, 1, 1, 0, 1, 0, 1
3.145878125000000, 1, 1, 1, 1, 0, 1, 0, 1
3.145878208333333, 0, 1, 1, 1, 0, 1, 0, 1
3.145878291666667, 1, 1, 1, 1, 0, 1, 0, 1
3.145878333333334, 0, 1, 1, 1, 1, 1, 0, 1
3.145878416666667, 1, 1, 1, 1, 1, 1, 0, 1
3.145878500000000, 0, 1, 1, 1, 1, 1, 0, 1
3.145878583333333, 1, 1, 1, 1, 1, 1, 0, 1
3.145878666666667, 0, 1, 1, 1, 1, 1, 0, 1
3.145878750000000, 1, 1, 1, 1, 1, 1, 0, 1
3.145878833333334, 0, 1, 1, 1, 0, 1, 0, 1
3.145878916666667, 1, 1, 1, 1, 0, 1, 0, 1
3.145879000000000, 0, 1, 1, 1, 0, 1, 0, 1
3.145879083333333, 1, 1, 1, 1, 0, 1, 0, 1
3.145879166666667, 0, 1, 1, 1, 1, 1, 0, 1
3.145879250000000, 1, 1, 1, 1, 1, 1, 0, 1
3.145879333333334, 0, 1, 1, 1, 0, 1, 0, 1
3.145881166666667, 0, 1, 1, 1, 1, 1, 1, 1
3.145881875000000, 0, 1, 1, 1, 0, 1, 0, 1
3.145882375000000, 0, 1, 1, 1, 1, 1, 0, 1
3.145883291666667, 0, 1, 1, 1, 0, 1, 0, 1
3.145884833333334, 1, 1, 1, 1, 0, 1, 0, 1
3.145884916666667, 0, 1, 1, 1, 0, 1, 0, 1
3.145885000000000, 1, 1, 1, 1, 0, 1, 0, 1
3.145885083333333, 0, 1, 1, 1, 0, 1, 0, 1
3.145885125000000, 1, 1, 1, 1, 0, 1, 0, 1
3.145885208333334, 0, 1, 1, 1, 0, 1, 0, 1
3.145885291666667, 1, 1, 1, 1, 0, 1, 0, 1
3.145885375000000, 0, 1, 1, 1, 0, 1, 0, 1
3.145885458333333, 1, 1, 1, 1, 0, 1, 0, 1
3.145885541666667, 0, 1, 1, 1, 0, 1, 0, 1
3.145885625000000, 1, 1, 1, 1, 0, 1, 0, 1
3.145885708333334, 0, 1, 1, 1, 0, 1, 0, 1
3.145885791666667, 1, 1, 1, 1, 0, 1, 0, 1
3.145885875000000, 0, 1, 1, 1, 0, 1, 0, 1
3.145885958333333, 1, 1, 1, 1, 0, 1, 0, 1
3.145886041666667, 0, 1, 1, 1, 0, 1, 0, 1
3.145886083333334, 1, 1, 1, 1, 0, 1, 0, 1
3.145886166666667, 0, 1, 1, 1, 0, 1, 0, 1
3.145886250000000, 1, 1, 1, 1, 0, 1, 0, 1
3.145886333333333, 0, 1, 1, 1, 0, 1, 0, 1
3.145886416666667, 1, 1, 1, 1, 0, 1, 0, 1
3.145886500000000, 0, 1, 1, 1, 0, 1, 0, 1
3.145886583333334, 1, 1, 1, 1, 0, 1, 0, 1
3.145886666666667, 0, 1, 1, 1, 0, 1, 0, 1
3.145886750000000, 1, 1, 1, 1, 0, 1, 0, 1
3.145886833333333, 0, 1, 1, 1, 0, 1, 0, 1
3.145886916666667, 1, 1, 1, 1, 0, 1, 0, 1
3.145887000000000, 0, 1, 1, 1, 0, 1, 0, 1
3.145887083333334, 1, 1, 1, 1, 0, 1, 0, 1
3.145887125000000, 0, 1, 1, 1, 0, 1, 0, 1
3.145887208333333, 1, 1, 1, 1, 0, 1, 0, 1
3.145887291666667, 0, 1, 1, 1, 0, 1, 0, 1
3.145889250000000, 0, 1, 1, 1, 1, 1, 1, 1
3.145889958333334, 0, 1, 1, 1, 0, 1, 0, 1
3.145890541666667, 0, 1, 1, 1, 1, 1, 0, 1
3.145891375000000, 0, 1, 1, 1, 0, 1, 0, 1
3.145892916666667, 1, 1, 1, 1, 0, 1, 0, 1
3.145893000000000, 0, 1, 1, 1, 0, 1, 0, 1
3.145893083333334, 1, 1, 1, 1, 0, 1, 0, 1
3.145893166666667, 0, 1, 1, 1, 0, 1, 0, 1
3.145893250000000, 1, 1, 1, 1, 0, 1, 0, 1
3.145893333333333, 0, 1, 1, 1, 0, 1, 0, 1
3.145893375000000, 1, 1, 1, 1, 0, 1, 0, 1
3.145893458333334, 0, 1, 1, 1, 0, 1, 0, 1
3.145893541666667, 1, 1, 1, 1, 0, 1, 0, 1
3.145893625000000, 0, 1, 1, 1, 0, 1, 0, 1
3.145893708333333, 1, 1, 1, 1, 0, 1, 0, 1
3.145893791666667, 0, 1, 1, 1, 0, 1, 0, 1
3.145893875000000, 1, 1, 1, 1, 0, 1, 0, 1
3.145893958333334, 0, 1, 1, 1, 0, 1, 0, 1
3.145894041666667, 1, 1, 1, 1, 0, 1, 0, 1
3.145894125000000, 0, 1, 1, 1, 0, 1, 0, 1
3.145894208333333, 1, 1, 1, 1, 0, 1, 0, 1
3.145894291666667, 0, 1, 1, 1, 0, 1, 0, 1
3.145894333333334, 1, 1, 1, 1, 0, 1, 0, 1
3.145894416666667, 0, 1, 1, 1, 0, 1, 0, 1
3.145894500000000, 1, 1, 1, 1, 0, 1, 0, 1
3.145894583333333, 0, 1, 1, 1, 0, 1, 0, 1
3.145894666666667, 1, 1, 1, 1, 0, 1, 0, 1
3.145894750000000, 0, 1, 1, 1, 0, 1, 0, 1
3.145894833333334, 1, 1, 1, 1, 0, 1, 0, 1
3.145894916666667, 0, 1, 1, 1, 0, 1, 0, 1
3.145895000000000, 1, 1, 1, 1, 0, 1, 0, 1
3.145895083333333, 0, 1, 1, 1, 0, 1, 0, 1
3.145895166666667, 1, 1, 1, 1, 0, 1, 0, 1
3.145895250000000, 0, 1, 1, 1, 0, 1, 0, 1
3.145895333333334, 1, 1, 1, 1, 0, 1, 0, 1
3.145895375000000, 0, 1, 1, 1, 0, 1, 0, 1
3.145897458333334, 0, 1, 1, 1, 1, 1, 1, 1
3.145898125000000, 0, 1, 1, 1, 0, 1, 0, 1
3.145898708333334, 0, 1, 1, 1, 1, 1, 0, 1
3.145899625000000, 0, 1, 1, 1, 0, 1, 0, 1
3.145901125000000, 1, 1, 1, 1, 0, 1, 0, 1
3.145901208333334, 0, 1, 1, 1, 0, 1, 0, 1
3.145901291666667, 1, 1, 1, 1, 0, 1, 0, 1
3.145901375000000, 0, 1, 1, 1, 0, 1, 0, 1
3.145901458333333, 1, 1, 1, 1, 0, 1, 0, 1
3.145901541666667, 0, 1, 1, 1, 0, 1, 0, 1
3.145901625000000, 1, 1, 1, 1, 0, 1, 0, 1
3.145901708333334, 0, 1, 1, 1, 0, 1, 0, 1
3.145901791666667, 1, 1, 1, 1, 0, 1, 0, 1
3.145901875000000, 0, 1, 1, 1, 0, 1, 0, 1
3.145901916666667, 1, 1, 1, 1, 0, 1, 0, 1
3.145902000000000, 0, 1, 1, 1, 0, 1, 0, 1
3.145902083333334, 1, 1, 1, 1, 0, 1, 0, 1
3.145902166666667, 0, 1, 1, 1, 0, 1, 0, 1
3.145902250000000, 1, 1, 1, 1, 0, 1, 0, 1
3.145902333333333, 0, 1, 1, 1, 0, 1, 0, 1
3.145902416666667, 1, 1, 1, 1, 0, 1, 0, 1
3.145902500000000, 0, 1, 1, 1, 0, 1, 0, 1
3.145902583333334, 1, 1, 1, 1, 0, 1, 0, 1
3.145902666666667, 0, 1, 1, 1, 0, 1, 0, 1
3.145902750000000, 1, 1, 1, 1, 0, 1, 0, 1
3.145902833333333, 0, 1, 1, 1, 0, 1, 0, 1
3.145902875000000, 1, 1, 1, 1, 0, 1, 0, 1
3.145902958333334, 0, 1, 1, 1, 0, 1, 0, 1
3.145903041666667, 1, 1, 1, 1, 0, 1, 0, 1
3.145903125000000, 0, 1, 1, 1, 0, 1, 0, 1
3.145903208333333, 1, 1, 1, 1, 0, 1, 0, 1
3.145903291666667, 0, 1, 1, 1, 0, 1, 0, 1
3.145903375000000, 1, 1, 1, 1, 0, 1, 0, 1
3.145903458333334, 0, 1, 1, 1, 0, 1, 0, 1
3.145903541666667, 1, 1, 1, 1, 0, 1, 0, 1
3.145903625000000, 0, 1, 1, 1, 0, 1, 0, 1
3.145905625000000, 0, 1, 1, 1, 0, 1, 1, 1
3.145905666666667, 0, 1, 1, 1, 1, 1, 1, 1
3.145906291666667, 0, 1, 1, 1, 0, 1, 0, 1
3.145906875000000, 0, 1, 1, 1, 1, 1, 0, 1
3.145907708333334, 0, 1, 1, 1, 0, 1, 0, 1
3.145909250000000, 1, 1, 1, 1, 0, 1, 0, 1
3.145909333333333, 0, 1, 1, 1, 0, 1, 0, 1
3.145909416666667, 1, 1, 1, 1, 0, 1, 0, 1
3.145909500000000, 0, 1, 1, 1, 0, 1, 0, 1
3.145909583333334, 1, 1, 1, 1, 0, 1, 0, 1
3.145909666666667, 0, 1, 1, 1, 0, 1, 0, 1
3.145909750000000, 1, 1, 1, 1, 0, 1, 0, 1
3.145909833333334, 0, 1, 1, 1, 0, 1, 0, 1
3.145909875000000, 1, 1, 1, 1, 0, 1, 0, 1
3.145909958333334, 0, 1, 1, 1, 0, 1, 0, 1
3.145910041666667, 1, 1, 1, 1, 0, 1, 0, 1
3.145910125000000, 0, 1, 1, 1, 0, 1, 0, 1
3.145910208333333, 1, 1, 1, 1, 0, 1, 0, 1
3.145910291666667, 0, 1, 1, 1, 0, 1, 0, 1
3.145910375000000, 1, 1, 1, 1, 0, 1, 0, 1
3.145910458333334, 0, 1, 1, 1, 0, 1, 0, 1
3.145910541666667, 1, 1, 1, 1, 0, 1, 0, 1
3.145910625000000, 0, 1, 1, 1, 0, 1, 0, 1
3.145910708333334, 1, 1, 1, 1, 0, 1, 0, 1
3.145910791666667, 0, 1, 1, 1, 0, 1, 0, 1
3.145910875000000, 1, 1, 1, 1, 0, 1, 0, 1
3.145910916666667, 0, 1, 1, 1, 0, 1, 0, 1
3.145911000000000, 1, 1, 1, 1, 0, 1, 0, 1
3.145911083333333, 0, 1, 1, 1, 0, 1, 0, 1
3.145911166666667, 1, 1, 1, 1, 0, 1, 0, 1
3.145911250000000, 0, 1, 1, 1, 0, 1, 0, 1
3.145911333333334, 1, 1, 1, 1, 0, 1, 0, 1
3.145911416666667, 0, 1, 1, 1, 0, 1, 0, 1
3.145911500000000, 1, 1, 1, 1, 0, 1, 0, 1
3.145911583333334, 0, 1, 1, 1, 0, 1, 0, 1
3.145911666666667, 1, 1, 1, 1, 0, 1, 0, 1
3.145911750000000, 0, 1, 1, 1, 0, 1, 0, 1
3.145913583333333, 0, 1, 1, 1, 1, 1, 1, 1
3.145914250000000, 0, 1, 1, 1, 0, 1, 0, 1
3.145914875000000, 0, 1, 1, 1, 1, 1, 0, 1
3.145915666666667, 0, 1, 1, 1, 0, 1, 0, 1
3.145917208333334, 1, 1, 1, 1, 0, 1, 0, 1
3.145917291666667, 0, 1, 1, 1, 0, 1, 0, 1
3.145917375000000, 1, 1, 1, 1, 0, 1, 0, 1
3.145917458333333, 0, 1, 1, 1, 0, 1, 0, 1
3.145917541666667, 1, 1, 1, 1, 0, 1, 0, 1
3.145917625000000, 0, 1, 1, 1, 0, 1, 0, 1
3.145917666666667, 1, 1, 1, 1, 0, 1, 0, 1
3.145917750000000, 0, 1, 1, 1, 0, 1, 0, 1
3.145917833333333, 1, 1, 1, 1, 0, 1, 0, 1
3.145917916666667, 0, 1, 1, 1, 0, 1, 0, 1
3.145918000000000, 1, 1, 1, 1, 0, 1, 0, 1
3.145918083333334, 0, 1, 1, 1, 0, 1, 0, 1
3.145918166666667, 1, 1, 1, 1, 0, 1, 0, 1
3.145918250000000, 0, 1, 1, 1, 0, 1, 0, 1
3.145918333333333, 1, 1, 1, 1, 0, 1, 0, 1
3.145918416666667, 0, 1, 1, 1, 0, 1, 0, 1
3.145918500000000, 1, 1, 1, 1, 0, 1, 0, 1
3.145918583333334, 0, 1, 1, 1, 0, 1, 0, 1
3.145918625000000, 1, 1, 1, 1, 0, 1, 0, 1
3.145918708333333, 0, 1, 1, 1, 0, 1, 0, 1
3.145918791666667, 1, 1, 1, 1, 0, 1, 0, 1
3.145918875000000, 0, 1, 1, 1, 0, 1, 0, 1
3.145918958333334, 1, 1, 1, 1, 0, 1, 0, 1
3.145919041666667, 0, 1, 1, 1, 0, 1, 0, 1
3.145919125000000, 1, 1, 1, 1, 0, 1, 0, 1
3.145919208333333, 0, 1, 1, 1, 0, 1, 0, 1
3.145919291666667, 1, 1, 1, 1, 0, 1, 0, 1
3.145919375000000, 0, 1, 1, 1, 0, 1, 0, 1
3.145919458333334, 1, 1, 1, 1, 0, 1, 0, 1
3.145919541666667, 0, 1, 1, 1, 0, 1, 0, 1
3.145919625000000, 1, 1, 1, 1, 0, 1, 0, 1
3.145919666666667, 0, 1, 1, 1, 0, 1, 0, 1
3.145921541666667, 0, 1, 1, 1, 1, 1, 1, 1
3.145922166666667, 0, 1, 1, 1, 0, 1, 0, 1
3.145922833333334, 0, 1, 1, 1, 1, 1, 0, 1
3.145923708333334, 0, 1, 1, 1, 0, 1, 0, 1
3.145925250000000, 1, 1, 1, 1, 0, 1, 0, 1
3.145925333333333, 0, 1, 1, 1, 0, 1, 0, 1
3.145925416666667, 1, 1, 1, 1, 0, 1, 0, 1
3.145925500000000, 0, 1, 1, 1, 0, 1, 0, 1
3.145925583333334, 1, 1, 1, 1, 0, 1, 0, 1
3.145925666666667, 0, 1, 1, 1, 0, 1, 0, 1
3.145925750000000, 1, 1, 1, 1, 0, 1, 0, 1
3.145925833333334, 0, 1, 1, 1, 0, 1, 0, 1
3.145925875000000, 1, 1, 1, 1, 0, 1, 0, 1
3.145925958333334, 0, 1, 1, 1, 0, 1, 0, 1
3.145926041666667, 1, 1, 1, 1, 0, 1, 0, 1
3.145926125000000, 0, 1, 1, 1, 0, 1, 0, 1
3.145926208333333, 1, 1, 1, 1, 0, 1, 0, 1
3.145926291666667, 0, 1, 1, 1, 0, 1, 0, 1
3.145926375000000, 1, 1, 1, 1, 0, 1, 0, 1
3.145926458333334, 0, 1, 1, 1, 0, 1, 0, 1
3.145926541666667, 1, 1, 1, 1, 0, 1, 0, 1
3.145926625000000, 0, 1, 1, 1, 0, 1, 0, 1
3.145926708333334, 1, 1, 1, 1, 0, 1, 0, 1
3.145926791666667, 0, 1, 1, 1, 0, 1, 0, 1
3.145926875000000, 1, 1, 1, 1, 0, 1, 0, 1
3.145926916666667, 0, 1, 1, 1, 0, 1, 0, 1
3.145927000000000, 1, 1, 1, 1, 0, 1, 0, 1
3.145927083333333, 0, 1, 1, 1, 0, 1, 0, 1
3.145927166666667, 1, 1, 1, 1, 0, 1, 0, 1
3.145927250000000, 0, 1, 1, 1, 0, 1, 0, 1
3.145927333333334, 1, 1, 1, 1, 0, 1, 0, 1
3.145927416666667, 0, 1, 1, 1, 0, 1, 0, 1
3.145927500000000, 1, 1, 1, 1, 0, 1, 0, 1
3.145927583333334, 0, 1, 1, 1, 0, 1, 0, 1
3.145927666666667, 1, 1, 1, 1, 0, 1, 0, 1
3.145927750000000, 0, 1, 1, 1, 0, 1, 0, 1
3.145929625000000, 0, 1, 1, 1, 1, 1, 1, 1
3.145930375000000, 0, 1, 1, 1, 0, 1, 0, 1
3.145930958333333, 0, 1, 1, 1, 1, 1, 0, 1
3.145931875000000, 1, 1, 1, 1, 1, 1, 0, 1
3.145931958333334, 0, 1, 1, 1, 0, 1, 0, 1
3.145932666666667, 0, 1, 1, 1, 1, 1, 0, 1
3.145933333333334, 1, 1, 1, 1, 1, 1, 0, 1
3.145933416666667, 0, 1, 1, 1, 1, 1, 0, 1
3.145933500000000, 1, 1, 1, 1, 1, 1, 0, 1
3.145933583333334, 0, 1, 1, 1, 1, 1, 0, 1
3.145933666666667, 1, 1, 1, 1, 1, 1, 0, 1
3.145933750000000, 0, 1, 1, 1, 0, 1, 0, 1
3.145933833333333, 1, 1, 1, 1, 0, 1, 0, 1
3.145933916666667, 0, 1, 1, 1, 0, 1, 0, 1
3.145933958333333, 1, 1, 1, 1, 0, 1, 0, 1
3.145934041666667, 0, 1, 1, 1, 0, 1, 0, 1
3.145934125000000, 1, 1, 1, 1, 0, 1, 0, 1
3.145934208333334, 0, 1, 1, 1, 0, 1, 0, 1
3.145934291666667, 1, 1, 1, 1, 0, 1, 0, 1
3.145934375000000, 0, 1, 1, 1, 1, 1, 0, 1
3.145934458333334, 1, 1, 1, 1, 1, 1, 0, 1
3.145934541666667, 0, 1, 1, 1, 0, 1, 0, 1
3.145936291666667, 0, 1, 1, 1, 1, 1, 1, 1
3.145937000000000, 0, 1, 1, 1, 0, 1, 0, 1
3.145937375000000, 0, 1, 1, 1, 1, 1, 0, 1
3.145938250000000, 1, 1, 1, 1, 1, 1, 0, 1
3.145938500000000, 0, 1, 1, 1, 1, 1, 0, 1
3.145939291666667, 0, 1, 1, 1, 0, 1, 0, 1
3.145940041666667, 1, 1, 1, 1, 0, 1, 0, 1
3.145940125000000, 0, 1, 1, 1, 0, 1, 0, 1
3.145940208333334, 1, 1, 1, 1, 0, 1, 0, 1
3.145940291666667, 0, 1, 1, 1, 0, 1, 0, 1
3.145940375000000, 1, 1, 1, 1, 0, 1, 0, 1
3.145940458333333, 0, 1, 1, 1, 0, 1, 0, 1
3.145940541666667, 1, 1, 1, 1, 0, 1, 0, 1
3.145940625000000, 0, 1, 1, 1, 0, 1, 0, 1
3.145940666666667, 1, 1, 1, 1, 0, 1, 0, 1
3.145940750000000, 0, 1, 1, 1, 0, 1, 0, 1
3.145940833333333, 1, 1, 1, 1, 0, 1, 0, 1
3.145940916666667, 0, 1, 1, 1, 0, 1, 0, 1
3.145941000000000, 1, 1, 1, 1, 0, 1, 0, 1
3.145941083333334, 0, 1, 1, 1, 0, 1, 0, 1
3.145941166666667, 1, 1, 1, 1, 0, 1, 0, 1
3.145941250000000, 0, 1, 1, 1, 0, 1, 0, 1
3.145941333333333, 1, 1, 1, 1, 0, 1, 0, 1
3.145941416666667, 0, 1, 1, 1, 0, 1, 0, 1
3.145941500000000, 1, 1, 1, 1, 0, 1, 0, 1
3.145941583333334, 0, 1, 1, 1, 0, 1, 0, 1
3.145941666666667, 1, 1, 1, 1, 0, 1, 0, 1
3.145941708333333, 0, 1, 1, 1, 1, 1, 0, 1
3.145941791666667, 1, 1, 1, 1, 1, 1, 0, 1
3.145941875000000, 0, 1, 1, 1, 1, 1, 0, 1
3.145941958333334, 1, 1, 1, 1, 1, 1, 0, 1
3.145942041666667, 0, 1, 1, 1, 1, 1, 0, 1
3.145942125000000, 1, 1, 1, 1, 1, 1, 0, 1
3.145942208333333, 0, 1, 1, 1, 1, 1, 0, 1
3.145942291666667, 1, 1, 1, 1, 1, 1, 0, 1
3.145942375000000, 0, 1, 1, 1, 1, 1, 0, 1
3.145942458333333, 1, 1, 1, 1, 1, 1, 0, 1
3.145942541666667, 0, 1, 1, 1, 0, 1, 0, 1
3.145944416666667, 0, 1, 1, 1, 0, 1, 1, 1
3.145944458333334, 0, 1, 1, 1, 1, 1, 1, 1
3.145945166666667, 0, 1, 1, 1, 0, 1, 0, 1
3.145945583333333, 0, 1, 1, 1, 1, 1, 0, 1
3.145946500000000, 1, 1, 1, 1, 1, 1, 0, 1
3.145946583333334, 0, 1, 1, 1, 0, 1, 0, 1
3.145948125000000, 1, 1, 1, 1, 0, 1, 0, 1
3.145948208333333, 0, 1, 1, 1, 0, 1, 0, 1
3.145948291666667, 1, 1, 1, 1, 0, 1, 0, 1
3.145948375000000, 0, 1, 1, 1, 0, 1, 0, 1
3.145948458333334, 1, 1, 1, 1, 0, 1, 0, 1
3.145948541666667, 0, 1, 1, 1, 0, 1, 0, 1
3.145948625000000, 1, 1, 1, 1, 0, 1, 0, 1
3.145948708333334, 0, 1, 1, 1, 0, 1, 0, 1
3.145948750000000, 1, 1, 1, 1, 0, 1, 0, 1
3.145948833333334, 0, 1, 1, 1, 0, 1, 0, 1
3.145948916666667, 1, 1, 1, 1, 0, 1, 0, 1
3.145949000000000, 0, 1, 1, 1, 0, 1, 0, 1
3.145949083333333, 1, 1, 1, 1, 0, 1, 0, 1
3.145949166666667, 0, 1, 1, 1, 0, 1, 0, 1
3.145949250000000, 1, 1, 1, 1, 0, 1, 0, 1
3.145949333333334, 0, 1, 1, 1, 0, 1, 0, 1
3.145949416666667, 1, 1, 1, 1, 0, 1, 0, 1
3.145949500000000, 0, 1, 1, 1, 0, 1, 0, 1
3.145949583333334, 1, 1, 1, 1, 0, 1, 0, 1
3.145949625000000, 1, 1, 1, 1, 1, 1, 0, 1
3.145949666666667, 0, 1, 1, 1, 1, 1, 0, 1
3.145949708333334, 1, 1, 1, 1, 1, 1, 0, 1
3.145949791666667, 0, 1, 1, 1, 1, 1, 0, 1
3.145949875000000, 1, 1, 1, 1, 1, 1, 0, 1
3.145949958333333, 0, 1, 1, 1, 1, 1, 0, 1
3.145950041666667, 1, 1, 1, 1, 1, 1, 0, 1
3.145950125000000, 0, 1, 1, 1, 1, 1, 0, 1
3.145950208333334, 1, 1, 1, 1, 1, 1, 0, 1
3.145950291666667, 0, 1, 1, 1, 1, 1, 0, 1
3.145950375000000, 1, 1, 1, 1, 1, 1, 0, 1
3.145950458333334, 0, 1, 1, 1, 1, 1, 0, 1
3.145950541666667, 1, 1, 1, 1, 1, 1, 0, 1
3.145950625000000, 0, 1, 1, 1, 0, 1, 0, 1
3.145952458333333, 0, 1, 1, 1, 1, 1, 1, 1
3.145953083333334, 0, 1, 1, 1, 0, 1, 0, 1
3.145953666666667, 0, 1, 1, 1, 1, 1, 0, 1
3.145954583333333, 1, 1, 1, 1, 1, 1, 0, 1
3.145954625000000, 0, 1, 1, 1, 0, 1, 0, 1
3.145956125000000, 1, 1, 1, 1, 0, 1, 0, 1
3.145956208333334, 0, 1, 1, 1, 0, 1, 0, 1
3.145956291666667, 1, 1, 1, 1, 0, 1, 0, 1
3.145956375000000, 0, 1, 1, 1, 0, 1, 0, 1
3.145956458333333, 1, 1, 1, 1, 0, 1, 0, 1
3.145956541666667, 0, 1, 1, 1, 0, 1, 0, 1
3.145956625000000, 1, 1, 1, 1, 0, 1, 0, 1
3.145956708333334, 0, 1, 1, 1, 0, 1, 0, 1
3.145956791666667, 1, 1, 1, 1, 0, 1, 0, 1
3.145956875000000, 0, 1, 1, 1, 0, 1, 0, 1
3.145956916666667, 1, 1, 1, 1, 0, 1, 0, 1
3.145957000000000, 0, 1, 1, 1, 0, 1, 0, 1
3.145957083333334, 1, 1, 1, 1, 0, 1, 0, 1
3.145957166666667, 0, 1, 1, 1, 0, 1, 0, 1
3.145957250000000, 1, 1, 1, 1, 0, 1, 0, 1
3.145957333333333, 0, 1, 1, 1, 0, 1, 0, 1
3.145957416666667, 1, 1, 1, 1, 0, 1, 0, 1
3.145957500000000, 0, 1, 1, 1, 0, 1, 0, 1
3.145957583333333, 1, 1, 1, 1, 0, 1, 0, 1
3.145957666666667, 0, 1, 1, 1, 1, 1, 0, 1
3.145957750000000, 1, 1, 1, 1, 1, 1, 0, 1
3.145957833333334, 0, 1, 1, 1, 1, 1, 0, 1
3.145957916666667, 1, 1, 1, 1, 1, 1, 0, 1
3.145957958333334, 0, 1, 1, 1, 1, 1, 0, 1
3.145958041666667, 1, 1, 1, 1, 1, 1, 0, 1
3.145958125000000, 0, 1, 1, 1, 1, 1, 0, 1
3.145958208333334, 1, 1, 1, 1, 1, 1, 0, 1
3.145958291666667, 0, 1, 1, 1, 1, 1, 0, 1
3.145958375000000, 1, 1, 1, 1, 1, 1, 0, 1
3.145958458333333, 0, 1, 1, 1, 1, 1, 0, 1
3.145958541666667, 1, 1, 1, 1, 1, 1, 0, 1
3.145958625000000, 0, 1, 1, 1, 0, 1, 0, 1
3.145960500000000, 0, 1, 1, 1, 1, 1, 1, 1
3.145961166666667, 0, 1, 1, 1, 0, 1, 0, 1
3.145961708333334, 0, 1, 1, 1, 1, 1, 0, 1
3.145962583333334, 0, 1, 1, 1, 0, 1, 0, 1
3.145964125000000, 1, 1, 1, 1, 0, 1, 0, 1
3.145964208333333, 0, 1, 1, 1, 0, 1, 0, 1
3.145964291666667, 1, 1, 1, 1, 0, 1, 0, 1
3.145964375000000, 0, 1, 1, 1, 0, 1, 0, 1
3.145964416666667, 1, 1, 1, 1, 0, 1, 0, 1
3.145964500000000, 0, 1, 1, 1, 0, 1, 0, 1
3.145964583333333, 1, 1, 1, 1, 0, 1, 0, 1
3.145964666666667, 0, 1, 1, 1, 0, 1, 0, 1
3.145964750000000, 1, 1, 1, 1, 0, 1, 0, 1
3.145964833333334, 0, 1, 1, 1, 0, 1, 0, 1
3.145964916666667, 1, 1, 1, 1, 0, 1, 0, 1
3.145965000000000, 0, 1, 1, 1, 0, 1, 0, 1
3.145965083333333, 1, 1, 1, 1, 0, 1, 0, 1
3.145965166666667, 0, 1, 1, 1, 0, 1, 0, 1
3.145965250000000, 1, 1, 1, 1, 0, 1, 0, 1
3.145965333333334, 0, 1, 1, 1, 0, 1, 0, 1
3.145965416666667, 1, 1, 1, 1, 0, 1, 0, 1
3.145965458333333, 0, 1, 1, 1, 0, 1, 0, 1
3.145965541666667, 1, 1, 1, 1, 0, 1, 0, 1
3.145965625000000, 0, 1, 1, 1, 0, 1, 0, 1
3.145965708333334, 1, 1, 1, 1, 0, 1, 0, 1
3.145965791666667, 0, 1, 1, 1, 0, 1, 0, 1
3.145965875000000, 1, 1, 1, 1, 0, 1, 0, 1
3.145965958333333, 0, 1, 1, 1, 1, 1, 0, 1
3.145966041666667, 1, 1, 1, 1, 1, 1, 0, 1
3.145966125000000, 0, 1, 1, 1, 1, 1, 0, 1
3.145966208333334, 1, 1, 1, 1, 1, 1, 0, 1
3.145966291666667, 0, 1, 1, 1, 1, 1, 0, 1
3.145966375000000, 1, 1, 1, 1, 1, 1, 0, 1
3.145966458333334, 0, 1, 1, 1, 1, 1, 0, 1
3.145966500000000, 1, 1, 1, 1, 1, 1, 0, 1
3.145966583333334, 0, 1, 1, 1, 0, 1, 0, 1
3.145968458333333, 0, 1, 1, 1, 1, 1, 1, 1
3.145969083333334, 0, 1, 1, 1, 0, 1, 0, 1
3.145969708333333, 0, 1, 1, 1, 1, 1, 0, 1
3.145970583333333, 1, 1, 1, 1, 1, 1, 0, 1
3.145970708333333, 0, 1, 1, 1, 0, 1, 0, 1
3.145972250000000, 1, 1, 1, 1, 0, 1, 0, 1
3.145972333333333, 0, 1, 1, 1, 0, 1, 0, 1
3.145972416666667, 1, 1, 1, 1, 0, 1, 0, 1
3.145972500000000, 0, 1, 1, 1, 0, 1, 0, 1
3.145972541666667, 1, 1, 1, 1, 0, 1, 0, 1
3.145972625000000, 0, 1, 1, 1, 0, 1, 0, 1
3.145972708333333, 1, 1, 1, 1, 0, 1, 0, 1
3.145972791666667, 0, 1, 1, 1, 0, 1, 0, 1
3.145972875000000, 1, 1, 1, 1, 0, 1, 0, 1
3.145972958333334, 0, 1, 1, 1, 0, 1, 0, 1
3.145973041666667, 1, 1, 1, 1, 0, 1, 0, 1
3.145973125000000, 0, 1, 1, 1, 0, 1, 0, 1
3.145973208333333, 1, 1, 1, 1, 0, 1, 0, 1
3.145973291666667, 0, 1, 1, 1, 0, 1, 0, 1
3.145973375000000, 1, 1, 1, 1, 0, 1, 0, 1
3.145973458333334, 0, 1, 1, 1, 0, 1, 0, 1
3.145973500000000, 1, 1, 1, 1, 0, 1, 0, 1
3.145973583333333, 0, 1, 1, 1, 0, 1, 0, 1
3.145973666666667, 1, 1, 1, 1, 0, 1, 0, 1
3.145973750000000, 0, 1, 1, 1, 0, 1, 0, 1
3.145973833333334, 1, 1, 1, 1, 0, 1, 0, 1
3.145973916666667, 0, 1, 1, 1, 1, 1, 0, 1
3.145974000000000, 1, 1, 1, 1, 1, 1, 0, 1
3.145974083333333, 0, 1, 1, 1, 1, 1, 0, 1
3.145974166666667, 1, 1, 1, 1, 1, 1, 0, 1
3.145974250000000, 0, 1, 1, 1, 1, 1, 0, 1
3.145974333333334, 1, 1, 1, 1, 1, 1, 0, 1
3.145974416666667, 0, 1, 1, 1, 1, 1, 0, 1
3.145974458333333, 1, 1, 1, 1, 1, 1, 0, 1
3.145974541666667, 0, 1, 1, 1, 1, 1, 0, 1
3.145974625000000, 1, 1, 1, 1, 1, 1, 0, 1
3.145974708333334, 0, 1, 1, 1, 0, 1, 0, 1
3.145976708333333, 0, 1, 1, 1, 1, 1, 1, 1
3.145977416666667, 0, 1, 1, 1, 0, 1, 0, 1
3.145977916666667, 0, 1, 1, 1, 1, 1, 0, 1
3.145978791666667, 1, 1, 1, 1, 1, 1, 0, 1
3.145978875000000, 0, 1, 1, 1, 0, 1, 0, 1
3.145980375000000, 1, 1, 1, 1, 0, 1, 0, 1
3.145980458333334, 0, 1, 1, 1, 0, 1, 0, 1
3.145980541666667, 1, 1, 1, 1, 0, 1, 0, 1
3.145980625000000, 0, 1, 1, 1, 0, 1, 0, 1
3.145980708333334, 1, 1, 1, 1, 0, 1, 0, 1
3.145980791666667, 0, 1, 1, 1, 0, 1, 0, 1
3.145980875000000, 1, 1, 1, 1, 0, 1, 0, 1
3.145980958333333, 0, 1, 1, 1, 0, 1, 0, 1
3.145981041666667, 1, 1, 1, 1, 0, 1, 0, 1
3.145981125000000, 0, 1, 1, 1, 0, 1, 0, 1
3.145981208333334, 1, 1, 1, 1, 0, 1, 0, 1
3.145981250000000, 0, 1, 1, 1, 0, 1, 0, 1
3.145981333333334, 1, 1, 1, 1, 0, 1, 0, 1
3.145981416666667, 0, 1, 1, 1, 0, 1, 0, 1
3.145981500000000, 1, 1, 1, 1, 0, 1, 0, 1
3.145981583333334, 0, 1, 1, 1, 0, 1, 0, 1
3.145981666666667, 1, 1, 1, 1, 0, 1, 0, 1
3.145981750000000, 0, 1, 1, 1, 0, 1, 0, 1
3.145981833333333, 1, 1, 1, 1, 0, 1, 0, 1
3.145981916666667, 0, 1, 1, 1, 0, 1, 0, 1
3.145982000000000, 1, 1, 1, 1, 0, 1, 0, 1
3.145982083333334, 0, 1, 1, 1, 0, 1, 0, 1
3.145982166666667, 1, 1, 1, 1, 0, 1, 0, 1
3.145982208333333, 0, 1, 1, 1, 1, 1, 0, 1
3.145982291666667, 1, 1, 1, 1, 1, 1, 0, 1
3.145982375000000, 0, 1, 1, 1, 1, 1, 0, 1
3.145982458333334, 1, 1, 1, 1, 1, 1, 0, 1
3.145982541666667, 0, 1, 1, 1, 1, 1, 0, 1
3.145982625000000, 1, 1, 1, 1, 1, 1, 0, 1
3.145982708333333, 0, 1, 1, 1, 1, 1, 0, 1
3.145982791666667, 1, 1, 1, 1, 1, 1, 0, 1
3.145982875000000, 0, 1, 1, 1, 0, 1, 0, 1
3.145984708333334, 0, 1, 1, 1, 1, 1, 1, 1
3.145985333333333, 0, 1, 1, 1, 0, 1, 0, 1
3.145985916666667, 0, 1, 1, 1, 1, 1, 0, 1
3.145986791666667, 0, 1, 1, 1, 0, 1, 0, 1
3.145988333333333, 1, 1, 1, 1, 0, 1, 0, 1
3.145988416666667, 0, 1, 1, 1, 0, 1, 0, 1
3.145988458333334, 1, 1, 1, 1, 0, 1, 0, 1
3.145988541666667, 0, 1, 1, 1, 0, 1, 0, 1
3.145988625000000, 1, 1, 1, 1, 0, 1, 0, 1
3.145988708333333, 0, 1, 1, 1, 0, 1, 0, 1
3.145988791666667, 1, 1, 1, 1, 0, 1, 0, 1
3.145988875000000, 0, 1, 1, 1, 0, 1, 0, 1
3.145988958333334, 1, 1, 1, 1, 0, 1, 0, 1
3.145989041666667, 0, 1, 1, 1, 0, 1, 0, 1
3.145989125000000, 1, 1, 1, 1, 0, 1, 0, 1
3.145989208333333, 0, 1, 1, 1, 0, 1, 0, 1
3.145989291666667, 1, 1, 1, 1, 0, 1, 0, 1
3.145989375000000, 0, 1, 1, 1, 0, 1, 0, 1
3.145989458333334, 1, 1, 1, 1, 0, 1, 0, 1
3.145989500000000, 0, 1, 1, 1, 0, 1, 0, 1
3.145989583333333, 1, 1, 1, 1, 0, 1, 0, 1
3.145989666666667, 0, 1, 1, 1, 1, 1, 0, 1
3.145989750000000, 1, 1, 1, 1, 1, 1, 0, 1
3.145989833333334, 0, 1, 1, 1, 0, 1, 0, 1
3.145989916666667, 1, 1, 1, 1, 0, 1, 0, 1
3.145990000000000, 0, 1, 1, 1, 0, 1, 0, 1
3.145990083333333, 1, 1, 1, 1, 0, 1, 0, 1
3.145990166666667, 0, 1, 1, 1, 0, 1, 0, 1
3.145990250000000, 1, 1, 1, 1, 0, 1, 0, 1
3.145990333333334, 0, 1, 1, 1, 1, 1, 0, 1
3.145990416666667, 1, 1, 1, 1, 1, 1, 0, 1
3.145990500000000, 0, 1, 1, 1, 1, 1, 0, 1
3.145990541666667, 1, 1, 1, 1, 1, 1, 0, 1
3.145990625000000, 0, 1, 1, 1, 0, 1, 0, 1
3.145990708333334, 1, 1, 1, 1, 0, 1, 0, 1
3.145990791666667, 0, 1, 1, 1, 0, 1, 0, 1
3.145992833333334, 0, 1, 1, 1, 1, 1, 1, 1
3.145993500000000, 0, 1, 1, 1, 0, 1, 0, 1
3.145994041666667, 0, 1, 1, 1, 1, 1, 0, 1
3.145994958333334, 0, 1, 1, 1, 0, 1, 0, 1
3.145996458333334, 1, 1, 1, 1, 0, 1, 0, 1
3.145996541666667, 0, 1, 1, 1, 0, 1, 0, 1
3.145996625000000, 1, 1, 1, 1, 0, 1, 0, 1
3.145996708333334, 0, 1, 1, 1, 0, 1, 0, 1
3.145996791666667, 1, 1, 1, 1, 0, 1, 0, 1
3.145996875000000, 0, 1, 1, 1, 0, 1, 0, 1
3.145996958333333, 1, 1, 1, 1, 0, 1, 0, 1
3.145997041666667, 0, 1, 1, 1, 0, 1, 0, 1
3.145997125000000, 1, 1, 1, 1, 0, 1, 0, 1
3.145997208333334, 0, 1, 1, 1, 0, 1, 0, 1
3.145997291666667, 1, 1, 1, 1, 0, 1, 0, 1
3.145997375000000, 0, 1, 1, 1, 0, 1, 0, 1
3.145997458333333, 1, 1, 1, 1, 0, 1, 0, 1
3.145997500000000, 0, 1, 1, 1, 0, 1, 0, 1
3.145997583333334, 1, 1, 1, 1, 0, 1, 0, 1
3.145997666666667, 0, 1, 1, 1, 0, 1, 0, 1
3.145997750000000, 1, 1, 1, 1, 0, 1, 0, 1
3.145997833333333, 0, 1, 1, 1, 1, 1, 0, 1
3.145997916666667, 1, 1, 1, 1, 1, 1, 0, 1
3.145998000000000, 0, 1, 1, 1, 0, 1, 0, 1
3.145998083333334, 1, 1, 1, 1, 0, 1, 0, 1
3.145998166666667, 0, 1, 1, 1, 0, 1, 0, 1
3.145998250000000, 1, 1, 1, 1, 0, 1, 0, 1
3.145998333333333, 0, 1, 1, 1, 1, 1, 0, 1
3.145998416666667, 1, 1, 1, 1, 1, 1, 0, 1
3.145998500000000, 0, 1, 1, 1, 0, 1, 0, 1
3.145998541666667, 1, 1, 1, 1, 0, 1, 0, 1
3.145998625000000, 0, 1, 1, 1, 0, 1, 0, 1
3.145998708333333, 1, 1, 1, 1, 0, 1, 0, 1
3.145998791666667, 0, 1, 1, 1, 1, 1, 0, 1
3.145998875000000, 1, 1, 1, 1, 1, 1, 0, 1
3.145998958333334, 0, 1, 1, 1, 0, 1, 0, 1
3.146000875000000, 0, 1, 1, 1, 1, 1, 1, 1
3.146001500000000, 0, 1, 1, 1, 0, 1, 0, 1
3.146002041666667, 0, 1, 1, 1, 1, 1, 0, 1
3.146002916666667, 0, 1, 1, 1, 0, 1, 0, 1
3.146004458333334, 1, 1, 1, 1, 0, 1, 0, 1
3.146004541666667, 0, 1, 1, 1, 0, 1, 0, 1
3.146004625000000, 1, 1, 1, 1, 0, 1, 0, 1
3.146004708333333, 0, 1, 1, 1, 0, 1, 0, 1
3.146004791666667, 1, 1, 1, 1, 0, 1, 0, 1
3.146004875000000, 0, 1, 1, 1, 0, 1, 0, 1
3.146004958333334, 1, 1, 1, 1, 0, 1, 0, 1
3.146005000000000, 0, 1, 1, 1, 0, 1, 0, 1
3.146005083333334, 1, 1, 1, 1, 0, 1, 0, 1
3.146005166666667, 0, 1, 1, 1, 0, 1, 0, 1
3.146005250000000, 1, 1, 1, 1, 0, 1, 0, 1
3.146005333333334, 0, 1, 1, 1, 0, 1, 0, 1
3.146005416666667, 1, 1, 1, 1, 0, 1, 0, 1
3.146005500000000, 0, 1, 1, 1, 0, 1, 0, 1
3.146005583333333, 1, 1, 1, 1, 0, 1, 0, 1
3.146005666666667, 0, 1, 1, 1, 0, 1, 0, 1
3.146005750000000, 1, 1, 1, 1, 0, 1, 0, 1
3.146005833333334, 0, 1, 1, 1, 0, 1, 0, 1
3.146005916666667, 1, 1, 1, 1, 0, 1, 0, 1
3.146005958333334, 1, 1, 1, 1, 1, 1, 0, 1
3.146006000000000, 0, 1, 1, 1, 1, 1, 0, 1
3.146006041666667, 1, 1, 1, 1, 1, 1, 0, 1
3.146006125000000, 0, 1, 1, 1, 1, 1, 0, 1
3.146006208333334, 1, 1, 1, 1, 1, 1, 0, 1
3.146006291666667, 0, 1, 1, 1, 0, 1, 0, 1
3.146006375000000, 1, 1, 1, 1, 0, 1, 0, 1
3.146006458333333, 0, 1, 1, 1, 0, 1, 0, 1
3.146006541666667, 1, 1, 1, 1, 0, 1, 0, 1
3.146006625000000, 0, 1, 1, 1, 0, 1, 0, 1
3.146006708333334, 1, 1, 1, 1, 0, 1, 0, 1
3.146006791666667, 0, 1, 1, 1, 1, 1, 0, 1
3.146006875000000, 1, 1, 1, 1, 1, 1, 0, 1
3.146006958333333, 0, 1, 1, 1, 0, 1, 0, 1
3.146008791666667, 0, 1, 1, 1, 1, 1, 1, 1
3.146009500000000, 0, 1, 1, 1, 0, 1, 0, 1
3.146010041666667, 0, 1, 1, 1, 1, 1, 0, 1
3.146010916666667, 0, 1, 1, 1, 0, 1, 0, 1
3.146012458333333, 1, 1, 1, 1, 0, 1, 0, 1
3.146012541666667, 0, 1, 1, 1, 0, 1, 0, 1
3.146012625000000, 1, 1, 1, 1, 0, 1, 0, 1
3.146012708333334, 0, 1, 1, 1, 0, 1, 0, 1
3.146012750000000, 1, 1, 1, 1, 0, 1, 0, 1
3.146012833333334, 0, 1, 1, 1, 0, 1, 0, 1
3.146012916666667, 1, 1, 1, 1, 0, 1, 0, 1
3.146013000000000, 0, 1, 1, 1, 0, 1, 0, 1
3.146013083333334, 1, 1, 1, 1, 0, 1, 0, 1
3.146013166666667, 0, 1, 1, 1, 0, 1, 0, 1
3.146013250000000, 1, 1, 1, 1, 0, 1, 0, 1
3.146013333333333, 0, 1, 1, 1, 0, 1, 0, 1
3.146013416666667, 1, 1, 1, 1, 0, 1, 0, 1
3.146013500000000, 0, 1, 1, 1, 0, 1, 0, 1
3.146013583333334, 1, 1, 1, 1, 0, 1, 0, 1
3.146013666666667, 0, 1, 1, 1, 0, 1, 0, 1
3.146013750000000, 1, 1, 1, 1, 0, 1, 0, 1
3.146013791666667, 0, 1, 1, 1, 0, 1, 0, 1
3.146013875000000, 1, 1, 1, 1, 0, 1, 0, 1
3.146013958333334, 0, 1, 1, 1, 0, 1, 0, 1
3.146014041666667, 1, 1, 1, 1, 0, 1, 0, 1
3.146014125000000, 0, 1, 1, 1, 0, 1, 0, 1
3.146014208333333, 1, 1, 1, 1, 0, 1, 0, 1
3.146014291666667, 0, 1, 1, 1, 0, 1, 0, 1
3.146014375000000, 1, 1, 1, 1, 0, 1, 0, 1
3.146014458333334, 0, 1, 1, 1, 1, 1, 0, 1
3.146014541666667, 1, 1, 1, 1, 1, 1, 0, 1
3.146014625000000, 0, 1, 1, 1, 0, 1, 0, 1
3.146014708333333, 1, 1, 1, 1, 0, 1, 0, 1
3.146014750000000, 1, 1, 1, 1, 1, 1, 0, 1
3.146014791666667, 0, 1, 1, 1, 1, 1, 0, 1
3.146014833333334, 1, 1, 1, 1, 1, 1, 0, 1
3.146014916666667, 0, 1, 1, 1, 0, 1, 0, 1
3.146016875000000, 0, 1, 1, 1, 1, 1, 1, 1
3.146017583333334, 0, 1, 1, 1, 0, 1, 0, 1
3.146018125000000, 0, 1, 1, 1, 1, 1, 0, 1
3.146019000000000, 1, 1, 1, 1, 1, 1, 0, 1
3.146019125000000, 0, 1, 1, 1, 0, 1, 0, 1
3.146020625000000, 1, 1, 1, 1, 0, 1, 0, 1
3.146020708333333, 0, 1, 1, 1, 0, 1, 0, 1
3.146020791666667, 1, 1, 1, 1, 0, 1, 0, 1
3.146020875000000, 0, 1, 1, 1, 0, 1, 0, 1
3.146020958333334, 1, 1, 1, 1, 0, 1, 0, 1
3.146021041666667, 0, 1, 1, 1, 0, 1, 0, 1
3.146021125000000, 1, 1, 1, 1, 0, 1, 0, 1
3.146021208333333, 0, 1, 1, 1, 0, 1, 0, 1
3.146021291666667, 1, 1, 1, 1, 0, 1, 0, 1
3.146021375000000, 0, 1, 1, 1, 0, 1, 0, 1
3.146021458333334, 1, 1, 1, 1, 0, 1, 0, 1
3.146021541666667, 0, 1, 1, 1, 0, 1, 0, 1
3.146021583333333, 1, 1, 1, 1, 0, 1, 0, 1
3.146021666666667, 0, 1, 1, 1, 0, 1, 0, 1
3.146021750000000, 1, 1, 1, 1, 0, 1, 0, 1
3.146021833333334, 0, 1, 1, 1, 0, 1, 0, 1
3.146021916666667, 1, 1, 1, 1, 0, 1, 0, 1
3.146022000000000, 0, 1, 1, 1, 0, 1, 0, 1
3.146022083333333, 1, 1, 1, 1, 0, 1, 0, 1
3.146022166666667, 0, 1, 1, 1, 0, 1, 0, 1
3.146022250000000, 1, 1, 1, 1, 0, 1, 0, 1
3.146022333333334, 0, 1, 1, 1, 0, 1, 0, 1
3.146022416666667, 1, 1, 1, 1, 0, 1, 0, 1
3.146022500000000, 0, 1, 1, 1, 1, 1, 0, 1
3.146022541666667, 1, 1, 1, 1, 1, 1, 0, 1
3.146022625000000, 0, 1, 1, 1, 0, 1, 0, 1
3.146022708333334, 1, 1, 1, 1, 0, 1, 0, 1
3.146022791666667, 0, 1, 1, 1, 0, 1, 0, 1
3.146022875000000, 1, 1, 1, 1, 0, 1, 0, 1
3.146022958333333, 0, 1, 1, 1, 1, 1, 0, 1
3.146023041666667, 1, 1, 1, 1, 1, 1, 0, 1
3.146023125000000, 0, 1, 1, 1, 0, 1, 0, 1
3.146025000000000, 0, 1, 1, 1, 1, 1, 1, 1
3.146025666666667, 0, 1, 1, 1, 0, 1, 0, 1
3.146026250000000, 0, 1, 1, 1, 1, 1, 0, 1
3.146027083333334, 0, 1, 1, 1, 0, 1, 0, 1
3.146028625000000, 1, 1, 1, 1, 0, 1, 0, 1
3.146028708333334, 0, 1, 1, 1, 0, 1, 0, 1
3.146028791666667, 1, 1, 1, 1, 0, 1, 0, 1
3.146028875000000, 0, 1, 1, 1, 0, 1, 0, 1
3.146028958333333, 1, 1, 1, 1, 0, 1, 0, 1
3.146029041666667, 0, 1, 1, 1, 0, 1, 0, 1
3.146029083333334, 1, 1, 1, 1, 0, 1, 0, 1
3.146029166666667, 0, 1, 1, 1, 0, 1, 0, 1
3.146029250000000, 1, 1, 1, 1, 0, 1, 0, 1
3.146029333333333, 0, 1, 1, 1, 0, 1, 0, 1
3.146029416666667, 1, 1, 1, 1, 0, 1, 0, 1
3.146029500000000, 0, 1, 1, 1, 0, 1, 0, 1
3.146029583333334, 1, 1, 1, 1, 0, 1, 0, 1
3.146029666666667, 0, 1, 1, 1, 0, 1, 0, 1
3.146029750000000, 1, 1, 1, 1, 0, 1, 0, 1
3.146029833333333, 0, 1, 1, 1, 0, 1, 0, 1
3.146029916666667, 1, 1, 1, 1, 0, 1, 0, 1
3.146030000000000, 0, 1, 1, 1, 0, 1, 0, 1
3.146030041666667, 1, 1, 1, 1, 0, 1, 0, 1
3.146030125000000, 0, 1, 1, 1, 0, 1, 0, 1
3.146030208333333, 1, 1, 1, 1, 0, 1, 0, 1
3.146030291666667, 0, 1, 1, 1, 0, 1, 0, 1
3.146030375000000, 1, 1, 1, 1, 0, 1, 0, 1
3.146030458333334, 0, 1, 1, 1, 0, 1, 0, 1
3.146030541666667, 1, 1, 1, 1, 0, 1, 0, 1
3.146030625000000, 0, 1, 1, 1, 0, 1, 0, 1
3.146030708333333, 1, 1, 1, 1, 0, 1, 0, 1
3.146030791666667, 0, 1, 1, 1, 1, 1, 0, 1
3.146030875000000, 1, 1, 1, 1, 1, 1, 0, 1
3.146030958333334, 0, 1, 1, 1, 1, 1, 0, 1
3.146031041666667, 1, 1, 1, 1, 1, 1, 0, 1
3.146031083333333, 0, 1, 1, 1, 0, 1, 0, 1
3.146032958333334, 0, 1, 1, 1, 1, 1, 1, 1
3.146033583333334, 0, 1, 1, 1, 0, 1, 0, 1
3.146034166666667, 0, 1, 1, 1, 1, 1, 0, 1
3.146035000000000, 0, 1, 1, 1, 0, 1, 0, 1
3.146036541666667, 1, 1, 1, 1, 0, 1, 0, 1
3.146036625000000, 0, 1, 1, 1, 0, 1, 0, 1
3.146036708333333, 1, 1, 1, 1, 0, 1, 0, 1
3.146036791666667, 0, 1, 1, 1, 0, 1, 0, 1
3.146036875000000, 1, 1, 1, 1, 0, 1, 0, 1
3.146036958333334, 0, 1, 1, 1, 0, 1, 0, 1
3.146037041666667, 1, 1, 1, 1, 0, 1, 0, 1
3.146037083333333, 0, 1, 1, 1, 0, 1, 0, 1
3.146037166666667, 1, 1, 1, 1, 0, 1, 0, 1
3.146037250000000, 0, 1, 1, 1, 0, 1, 0, 1
3.146037333333334, 1, 1, 1, 1, 0, 1, 0, 1
3.146037416666667, 0, 1, 1, 1, 0, 1, 0, 1
3.146037500000000, 1, 1, 1, 1, 0, 1, 0, 1
3.146037583333333, 0, 1, 1, 1, 0, 1, 0, 1
3.146037666666667, 1, 1, 1, 1, 0, 1, 0, 1
3.146037750000000, 0, 1, 1, 1, 0, 1, 0, 1
3.146037833333334, 1, 1, 1, 1, 0, 1, 0, 1
3.146037916666667, 0, 1, 1, 1, 0, 1, 0, 1
3.146038000000000, 1, 1, 1, 1, 0, 1, 0, 1
3.146038083333333, 0, 1, 1, 1, 0, 1, 0, 1
3.146038125000000, 1, 1, 1, 1, 0, 1, 0, 1
3.146038208333334, 0, 1, 1, 1, 1, 1, 0, 1
3.146038291666667, 1, 1, 1, 1, 1, 1, 0, 1
3.146038375000000, 0, 1, 1, 1, 1, 1, 0, 1
3.146038458333333, 1, 1, 1, 1, 1, 1, 0, 1
3.146038541666667, 0, 1, 1, 1, 1, 1, 0, 1
3.146038625000000, 1, 1, 1, 1, 1, 1, 0, 1
3.146038708333334, 0, 1, 1, 1, 0, 1, 0, 1
3.146038791666667, 1, 1, 1, 1, 0, 1, 0, 1
3.146038875000000, 0, 1, 1, 1, 0, 1, 0, 1
3.146038958333333, 1, 1, 1, 1, 0, 1, 0, 1
3.146039041666667, 0, 1, 1, 1, 0, 1, 0, 1
3.146040875000000, 0, 1, 1, 1, 1, 1, 1, 1
3.146041541666667, 0, 1, 1, 1, 0, 1, 0, 1
3.146042083333334, 0, 1, 1, 1, 1, 1, 0, 1
3.146042958333334, 0, 1, 1, 1, 0, 1, 0, 1
3.146044500000000, 1, 1, 1, 1, 0, 1, 0, 1
3.146044583333333, 0, 1, 1, 1, 0, 1, 0, 1
3.146044666666667, 1, 1, 1, 1, 0, 1, 0, 1
3.146044750000000, 0, 1, 1, 1, 0, 1, 0, 1
3.146044791666667, 1, 1, 1, 1, 0, 1, 0, 1
3.146044875000000, 0, 1, 1, 1, 0, 1, 0, 1
3.146044958333333, 1, 1, 1, 1, 0, 1, 0, 1
3.146045041666667, 0, 1, 1, 1, 0, 1, 0, 1
3.146045125000000, 1, 1, 1, 1, 0, 1, 0, 1
3.146045208333334, 0, 1, 1, 1, 0, 1, 0, 1
3.146045291666667, 1, 1, 1, 1, 0, 1, 0, 1
3.146045375000000, 0, 1, 1, 1, 0, 1, 0, 1
3.146045458333333, 1, 1, 1, 1, 0, 1, 0, 1
3.146045541666667, 0, 1, 1, 1, 0, 1, 0, 1
3.146045625000000, 1, 1, 1, 1, 0, 1, 0, 1
3.146045708333334, 0, 1, 1, 1, 0, 1, 0, 1
3.146045791666667, 1, 1, 1, 1, 0, 1, 0, 1
3.146045833333333, 0, 1, 1, 1, 0, 1, 0, 1
3.146045916666667, 1, 1, 1, 1, 0, 1, 0, 1
3.146046000000000, 0, 1, 1, 1, 0, 1, 0, 1
3.146046083333334, 1, 1, 1, 1, 0, 1, 0, 1
3.146046166666667, 0, 1, 1, 1, 1, 1, 0, 1
3.146046250000000, 1, 1, 1, 1, 1, 1, 0, 1
3.146046333333334, 0, 1, 1, 1, 1, 1, 0, 1
3.146046416666667, 1, 1, 1, 1, 1, 1, 0, 1
3.146046500000000, 0, 1, 1, 1, 0, 1, 0, 1
3.146046583333333, 1, 1, 1, 1, 0, 1, 0, 1
3.146046666666667, 0, 1, 1, 1, 1, 1, 0, 1
3.146046750000000, 1, 1, 1, 1, 1, 1, 0, 1
3.146046833333334, 0, 1, 1, 1, 0, 1, 0, 1
3.146046875000000, 1, 1, 1, 1, 0, 1, 0, 1
3.146046958333334, 0, 1, 1, 1, 0, 1, 0, 1
3.146048833333333, 0, 1, 1, 1, 1, 1, 1, 1
3.146049458333334, 0, 1, 1, 1, 0, 1, 0, 1
3.146050083333333, 0, 1, 1, 1, 1, 1, 0, 1
3.146050916666667, 0, 1, 1, 1, 0, 1, 0, 1
3.146052458333334, 1, 1, 1, 1, 0, 1, 0, 1
3.146052541666667, 0, 1, 1, 1, 0, 1, 0, 1
3.146052583333334, 1, 1, 1, 1, 0, 1, 0, 1
3.146052666666667, 0, 1, 1, 1, 0, 1, 0, 1
3.146052750000000, 1, 1, 1, 1, 0, 1, 0, 1
3.146052833333334, 0, 1, 1, 1, 0, 1, 0, 1
3.146052916666667, 1, 1, 1, 1, 0, 1, 0, 1
3.146053000000000, 0, 1, 1, 1, 0, 1, 0, 1
3.146053083333333, 1, 1, 1, 1, 0, 1, 0, 1
3.146053166666667, 0, 1, 1, 1, 0, 1, 0, 1
3.146053250000000, 1, 1, 1, 1, 0, 1, 0, 1
3.146053333333334, 0, 1, 1, 1, 0, 1, 0, 1
3.146053416666667, 1, 1, 1, 1, 0, 1, 0, 1
3.146053500000000, 0, 1, 1, 1, 0, 1, 0, 1
3.146053541666667, 1, 1, 1, 1, 0, 1, 0, 1
3.146053625000000, 0, 1, 1, 1, 0, 1, 0, 1
3.146053708333334, 1, 1, 1, 1, 0, 1, 0, 1
3.146053791666667, 0, 1, 1, 1, 0, 1, 0, 1
3.146053875000000, 1, 1, 1, 1, 0, 1, 0, 1
3.146053958333333, 0, 1, 1, 1, 0, 1, 0, 1
3.146054041666667, 1, 1, 1, 1, 0, 1, 0, 1
3.146054125000000, 0, 1, 1, 1, 0, 1, 0, 1
3.146054208333334, 1, 1, 1, 1, 0, 1, 0, 1
3.146054291666667, 0, 1, 1, 1, 0, 1, 0, 1
3.146054375000000, 1, 1, 1, 1, 0, 1, 0, 1
3.146054458333333, 0, 1, 1, 1, 0, 1, 0, 1
3.146054541666667, 1, 1, 1, 1, 0, 1, 0, 1
3.146054583333334, 0, 1, 1, 1, 0, 1, 0, 1
3.146054666666667, 1, 1, 1, 1, 0, 1, 0, 1
3.146054750000000, 0, 1, 1, 1, 0, 1, 0, 1
3.146054833333333, 1, 1, 1, 1, 0, 1, 0, 1
3.146054916666667, 0, 1, 1, 1, 0, 1, 0, 1
3.146056958333333, 0, 1, 1, 1, 1, 1, 1, 1
3.146057750000000, 0, 1, 1, 1, 0, 1, 0, 1
3.146058291666667, 0, 1, 1, 1, 1, 1, 0, 1
3.146059166666667, 1, 1, 1, 1, 1, 1, 0, 1
3.146059458333334, 0, 1, 1, 1, 0, 1, 0, 1
3.146060208333334, 0, 1, 1, 1, 1, 1, 0, 1
3.146060833333333, 1, 1, 1, 1, 1, 1, 0, 1
3.146060916666667, 0, 1, 1, 1, 1, 1, 0, 1
3.146061000000000, 1, 1, 1, 1, 1, 1, 0, 1
3.146061083333334, 0, 1, 1, 1, 1, 1, 0, 1
3.146061166666667, 1, 1, 1, 1, 1, 1, 0, 1
3.146061250000000, 0, 1, 1, 1, 1, 1, 0, 1
3.146061333333333, 1, 1, 1, 1, 1, 1, 0, 1
3.146061416666667, 0, 1, 1, 1, 0, 1, 0, 1
3.146061500000000, 1, 1, 1, 1, 0, 1, 0, 1
3.146061583333334, 0, 1, 1, 1, 0, 1, 0, 1
3.146061625000000, 1, 1, 1, 1, 0, 1, 0, 1
3.146061708333333, 0, 1, 1, 1, 0, 1, 0, 1
3.146061791666667, 1, 1, 1, 1, 0, 1, 0, 1
3.146061875000000, 0, 1, 1, 1, 1, 1, 0, 1
3.146061958333334, 1, 1, 1, 1, 1, 1, 0, 1
3.146062041666667, 0, 1, 1, 1, 0, 1, 0, 1
3.146064125000000, 0, 1, 1, 1, 0, 1, 1, 1
3.146064166666667, 0, 1, 1, 1, 1, 1, 1, 1
3.146064833333333, 0, 1, 1, 1, 0, 1, 0, 1
3.146065250000000, 0, 1, 1, 1, 1, 1, 0, 1
3.146066166666667, 1, 1, 1, 1, 1, 1, 0, 1
3.146066333333334, 0, 1, 1, 1, 1, 1, 0, 1
3.146067125000000, 0, 1, 1, 1, 0, 1, 0, 1
3.146067875000000, 1, 1, 1, 1, 0, 1, 0, 1
3.146067958333334, 0, 1, 1, 1, 0, 1, 0, 1
3.146068041666667, 1, 1, 1, 1, 0, 1, 0, 1
3.146068125000000, 0, 1, 1, 1, 0, 1, 0, 1
3.146068208333333, 1, 1, 1, 1, 0, 1, 0, 1
3.146068291666667, 0, 1, 1, 1, 0, 1, 0, 1
3.146068333333333, 1, 1, 1, 1, 0, 1, 0, 1
3.146068416666667, 0, 1, 1, 1, 0, 1, 0, 1
3.146068500000000, 1, 1, 1, 1, 0, 1, 0, 1
3.146068583333334, 0, 1, 1, 1, 0, 1, 0, 1
3.146068666666667, 1, 1, 1, 1, 0, 1, 0, 1
3.146068750000000, 0, 1, 1, 1, 0, 1, 0, 1
3.146068833333334, 1, 1, 1, 1, 0, 1, 0, 1
3.146068916666667, 0, 1, 1, 1, 0, 1, 0, 1
3.146069000000000, 1, 1, 1, 1, 0, 1, 0, 1
3.146069083333333, 0, 1, 1, 1, 0, 1, 0, 1
3.146069166666667, 1, 1, 1, 1, 0, 1, 0, 1
3.146069250000000, 0, 1, 1, 1, 0, 1, 0, 1
3.146069333333334, 1, 1, 1, 1, 0, 1, 0, 1
3.146069375000000, 0, 1, 1, 1, 1, 1, 0, 1
3.146069458333334, 1, 1, 1, 1, 1, 1, 0, 1
3.146069541666667, 0, 1, 1, 1, 1, 1, 0, 1
3.146069625000000, 1, 1, 1, 1, 1, 1, 0, 1
3.146069708333334, 0, 1, 1, 1, 0, 1, 0, 1
3.146069791666667, 1, 1, 1, 1, 0, 1, 0, 1
3.146069875000000, 0, 1, 1, 1, 1, 1, 0, 1
3.146069958333333, 1, 1, 1, 1, 1, 1, 0, 1
3.146070041666667, 0, 1, 1, 1, 1, 1, 0, 1
3.146070125000000, 1, 1, 1, 1, 1, 1, 0, 1
3.146070208333334, 0, 1, 1, 1, 0, 1, 0, 1
3.146070291666667, 1, 1, 1, 1, 0, 1, 0, 1
3.146070375000000, 0, 1, 1, 1, 0, 1, 0, 1
3.146072208333333, 0, 1, 1, 1, 1, 1, 1, 1
3.146072916666667, 0, 1, 1, 1, 0, 1, 0, 1
3.146073416666667, 0, 1, 1, 1, 1, 1, 0, 1
3.146074333333333, 0, 1, 1, 1, 0, 1, 0, 1
3.146075875000000, 1, 1, 1, 1, 0, 1, 0, 1
3.146075958333333, 0, 1, 1, 1, 0, 1, 0, 1
3.146076041666667, 1, 1, 1, 1, 0, 1, 0, 1
3.146076125000000, 0, 1, 1, 1, 0, 1, 0, 1
3.146076208333334, 1, 1, 1, 1, 0, 1, 0, 1
3.146076291666667, 0, 1, 1, 1, 0, 1, 0, 1
3.146076333333334, 1, 1, 1, 1, 0, 1, 0, 1
3.146076416666667, 0, 1, 1, 1, 0, 1, 0, 1
3.146076500000000, 1, 1, 1, 1, 0, 1, 0, 1
3.146076583333334, 0, 1, 1, 1, 0, 1, 0, 1
3.146076666666667, 1, 1, 1, 1, 0, 1, 0, 1
3.146076750000000, 0, 1, 1, 1, 0, 1, 0, 1
3.146076833333333, 1, 1, 1, 1, 0, 1, 0, 1
3.146076916666667, 0, 1, 1, 1, 0, 1, 0, 1
3.146077000000000, 1, 1, 1, 1, 0, 1, 0, 1
3.146077083333334, 0, 1, 1, 1, 0, 1, 0, 1
3.146077166666667, 1, 1, 1, 1, 0, 1, 0, 1
3.146077250000000, 0, 1, 1, 1, 0, 1, 0, 1
3.146077333333333, 1, 1, 1, 1, 0, 1, 0, 1
3.146077375000000, 0, 1, 1, 1, 0, 1, 0, 1
3.146077458333334, 1, 1, 1, 1, 0, 1, 0, 1
3.146077541666667, 0, 1, 1, 1, 0, 1, 0, 1
3.146077625000000, 1, 1, 1, 1, 0, 1, 0, 1
3.146077708333333, 0, 1, 1, 1, 0, 1, 0, 1
3.146077791666667, 1, 1, 1, 1, 0, 1, 0, 1
3.146077875000000, 0, 1, 1, 1, 1, 1, 0, 1
3.146077958333334, 1, 1, 1, 1, 1, 1, 0, 1
3.146078041666667, 0, 1, 1, 1, 0, 1, 0, 1
3.146078125000000, 1, 1, 1, 1, 0, 1, 0, 1
3.146078208333333, 0, 1, 1, 1, 0, 1, 0, 1
3.146078291666667, 1, 1, 1, 1, 0, 1, 0, 1
3.146078375000000, 0, 1, 1, 1, 0, 1, 0, 1
3.146080208333334, 0, 1, 1, 1, 1, 1, 1, 1
3.146080833333333, 0, 1, 1, 1, 0, 1, 0, 1
3.146081458333334, 0, 1, 1, 1, 1, 1, 0, 1
3.146082250000000, 0, 1, 1, 1, 0, 1, 0, 1
3.146083791666667, 1, 1, 1, 1, 0, 1, 0, 1
3.146083875000000, 0, 1, 1, 1, 0, 1, 0, 1
3.146083958333334, 1, 1, 1, 1, 0, 1, 0, 1
3.146084041666667, 0, 1, 1, 1, 0, 1, 0, 1
3.146084083333334, 1, 1, 1, 1, 0, 1, 0, 1
3.146084166666667, 0, 1, 1, 1, 0, 1, 0, 1
3.146084250000000, 1, 1, 1, 1, 0, 1, 0, 1
3.146084333333333, 0, 1, 1, 1, 0, 1, 0, 1
3.146084416666667, 1, 1, 1, 1, 0, 1, 0, 1
3.146084500000000, 0, 1, 1, 1, 0, 1, 0, 1
3.146084583333334, 1, 1, 1, 1, 0, 1, 0, 1
3.146084666666667, 0, 1, 1, 1, 0, 1, 0, 1
3.146084750000000, 1, 1, 1, 1, 0, 1, 0, 1
3.146084833333334, 0, 1, 1, 1, 0, 1, 0, 1
3.146084916666667, 1, 1, 1, 1, 0, 1, 0, 1
3.146085000000000, 0, 1, 1, 1, 0, 1, 0, 1
3.146085083333333, 1, 1, 1, 1, 0, 1, 0, 1
3.146085125000000, 0, 1, 1, 1, 0, 1, 0, 1
3.146085208333333, 1, 1, 1, 1, 0, 1, 0, 1
3.146085291666667, 0, 1, 1, 1, 0, 1, 0, 1
3.146085375000000, 1, 1, 1, 1, 0, 1, 0, 1
3.146085458333333, 0, 1, 1, 1, 0, 1, 0, 1
3.146085541666667, 1, 1, 1, 1, 0, 1, 0, 1
3.146085625000000, 0, 1, 1, 1, 0, 1, 0, 1
3.146085708333334, 1, 1, 1, 1, 0, 1, 0, 1
3.146085791666667, 0, 1, 1, 1, 0, 1, 0, 1
3.146085875000000, 1, 1, 1, 1, 0, 1, 0, 1
3.146085958333333, 0, 1, 1, 1, 0, 1, 0, 1
3.146086041666667, 1, 1, 1, 1, 0, 1, 0, 1
3.146086125000000, 0, 1, 1, 1, 0, 1, 0, 1
3.146086166666667, 1, 1, 1, 1, 0, 1, 0, 1
3.146086250000000, 0, 1, 1, 1, 0, 1, 0, 1
3.146088333333334, 0, 1, 1, 1, 1, 1, 1, 1
3.146089000000000, 0, 1, 1, 1, 0, 1, 0, 1
3.146089625000000, 0, 1, 1, 1, 1, 1, 0, 1
3.146090458333334, 0, 1, 1, 1, 0, 1, 0, 1
3.146091958333333, 1, 1, 1, 1, 0, 1, 0, 1
3.146092041666667, 0, 1, 1, 1, 0, 1, 0, 1
3.146092125000000, 1, 1, 1, 1, 0, 1, 0, 1
3.146092208333334, 0, 1, 1, 1, 0, 1, 0, 1
3.146092291666667, 1, 1, 1, 1, 0, 1, 0, 1
3.146092375000000, 0, 1, 1, 1, 0, 1, 0, 1
3.146092458333333, 1, 1, 1, 1, 0, 1, 0, 1
3.146092541666667, 0, 1, 1, 1, 0, 1, 0, 1
3.146092625000000, 1, 1, 1, 1, 0, 1, 0, 1
3.146092708333334, 0, 1, 1, 1, 0, 1, 0, 1
3.146092791666667, 1, 1, 1, 1, 0, 1, 0, 1
3.146092875000000, 0, 1, 1, 1, 0, 1, 0, 1
3.146092916666667, 1, 1, 1, 1, 0, 1, 0, 1
3.146093000000000, 0, 1, 1, 1, 0, 1, 0, 1
3.146093083333334, 1, 1, 1, 1, 0, 1, 0, 1
3.146093166666667, 0, 1, 1, 1, 0, 1, 0, 1
3.146093250000000, 1, 1, 1, 1, 0, 1, 0, 1
3.146093333333333, 0, 1, 1, 1, 0, 1, 0, 1
3.146093416666667, 1, 1, 1, 1, 0, 1, 0, 1
3.146093500000000, 0, 1, 1, 1, 1, 1, 0, 1
3.146093583333334, 1, 1, 1, 1, 1, 1, 0, 1
3.146093666666667, 0, 1, 1, 1, 1, 1, 0, 1
3.146093750000000, 1, 1, 1, 1, 1, 1, 0, 1
3.146093833333333, 0, 1, 1, 1, 1, 1, 0, 1
3.146093875000000, 1, 1, 1, 1, 1, 1, 0, 1
3.146093958333334, 0, 1, 1, 1, 1, 1, 0, 1
3.146094041666667, 1, 1, 1, 1, 1, 1, 0, 1
3.146094125000000, 0, 1, 1, 1, 0, 1, 0, 1
3.146094208333333, 1, 1, 1, 1, 0, 1, 0, 1
3.146094291666667, 0, 1, 1, 1, 0, 1, 0, 1
3.146094375000000, 1, 1, 1, 1, 0, 1, 0, 1
3.146094458333334, 0, 1, 1, 1, 0, 1, 0, 1
3.146096333333333, 0, 1, 1, 1, 0, 1, 1, 1
3.146096375000000, 0, 1, 1, 1, 1, 1, 1, 1
3.146097000000000, 0, 1, 1, 1, 1, 1, 0, 1
3.146097041666667, 0, 1, 1, 1, 0, 1, 0, 1
3.146097541666667, 0, 1, 1, 1, 1, 1, 0, 1
3.146098458333333, 1, 1, 1, 1, 1, 1, 0, 1
3.146098625000000, 0, 1, 1, 1, 0, 1, 0, 1
3.146100166666667, 1, 1, 1, 1, 0, 1, 0, 1
3.146100250000000, 0, 1, 1, 1, 0, 1, 0, 1
3.146100333333333, 1, 1, 1, 1, 0, 1, 0, 1
3.146100416666667, 0, 1, 1, 1, 0, 1, 0, 1
3.146100500000000, 1, 1, 1, 1, 0, 1, 0, 1
3.146100583333333, 0, 1, 1, 1, 0, 1, 0, 1
3.146100625000000, 1, 1, 1, 1, 0, 1, 0, 1
3.146100708333333, 0, 1, 1, 1, 0, 1, 0, 1
3.146100791666667, 1, 1, 1, 1, 0, 1, 0, 1
3.146100875000000, 0, 1, 1, 1, 0, 1, 0, 1
3.146100958333334, 1, 1, 1, 1, 0, 1, 0, 1
3.146101041666667, 0, 1, 1, 1, 0, 1, 0, 1
3.146101125000000, 1, 1, 1, 1, 0, 1, 0, 1
3.146101208333334, 0, 1, 1, 1, 0, 1, 0, 1
3.146101291666667, 1, 1, 1, 1, 0, 1, 0, 1
3.146101375000000, 0, 1, 1, 1, 0, 1, 0, 1
3.146101458333333, 1, 1, 1, 1, 0, 1, 0, 1
3.146101541666667, 0, 1, 1, 1, 0, 1, 0, 1
3.146101625000000, 1, 1, 1, 1, 0, 1, 0, 1
3.146101666666667, 0, 1, 1, 1, 0, 1, 0, 1
3.146101750000000, 1, 1, 1, 1, 0, 1, 0, 1
3.146101833333334, 0, 1, 1, 1, 0, 1, 0, 1
3.146101916666667, 1, 1, 1, 1, 0, 1, 0, 1
3.146102000000000, 0, 1, 1, 1, 1, 1, 0, 1
3.146102083333334, 1, 1, 1, 1, 1, 1, 0, 1
3.146102166666667, 0, 1, 1, 1, 1, 1, 0, 1
3.146102250000000, 1, 1, 1, 1, 1, 1, 0, 1
3.146102333333333, 0, 1, 1, 1, 1, 1, 0, 1
3.146102416666667, 1, 1, 1, 1, 1, 1, 0, 1
3.146102500000000, 0, 1, 1, 1, 1, 1, 0, 1
3.146102583333334, 1, 1, 1, 1, 1, 1, 0, 1
3.146102666666667, 0, 1, 1, 1, 0, 1, 0, 1
3.146104666666667, 0, 1, 1, 1, 1, 1, 1, 1
3.146105333333333, 0, 1, 1, 1, 0, 1, 0, 1
3.146105833333333, 0, 1, 1, 1, 1, 1, 0, 1
3.146106750000000, 1, 1, 1, 1, 1, 1, 0, 1
3.146106791666667, 0, 1, 1, 1, 0, 1, 0, 1
3.146108333333334, 1, 1, 1, 1, 0, 1, 0, 1
3.146108416666667, 0, 1, 1, 1, 0, 1, 0, 1
3.146108458333333, 1, 1, 1, 1, 0, 1, 0, 1
3.146108541666667, 0, 1, 1, 1, 0, 1, 0, 1
3.146108625000000, 1, 1, 1, 1, 0, 1, 0, 1
3.146108708333334, 0, 1, 1, 1, 0, 1, 0, 1
3.146108791666667, 1, 1, 1, 1, 0, 1, 0, 1
3.146108875000000, 0, 1, 1, 1, 0, 1, 0, 1
3.146108958333333, 1, 1, 1, 1, 0, 1, 0, 1
3.146109041666667, 0, 1, 1, 1, 0, 1, 0, 1
3.146109125000000, 1, 1, 1, 1, 0, 1, 0, 1
3.146109208333334, 0, 1, 1, 1, 0, 1, 0, 1
3.146109291666667, 1, 1, 1, 1, 0, 1, 0, 1
3.146109375000000, 0, 1, 1, 1, 0, 1, 0, 1
3.146109416666667, 1, 1, 1, 1, 0, 1, 0, 1
3.146109500000000, 0, 1, 1, 1, 0, 1, 0, 1
3.146109583333334, 1, 1, 1, 1, 0, 1, 0, 1
3.146109666666667, 0, 1, 1, 1, 0, 1, 0, 1
3.146109750000000, 1, 1, 1, 1, 0, 1, 0, 1
3.146109833333333, 0, 1, 1, 1, 0, 1, 0, 1
3.146109916666667, 1, 1, 1, 1, 0, 1, 0, 1
3.146110000000000, 0, 1, 1, 1, 0, 1, 0, 1
3.146110083333333, 1, 1, 1, 1, 0, 1, 0, 1
3.146110166666667, 0, 1, 1, 1, 1, 1, 0, 1
3.146110250000000, 1, 1, 1, 1, 1, 1, 0, 1
3.146110333333334, 0, 1, 1, 1, 1, 1, 0, 1
3.146110375000000, 1, 1, 1, 1, 1, 1, 0, 1
3.146110458333334, 0, 1, 1, 1, 1, 1, 0, 1
3.146110541666667, 1, 1, 1, 1, 1, 1, 0, 1
3.146110625000000, 0, 1, 1, 1, 1, 1, 0, 1
3.146110708333334, 1, 1, 1, 1, 1, 1, 0, 1
3.146110791666667, 0, 1, 1, 1, 0, 1, 0, 1
3.146112625000000, 0, 1, 1, 1, 1, 1, 1, 1
3.146113291666667, 0, 1, 1, 1, 0, 1, 0, 1
3.146113833333334, 0, 1, 1, 1, 1, 1, 0, 1
3.146114750000000, 1, 1, 1, 1, 1, 1, 0, 1
3.146114833333333, 0, 1, 1, 1, 0, 1, 0, 1
3.146116333333334, 1, 1, 1, 1, 0, 1, 0, 1
3.146116416666667, 0, 1, 1, 1, 0, 1, 0, 1
3.146116500000000, 1, 1, 1, 1, 0, 1, 0, 1
3.146116583333333, 0, 1, 1, 1, 0, 1, 0, 1
3.146116666666667, 1, 1, 1, 1, 0, 1, 0, 1
3.146116750000000, 0, 1, 1, 1, 0, 1, 0, 1
3.146116833333334, 1, 1, 1, 1, 0, 1, 0, 1
3.146116916666667, 0, 1, 1, 1, 0, 1, 0, 1
3.146117000000000, 1, 1, 1, 1, 0, 1, 0, 1
3.146117083333333, 0, 1, 1, 1, 0, 1, 0, 1
3.146117166666667, 1, 1, 1, 1, 0, 1, 0, 1
3.146117208333334, 0, 1, 1, 1, 0, 1, 0, 1
3.146117291666667, 1, 1, 1, 1, 0, 1, 0, 1
3.146117375000000, 0, 1, 1, 1, 0, 1, 0, 1
3.146117458333333, 1, 1, 1, 1, 0, 1, 0, 1
3.146117541666667, 0, 1, 1, 1, 1, 1, 0, 1
3.146117625000000, 1, 1, 1, 1, 1, 1, 0, 1
3.146117708333334, 0, 1, 1, 1, 0, 1, 0, 1
3.146117791666667, 1, 1, 1, 1, 0, 1, 0, 1
3.146117875000000, 0, 1, 1, 1, 1, 1, 0, 1
3.146117958333333, 1, 1, 1, 1, 1, 1, 0, 1
3.146118041666667, 0, 1, 1, 1, 0, 1, 0, 1
3.146118125000000, 1, 1, 1, 1, 0, 1, 0, 1
3.146118166666667, 0, 1, 1, 1, 0, 1, 0, 1
3.146118250000000, 1, 1, 1, 1, 0, 1, 0, 1
3.146118333333333, 0, 1, 1, 1, 1, 1, 0, 1
3.146118416666667, 1, 1, 1, 1, 1, 1, 0, 1
3.146118500000000, 0, 1, 1, 1, 0, 1, 0, 1
3.146118583333334, 1, 1, 1, 1, 0, 1, 0, 1
3.146118666666667, 0, 1, 1, 1, 0, 1, 0, 1
3.146118750000000, 1, 1, 1, 1, 0, 1, 0, 1
3.146118833333333, 0, 1, 1, 1, 0, 1, 0, 1
3.146120708333334, 0, 1, 1, 1, 1, 1, 1, 1
3.146121333333333, 0, 1, 1, 1, 0, 1, 0, 1
3.146121916666667, 0, 1, 1, 1, 1, 1, 0, 1
3.146122750000000, 0, 1, 1, 1, 0, 1, 0, 1
3.146124291666667, 1, 1, 1, 1, 0, 1, 0, 1
3.146124375000000, 0, 1, 1, 1, 0, 1, 0, 1
3.146124458333333, 1, 1, 1, 1, 0, 1, 0, 1
3.146124541666667, 0, 1, 1, 1, 0, 1, 0, 1
3.146124625000000, 1, 1, 1, 1, 0, 1, 0, 1
3.146124666666667, 0, 1, 1, 1, 0, 1, 0, 1
3.146124750000000, 1, 1, 1, 1, 0, 1, 0, 1
3.146124833333333, 0, 1, 1, 1, 0, 1, 0, 1
3.146124916666667, 1, 1, 1, 1, 0, 1, 0, 1
3.146125000000000, 0, 1, 1, 1, 0, 1, 0, 1
3.146125083333334, 1, 1, 1, 1, 0, 1, 0, 1
3.146125166666667, 0, 1, 1, 1, 0, 1, 0, 1
3.146125250000000, 1, 1, 1, 1, 0, 1, 0, 1
3.146125333333333, 0, 1, 1, 1, 0, 1, 0, 1
3.146125416666667, 1, 1, 1, 1, 0, 1, 0, 1
3.146125500000000, 0, 1, 1, 1, 0, 1, 0, 1
3.146125583333334, 1, 1, 1, 1, 0, 1, 0, 1
3.146125666666667, 0, 1, 1, 1, 0, 1, 0, 1
3.146125708333333, 1, 1, 1, 1, 0, 1, 0, 1
3.146125791666667, 0, 1, 1, 1, 0, 1, 0, 1
3.146125875000000, 1, 1, 1, 1, 0, 1, 0, 1
3.146125958333334, 0, 1, 1, 1, 0, 1, 0, 1
3.146126041666667, 1, 1, 1, 1, 0, 1, 0, 1
3.146126125000000, 0, 1, 1, 1, 0, 1, 0, 1
3.146126208333333, 1, 1, 1, 1, 0, 1, 0, 1
3.146126291666667, 0, 1, 1, 1, 0, 1, 0, 1
3.146126375000000, 1, 1, 1, 1, 0, 1, 0, 1
3.146126458333334, 0, 1, 1, 1, 1, 1, 0, 1
3.146126541666667, 1, 1, 1, 1, 1, 1, 0, 1
3.146126625000000, 0, 1, 1, 1, 0, 1, 0, 1
3.146126666666667, 1, 1, 1, 1, 0, 1, 0, 1
3.146126750000000, 0, 1, 1, 1, 0, 1, 0, 1
3.146128625000000, 0, 1, 1, 1, 1, 1, 1, 1
3.146129291666667, 0, 1, 1, 1, 1, 1, 0, 1
3.146129333333334, 0, 1, 1, 1, 0, 1, 0, 1
3.146129916666667, 0, 1, 1, 1, 1, 1, 0, 1
3.146130791666667, 1, 1, 1, 1, 1, 1, 0, 1
3.146130916666667, 0, 1, 1, 1, 0, 1, 0, 1
3.146131625000000, 0, 1, 1, 1, 1, 1, 0, 1
3.146132250000000, 1, 1, 1, 1, 1, 1, 0, 1
3.146132333333334, 0, 1, 1, 1, 1, 1, 0, 1
3.146132416666667, 1, 1, 1, 1, 1, 1, 0, 1
3.146132500000000, 0, 1, 1, 1, 1, 1, 0, 1
3.146132583333333, 1, 1, 1, 1, 1, 1, 0, 1
3.146132666666667, 0, 1, 1, 1, 1, 1, 0, 1
3.146132750000000, 1, 1, 1, 1, 1, 1, 0, 1
3.146132833333334, 0, 1, 1, 1, 0, 1, 0, 1
3.146132916666667, 1, 1, 1, 1, 0, 1, 0, 1
3.146133000000000, 0, 1, 1, 1, 0, 1, 0, 1
3.146133083333333, 1, 1, 1, 1, 0, 1, 0, 1
3.146133166666667, 0, 1, 1, 1, 1, 1, 0, 1
3.146133208333334, 1, 1, 1, 1, 1, 1, 0, 1
3.146133291666667, 0, 1, 1, 1, 0, 1, 0, 1
3.146133375000000, 1, 1, 1, 1, 0, 1, 0, 1
3.146133458333333, 0, 1, 1, 1, 0, 1, 0, 1
3.146135208333333, 0, 1, 1, 1, 1, 1, 1, 1
3.146135958333334, 0, 1, 1, 1, 0, 1, 0, 1
3.146136333333334, 0, 1, 1, 1, 1, 1, 0, 1
3.146137208333334, 1, 1, 1, 1, 1, 1, 0, 1
3.146137458333333, 0, 1, 1, 1, 1, 1, 0, 1
3.146138291666667, 0, 1, 1, 1, 0, 1, 0, 1
3.146139000000000, 1, 1, 1, 1, 0, 1, 0, 1
3.146139083333333, 0, 1, 1, 1, 0, 1, 0, 1
3.146139166666667, 1, 1, 1, 1, 0, 1, 0, 1
3.146139250000000, 0, 1, 1, 1, 0, 1, 0, 1
3.146139333333334, 1, 1, 1, 1, 0, 1, 0, 1
3.146139416666667, 0, 1, 1, 1, 0, 1, 0, 1
3.146139500000000, 1, 1, 1, 1, 0, 1, 0, 1
3.146139583333333, 0, 1, 1, 1, 0, 1, 0, 1
3.146139666666667, 1, 1, 1, 1, 0, 1, 0, 1
3.146139708333334, 0, 1, 1, 1, 0, 1, 0, 1
3.146139791666667, 1, 1, 1, 1, 0, 1, 0, 1
3.146139875000000, 0, 1, 1, 1, 0, 1, 0, 1
3.146139958333333, 1, 1, 1, 1, 0, 1, 0, 1
3.146140041666667, 0, 1, 1, 1, 0, 1, 0, 1
3.146140125000000, 1, 1, 1, 1, 0, 1, 0, 1
3.146140208333334, 0, 1, 1, 1, 0, 1, 0, 1
3.146140291666667, 1, 1, 1, 1, 0, 1, 0, 1
3.146140375000000, 0, 1, 1, 1, 0, 1, 0, 1
3.146140458333333, 1, 1, 1, 1, 0, 1, 0, 1
3.146140541666667, 0, 1, 1, 1, 0, 1, 0, 1
3.146140625000000, 1, 1, 1, 1, 0, 1, 0, 1
3.146140666666667, 1, 1, 1, 1, 1, 1, 0, 1
3.146140708333334, 0, 1, 1, 1, 1, 1, 0, 1
3.146140750000000, 1, 1, 1, 1, 1, 1, 0, 1
3.146140833333333, 0, 1, 1, 1, 1, 1, 0, 1
3.146140916666667, 1, 1, 1, 1, 1, 1, 0, 1
3.146141000000000, 0, 1, 1, 1, 0, 1, 0, 1
3.146141083333334, 1, 1, 1, 1, 0, 1, 0, 1
3.146141166666667, 0, 1, 1, 1, 0, 1, 0, 1
3.146141250000000, 1, 1, 1, 1, 0, 1, 0, 1
3.146141333333333, 0, 1, 1, 1, 0, 1, 0, 1
3.146141416666667, 1, 1, 1, 1, 0, 1, 0, 1
3.146141500000000, 0, 1, 1, 1, 0, 1, 0, 1
3.146143500000000, 0, 1, 1, 1, 1, 1, 1, 1
3.146144291666667, 0, 1, 1, 1, 0, 1, 0, 1
3.146144708333333, 0, 1, 1, 1, 1, 1, 0, 1
3.146145583333333, 1, 1, 1, 1, 1, 1, 0, 1
3.146145833333334, 0, 1, 1, 1, 0, 1, 0, 1
3.146147333333333, 1, 1, 1, 1, 0, 1, 0, 1
3.146147416666667, 0, 1, 1, 1, 0, 1, 0, 1
3.146147500000000, 1, 1, 1, 1, 0, 1, 0, 1
3.146147583333334, 0, 1, 1, 1, 0, 1, 0, 1
3.146147666666667, 1, 1, 1, 1, 0, 1, 0, 1
3.146147750000000, 0, 1, 1, 1, 0, 1, 0, 1
3.146147833333333, 1, 1, 1, 1, 0, 1, 0, 1
3.146147916666667, 0, 1, 1, 1, 0, 1, 0, 1
3.146148000000000, 1, 1, 1, 1, 0, 1, 0, 1
3.146148083333334, 0, 1, 1, 1, 0, 1, 0, 1
3.146148166666667, 1, 1, 1, 1, 0, 1, 0, 1
3.146148208333333, 0, 1, 1, 1, 0, 1, 0, 1
3.146148291666667, 1, 1, 1, 1, 0, 1, 0, 1
3.146148375000000, 0, 1, 1, 1, 0, 1, 0, 1
3.146148458333334, 1, 1, 1, 1, 0, 1, 0, 1
3.146148541666667, 0, 1, 1, 1, 1, 1, 0, 1
3.146148625000000, 1, 1, 1, 1, 1, 1, 0, 1
3.146148708333333, 0, 1, 1, 1, 0, 1, 0, 1
3.146148791666667, 1, 1, 1, 1, 0, 1, 0, 1
3.146148875000000, 0, 1, 1, 1, 1, 1, 0, 1
3.146148958333334, 1, 1, 1, 1, 1, 1, 0, 1
3.146149041666667, 0, 1, 1, 1, 0, 1, 0, 1
3.146149125000000, 1, 1, 1, 1, 0, 1, 0, 1
3.146149208333334, 0, 1, 1, 1, 0, 1, 0, 1
3.146149250000000, 1, 1, 1, 1, 0, 1, 0, 1
3.146149333333334, 0, 1, 1, 1, 0, 1, 0, 1
3.146149416666667, 1, 1, 1, 1, 0, 1, 0, 1
3.146149500000000, 0, 1, 1, 1, 1, 1, 0, 1
3.146149583333333, 1, 1, 1, 1, 1, 1, 0, 1
3.146149666666667, 0, 1, 1, 1, 1, 1, 0, 1
3.146149750000000, 1, 1, 1, 1, 1, 1, 0, 1
3.146149833333333, 0, 1, 1, 1, 0, 1, 0, 1
3.146151708333333, 0, 1, 1, 1, 1, 1, 1, 1
3.146152375000000, 0, 1, 1, 1, 0, 1, 0, 1
3.146152916666667, 0, 1, 1, 1, 1, 1, 0, 1
3.146153791666667, 0, 1, 1, 1, 0, 1, 0, 1
3.146155333333334, 1, 1, 1, 1, 0, 1, 0, 1
3.146155416666667, 0, 1, 1, 1, 0, 1, 0, 1
3.146155500000000, 1, 1, 1, 1, 0, 1, 0, 1
3.146155583333333, 0, 1, 1, 1, 0, 1, 0, 1
3.146155666666667, 1, 1, 1, 1, 0, 1, 0, 1
3.146155750000000, 0, 1, 1, 1, 0, 1, 0, 1
3.146155791666667, 1, 1, 1, 1, 0, 1, 0, 1
3.146155875000000, 0, 1, 1, 1, 0, 1, 0, 1
3.146155958333333, 1, 1, 1, 1, 0, 1, 0, 1
3.146156041666667, 0, 1, 1, 1, 0, 1, 0, 1
3.146156125000000, 1, 1, 1, 1, 0, 1, 0, 1
3.146156208333334, 0, 1, 1, 1, 0, 1, 0, 1
3.146156291666667, 1, 1, 1, 1, 0, 1, 0, 1
3.146156375000000, 0, 1, 1, 1, 0, 1, 0, 1
3.146156458333333, 1, 1, 1, 1, 0, 1, 0, 1
3.146156541666667, 0, 1, 1, 1, 0, 1, 0, 1
3.146156625000000, 1, 1, 1, 1, 0, 1, 0, 1
3.146156708333334, 0, 1, 1, 1, 0, 1, 0, 1
3.146156750000000, 1, 1, 1, 1, 0, 1, 0, 1
3.146156833333333, 0, 1, 1, 1, 0, 1, 0, 1
3.146156916666667, 1, 1, 1, 1, 0, 1, 0, 1
3.146157000000000, 0, 1, 1, 1, 1, 1, 0, 1
3.146157083333334, 1, 1, 1, 1, 1, 1, 0, 1
3.146157166666667, 0, 1, 1, 1, 0, 1, 0, 1
3.146157250000000, 1, 1, 1, 1, 0, 1, 0, 1
3.146157333333333, 0, 1, 1, 1, 0, 1, 0, 1
3.146157416666667, 1, 1, 1, 1, 0, 1, 0, 1
3.146157500000000, 0, 1, 1, 1, 1, 1, 0, 1
3.146157583333334, 1, 1, 1, 1, 1, 1, 0, 1
3.146157666666667, 0, 1, 1, 1, 0, 1, 0, 1
3.146157708333333, 1, 1, 1, 1, 0, 1, 0, 1
3.146157791666667, 0, 1, 1, 1, 0, 1, 0, 1
3.146159666666667, 0, 1, 1, 1, 1, 1, 1, 1
3.146160291666667, 0, 1, 1, 1, 0, 1, 0, 1
3.146160875000000, 0, 1, 1, 1, 1, 1, 0, 1
3.146161708333334, 0, 1, 1, 1, 0, 1, 0, 1
3.146163250000000, 1, 1, 1, 1, 0, 1, 0, 1
3.146163333333333, 0, 1, 1, 1, 0, 1, 0, 1
3.146163416666667, 1, 1, 1, 1, 0, 1, 0, 1
3.146163500000000, 0, 1, 1, 1, 0, 1, 0, 1
3.146163583333334, 1, 1, 1, 1, 0, 1, 0, 1
3.146163666666667, 0, 1, 1, 1, 0, 1, 0, 1
3.146163708333333, 1, 1, 1, 1, 0, 1, 0, 1
3.146163791666667, 0, 1, 1, 1, 0, 1, 0, 1
3.146163875000000, 1, 1, 1, 1, 0, 1, 0, 1
3.146163958333334, 0, 1, 1, 1, 0, 1, 0, 1
3.146164041666667, 1, 1, 1, 1, 0, 1, 0, 1
3.146164125000000, 0, 1, 1, 1, 0, 1, 0, 1
3.146164208333333, 1, 1, 1, 1, 0, 1, 0, 1
3.146164291666667, 0, 1, 1, 1, 0, 1, 0, 1
3.146164375000000, 1, 1, 1, 1, 0, 1, 0, 1
3.146164458333334, 0, 1, 1, 1, 0, 1, 0, 1
3.146164541666667, 1, 1, 1, 1, 0, 1, 0, 1
3.146164625000000, 0, 1, 1, 1, 0, 1, 0, 1
3.146164708333334, 1, 1, 1, 1, 0, 1, 0, 1
3.146164750000000, 0, 1, 1, 1, 0, 1, 0, 1
3.146164833333334, 1, 1, 1, 1, 0, 1, 0, 1
3.146164916666667, 0, 1, 1, 1, 0, 1, 0, 1
3.146165000000000, 1, 1, 1, 1, 0, 1, 0, 1
3.146165083333333, 0, 1, 1, 1, 0, 1, 0, 1
3.146165166666667, 1, 1, 1, 1, 0, 1, 0, 1
3.146165250000000, 0, 1, 1, 1, 0, 1, 0, 1
3.146165333333334, 1, 1, 1, 1, 0, 1, 0, 1
3.146165416666667, 0, 1, 1, 1, 1, 1, 0, 1
3.146165500000000, 1, 1, 1, 1, 1, 1, 0, 1
3.146165583333334, 0, 1, 1, 1, 0, 1, 0, 1
3.146165666666667, 1, 1, 1, 1, 0, 1, 0, 1
3.146165750000000, 0, 1, 1, 1, 0, 1, 0, 1
3.146167583333333, 0, 1, 1, 1, 1, 1, 1, 1
3.146168250000000, 0, 1, 1, 1, 0, 1, 0, 1
3.146168833333333, 0, 1, 1, 1, 1, 1, 0, 1
3.146169666666667, 0, 1, 1, 1, 0, 1, 0, 1
3.146171208333334, 1, 1, 1, 1, 0, 1, 0, 1
3.146171291666667, 0, 1, 1, 1, 0, 1, 0, 1
3.146171375000000, 1, 1, 1, 1, 0, 1, 0, 1
3.146171458333333, 0, 1, 1, 1, 0, 1, 0, 1
3.146171500000000, 1, 1, 1, 1, 0, 1, 0, 1
3.146171583333333, 0, 1, 1, 1, 0, 1, 0, 1
3.146171666666667, 1, 1, 1, 1, 0, 1, 0, 1
3.146171750000000, 0, 1, 1, 1, 0, 1, 0, 1
3.146171833333334, 1, 1, 1, 1, 0, 1, 0, 1
3.146171916666667, 0, 1, 1, 1, 0, 1, 0, 1
3.146172000000000, 1, 1, 1, 1, 0, 1, 0, 1
3.146172083333334, 0, 1, 1, 1, 0, 1, 0, 1
3.146172166666667, 1, 1, 1, 1, 0, 1, 0, 1
3.146172250000000, 0, 1, 1, 1, 0, 1, 0, 1
3.146172333333333, 1, 1, 1, 1, 0, 1, 0, 1
3.146172416666667, 0, 1, 1, 1, 0, 1, 0, 1
3.146172458333333, 1, 1, 1, 1, 0, 1, 0, 1
3.146172541666667, 0, 1, 1, 1, 0, 1, 0, 1
3.146172625000000, 1, 1, 1, 1, 0, 1, 0, 1
3.146172708333334, 0, 1, 1, 1, 1, 1, 0, 1
3.146172791666667, 1, 1, 1, 1, 1, 1, 0, 1
3.146172875000000, 0, 1, 1, 1, 1, 1, 0, 1
3.146172958333334, 1, 1, 1, 1, 1, 1, 0, 1
3.146173041666667, 0, 1, 1, 1, 0, 1, 0, 1
3.146173125000000, 1, 1, 1, 1, 0, 1, 0, 1
3.146173208333333, 0, 1, 1, 1, 0, 1, 0, 1
3.146173291666667, 1, 1, 1, 1, 0, 1, 0, 1
3.146173375000000, 0, 1, 1, 1, 1, 1, 0, 1
3.146173458333334, 1, 1, 1, 1, 1, 1, 0, 1
3.146173541666667, 0, 1, 1, 1, 0, 1, 0, 1
3.146173583333334, 1, 1, 1, 1, 0, 1, 0, 1
3.146173666666667, 0, 1, 1, 1, 0, 1, 0, 1
3.146175500000000, 0, 1, 1, 1, 0, 1, 1, 1
3.146175541666667, 0, 1, 1, 1, 1, 1, 1, 1
3.146176166666667, 0, 1, 1, 1, 0, 1, 0, 1
3.146176791666667, 0, 1, 1, 1, 1, 1, 0, 1
3.146177625000000, 0, 1, 1, 1, 0, 1, 0, 1
3.146179166666667, 1, 1, 1, 1, 0, 1, 0, 1
3.146179250000000, 0, 1, 1, 1, 0, 1, 0, 1
3.146179291666667, 1, 1, 1, 1, 0, 1, 0, 1
3.146179375000000, 0, 1, 1, 1, 0, 1, 0, 1
3.146179458333334, 1, 1, 1, 1, 0, 1, 0, 1
3.146179541666667, 0, 1, 1, 1, 0, 1, 0, 1
3.146179625000000, 1, 1, 1, 1, 0, 1, 0, 1
3.146179708333333, 0, 1, 1, 1, 0, 1, 0, 1
3.146179791666667, 1, 1, 1, 1, 0, 1, 0, 1
3.146179875000000, 0, 1, 1, 1, 0, 1, 0, 1
3.146179958333334, 1, 1, 1, 1, 0, 1, 0, 1
3.146180041666667, 0, 1, 1, 1, 0, 1, 0, 1
3.146180125000000, 1, 1, 1, 1, 0, 1, 0, 1
3.146180208333333, 0, 1, 1, 1, 0, 1, 0, 1
3.146180250000000, 1, 1, 1, 1, 0, 1, 0, 1
3.146180333333334, 0, 1, 1, 1, 0, 1, 0, 1
3.146180416666667, 1, 1, 1, 1, 0, 1, 0, 1
3.146180500000000, 0, 1, 1, 1, 0, 1, 0, 1
3.146180583333333, 1, 1, 1, 1, 0, 1, 0, 1
3.146180666666667, 0, 1, 1, 1, 0, 1, 0, 1
3.146180750000000, 1, 1, 1, 1, 0, 1, 0, 1
3.146180833333334, 0, 1, 1, 1, 1, 1, 0, 1
3.146180916666667, 1, 1, 1, 1, 1, 1, 0, 1
3.146181000000000, 0, 1, 1, 1, 0, 1, 0, 1
3.146181083333333, 1, 1, 1, 1, 0, 1, 0, 1
3.146181166666667, 0, 1, 1, 1, 0, 1, 0, 1
3.146181208333334, 1, 1, 1, 1, 0, 1, 0, 1
3.146181291666667, 0, 1, 1, 1, 1, 1, 0, 1
3.146181375000000, 1, 1, 1, 1, 1, 1, 0, 1
3.146181458333333, 0, 1, 1, 1, 0, 1, 0, 1
3.146181541666667, 1, 1, 1, 1, 0, 1, 0, 1
3.146181625000000, 0, 1, 1, 1, 0, 1, 0, 1
3.146183666666667, 0, 1, 1, 1, 1, 1, 1, 1
3.146184333333334, 0, 1, 1, 1, 0, 1, 0, 1
3.146184916666667, 0, 1, 1, 1, 1, 1, 0, 1
3.146185791666667, 1, 1, 1, 1, 1, 1, 0, 1
3.146185833333333, 0, 1, 1, 1, 0, 1, 0, 1
3.146187375000000, 1, 1, 1, 1, 0, 1, 0, 1
3.146187458333333, 0, 1, 1, 1, 0, 1, 0, 1
3.146187541666667, 1, 1, 1, 1, 0, 1, 0, 1
3.146187625000000, 0, 1, 1, 1, 0, 1, 0, 1
3.146187708333334, 1, 1, 1, 1, 0, 1, 0, 1
3.146187791666667, 0, 1, 1, 1, 0, 1, 0, 1
3.146187833333334, 1, 1, 1, 1, 0, 1, 0, 1
3.146187916666667, 0, 1, 1, 1, 0, 1, 0, 1
3.146188000000000, 1, 1, 1, 1, 0, 1, 0, 1
3.146188083333334, 0, 1, 1, 1, 0, 1, 0, 1
3.146188166666667, 1, 1, 1, 1, 0, 1, 0, 1
3.146188250000000, 0, 1, 1, 1, 0, 1, 0, 1
3.146188333333333, 1, 1, 1, 1, 0, 1, 0, 1
3.146188416666667, 0, 1, 1, 1, 0, 1, 0, 1
3.146188500000000, 1, 1, 1, 1, 0, 1, 0, 1
3.146188583333334, 0, 1, 1, 1, 1, 1, 0, 1
3.146188666666667, 1, 1, 1, 1, 1, 1, 0, 1
3.146188750000000, 0, 1, 1, 1, 1, 1, 0, 1
3.146188791666667, 1, 1, 1, 1, 1, 1, 0, 1
3.146188875000000, 0, 1, 1, 1, 1, 1, 0, 1
3.146188958333334, 1, 1, 1, 1, 1, 1, 0, 1
3.146189041666667, 0, 1, 1, 1, 1, 1, 0, 1
3.146189125000000, 1, 1, 1, 1, 1, 1, 0, 1
3.146189208333333, 0, 1, 1, 1, 1, 1, 0, 1
3.146189291666667, 1, 1, 1, 1, 1, 1, 0, 1
3.146189375000000, 0, 1, 1, 1, 1, 1, 0, 1
3.146189458333334, 1, 1, 1, 1, 1, 1, 0, 1
3.146189541666667, 0, 1, 1, 1, 1, 1, 0, 1
3.146189625000000, 1, 1, 1, 1, 1, 1, 0, 1
3.146189708333333, 0, 1, 1, 1, 1, 1, 0, 1
3.146189750000000, 1, 1, 1, 1, 1, 1, 0, 1
3.146189833333334, 0, 1, 1, 1, 0, 1, 0, 1
3.146191875000000, 0, 1, 1, 1, 1, 1, 1, 1
3.146192541666667, 0, 1, 1, 1, 0, 1, 0, 1
3.146193000000000, 0, 1, 1, 1, 1, 1, 0, 1
3.146193916666667, 1, 1, 1, 1, 1, 1, 0, 1
3.146194000000000, 0, 1, 1, 1, 0, 1, 0, 1
3.146195541666667, 1, 1, 1, 1, 0, 1, 0, 1
3.146195625000000, 0, 1, 1, 1, 0, 1, 0, 1
3.146195708333333, 1, 1, 1, 1, 0, 1, 0, 1
3.146195791666667, 0, 1, 1, 1, 0, 1, 0, 1
3.146195833333334, 1, 1, 1, 1, 0, 1, 0, 1
3.146195916666667, 0, 1, 1, 1, 0, 1, 0, 1
3.146196000000000, 1, 1, 1, 1, 0, 1, 0, 1
3.146196083333333, 0, 1, 1, 1, 0, 1, 0, 1
3.146196166666667, 1, 1, 1, 1, 0, 1, 0, 1
3.146196250000000, 0, 1, 1, 1, 0, 1, 0, 1
3.146196333333334, 1, 1, 1, 1, 0, 1, 0, 1
3.146196416666667, 0, 1, 1, 1, 0, 1, 0, 1
3.146196500000000, 1, 1, 1, 1, 0, 1, 0, 1
3.146196583333333, 0, 1, 1, 1, 0, 1, 0, 1
3.146196666666667, 1, 1, 1, 1, 0, 1, 0, 1
3.146196750000000, 0, 1, 1, 1, 0, 1, 0, 1
3.146196791666667, 1, 1, 1, 1, 0, 1, 0, 1
3.146196875000000, 0, 1, 1, 1, 0, 1, 0, 1
3.146196958333333, 1, 1, 1, 1, 0, 1, 0, 1
3.146197041666667, 0, 1, 1, 1, 1, 1, 0, 1
3.146197125000000, 1, 1, 1, 1, 1, 1, 0, 1
3.146197208333334, 0, 1, 1, 1, 1, 1, 0, 1
3.146197291666667, 1, 1, 1, 1, 1, 1, 0, 1
3.146197375000000, 0, 1, 1, 1, 0, 1, 0, 1
3.146197458333333, 1, 1, 1, 1, 0, 1, 0, 1
3.146197541666667, 0, 1, 1, 1, 0, 1, 0, 1
3.146197625000000, 1, 1, 1, 1, 0, 1, 0, 1
3.146197708333334, 0, 1, 1, 1, 1, 1, 0, 1
3.146197750000000, 1, 1, 1, 1, 1, 1, 0, 1
3.146197833333333, 0, 1, 1, 1, 0, 1, 0, 1
3.146197916666667, 1, 1, 1, 1, 0, 1, 0, 1
3.146198000000000, 0, 1, 1, 1, 0, 1, 0, 1
3.146199833333334, 0, 1, 1, 1, 0, 1, 1, 1
3.146199875000000, 0, 1, 1, 1, 1, 1, 1, 1
3.146200500000000, 0, 1, 1, 1, 0, 1, 0, 1
3.146201083333334, 0, 1, 1, 1, 1, 1, 0, 1
3.146201916666667, 0, 1, 1, 1, 0, 1, 0, 1
3.146203458333333, 1, 1, 1, 1, 0, 1, 0, 1
3.146203541666667, 0, 1, 1, 1, 0, 1, 0, 1
3.146203625000000, 1, 1, 1, 1, 0, 1, 0, 1
3.146203708333334, 0, 1, 1, 1, 0, 1, 0, 1
3.146203750000000, 1, 1, 1, 1, 0, 1, 0, 1
3.146203833333333, 0, 1, 1, 1, 0, 1, 0, 1
3.146203916666667, 1, 1, 1, 1, 0, 1, 0, 1
3.146204000000000, 0, 1, 1, 1, 0, 1, 0, 1
3.146204083333334, 1, 1, 1, 1, 0, 1, 0, 1
3.146204166666667, 0, 1, 1, 1, 0, 1, 0, 1
3.146204250000000, 1, 1, 1, 1, 0, 1, 0, 1
3.146204333333333, 0, 1, 1, 1, 0, 1, 0, 1
3.146204416666667, 1, 1, 1, 1, 0, 1, 0, 1
3.146204500000000, 0, 1, 1, 1, 0, 1, 0, 1
3.146204583333334, 1, 1, 1, 1, 0, 1, 0, 1
3.146204666666667, 0, 1, 1, 1, 0, 1, 0, 1
3.146204750000000, 1, 1, 1, 1, 0, 1, 0, 1
3.146204791666667, 0, 1, 1, 1, 0, 1, 0, 1
3.146204875000000, 1, 1, 1, 1, 0, 1, 0, 1
3.146204958333334, 0, 1, 1, 1, 0, 1, 0, 1
3.146205041666667, 1, 1, 1, 1, 0, 1, 0, 1
3.146205125000000, 0, 1, 1, 1, 0, 1, 0, 1
3.146205208333333, 1, 1, 1, 1, 0, 1, 0, 1
3.146205291666667, 0, 1, 1, 1, 0, 1, 0, 1
3.146205375000000, 1, 1, 1, 1, 0, 1, 0, 1
3.146205458333334, 0, 1, 1, 1, 0, 1, 0, 1
3.146205541666667, 1, 1, 1, 1, 0, 1, 0, 1
3.146205625000000, 0, 1, 1, 1, 0, 1, 0, 1
3.146205708333333, 1, 1, 1, 1, 0, 1, 0, 1
3.146205791666667, 0, 1, 1, 1, 0, 1, 0, 1
3.146205833333334, 1, 1, 1, 1, 0, 1, 0, 1
3.146205916666667, 0, 1, 1, 1, 0, 1, 0, 1
3.146207791666667, 0, 1, 1, 1, 1, 1, 1, 1
3.146208500000000, 0, 1, 1, 1, 0, 1, 0, 1
3.146209125000000, 0, 1, 1, 1, 1, 1, 0, 1
3.146210000000000, 1, 1, 1, 1, 1, 1, 0, 1
3.146210250000000, 0, 1, 1, 1, 0, 1, 0, 1
3.146210958333334, 0, 1, 1, 1, 1, 1, 0, 1
3.146211583333334, 1, 1, 1, 1, 1, 1, 0, 1
3.146211666666667, 0, 1, 1, 1, 1, 1, 0, 1
3.146211750000000, 1, 1, 1, 1, 1, 1, 0, 1
3.146211833333334, 0, 1, 1, 1, 1, 1, 0, 1
3.146211916666667, 1, 1, 1, 1, 1, 1, 0, 1
3.146212000000000, 0, 1, 1, 1, 1, 1, 0, 1
3.146212083333333, 1, 1, 1, 1, 1, 1, 0, 1
3.146212166666667, 0, 1, 1, 1, 0, 1, 0, 1
3.146212250000000, 1, 1, 1, 1, 0, 1, 0, 1
3.146212333333334, 0, 1, 1, 1, 1, 1, 0, 1
3.146212416666667, 1, 1, 1, 1, 1, 1, 0, 1
3.146212500000000, 0, 1, 1, 1, 0, 1, 0, 1
3.146212541666667, 1, 1, 1, 1, 0, 1, 0, 1
3.146212625000000, 0, 1, 1, 1, 0, 1, 0, 1
3.146212708333334, 1, 1, 1, 1, 0, 1, 0, 1
3.146212791666667, 0, 1, 1, 1, 0, 1, 0, 1
3.146214916666667, 0, 1, 1, 1, 1, 1, 1, 1
3.146215583333333, 0, 1, 1, 1, 0, 1, 0, 1
3.146216041666667, 0, 1, 1, 1, 1, 1, 0, 1
3.146216916666667, 1, 1, 1, 1, 1, 1, 0, 1
3.146217083333334, 0, 1, 1, 1, 1, 1, 0, 1
3.146217916666667, 0, 1, 1, 1, 0, 1, 0, 1
3.146218625000000, 1, 1, 1, 1, 0, 1, 0, 1
3.146218708333334, 0, 1, 1, 1, 0, 1, 0, 1
3.146218791666667, 1, 1, 1, 1, 0, 1, 0, 1
3.146218875000000, 0, 1, 1, 1, 0, 1, 0, 1
3.146218958333333, 1, 1, 1, 1, 0, 1, 0, 1
3.146219041666667, 0, 1, 1, 1, 0, 1, 0, 1
3.146219125000000, 1, 1, 1, 1, 0, 1, 0, 1
3.146219208333334, 0, 1, 1, 1, 0, 1, 0, 1
3.146219291666667, 1, 1, 1, 1, 0, 1, 0, 1
3.146219333333334, 0, 1, 1, 1, 0, 1, 0, 1
3.146219416666667, 1, 1, 1, 1, 0, 1, 0, 1
3.146219500000000, 0, 1, 1, 1, 0, 1, 0, 1
3.146219583333334, 1, 1, 1, 1, 0, 1, 0, 1
3.146219666666667, 0, 1, 1, 1, 0, 1, 0, 1
3.146219750000000, 1, 1, 1, 1, 0, 1, 0, 1
3.146219833333333, 0, 1, 1, 1, 0, 1, 0, 1
3.146219916666667, 1, 1, 1, 1, 0, 1, 0, 1
3.146220000000000, 0, 1, 1, 1, 1, 1, 0, 1
3.146220083333334, 1, 1, 1, 1, 1, 1, 0, 1
3.146220166666667, 0, 1, 1, 1, 0, 1, 0, 1
3.146220250000000, 1, 1, 1, 1, 0, 1, 0, 1
3.146220333333333, 0, 1, 1, 1, 0, 1, 0, 1
3.146220375000000, 1, 1, 1, 1, 0, 1, 0, 1
3.146220458333334, 0, 1, 1, 1, 0, 1, 0, 1
3.146220541666667, 1, 1, 1, 1, 0, 1, 0, 1
3.146220625000000, 0, 1, 1, 1, 0, 1, 0, 1
3.146220708333333, 1, 1, 1, 1, 0, 1, 0, 1
3.146220791666667, 0, 1, 1, 1, 0, 1, 0, 1
3.146220875000000, 1, 1, 1, 1, 0, 1, 0, 1
3.146220958333334, 0, 1, 1, 1, 0, 1, 0, 1
3.146221041666667, 1, 1, 1, 1, 0, 1, 0, 1
3.146221125000000, 0, 1, 1, 1, 0, 1, 0, 1
3.146223166666667, 0, 1, 1, 1, 1, 1, 1, 1
3.146223875000000, 0, 1, 1, 1, 0, 1, 0, 1
3.146224416666667, 0, 1, 1, 1, 1, 1, 0, 1
3.146225291666667, 1, 1, 1, 1, 1, 1, 0, 1
3.146225458333333, 0, 1, 1, 1, 0, 1, 0, 1
3.146227000000000, 1, 1, 1, 1, 0, 1, 0, 1
3.146227083333334, 0, 1, 1, 1, 0, 1, 0, 1
3.146227166666667, 1, 1, 1, 1, 0, 1, 0, 1
3.146227250000000, 0, 1, 1, 1, 0, 1, 0, 1
3.146227333333333, 1, 1, 1, 1, 0, 1, 0, 1
3.146227416666667, 0, 1, 1, 1, 0, 1, 0, 1
3.146227500000000, 1, 1, 1, 1, 0, 1, 0, 1
3.146227583333334, 0, 1, 1, 1, 0, 1, 0, 1
3.146227625000000, 1, 1, 1, 1, 0, 1, 0, 1
3.146227708333333, 0, 1, 1, 1, 0, 1, 0, 1
3.146227791666667, 1, 1, 1, 1, 0, 1, 0, 1
3.146227875000000, 0, 1, 1, 1, 0, 1, 0, 1
3.146227958333334, 1, 1, 1, 1, 0, 1, 0, 1
3.146228041666667, 0, 1, 1, 1, 0, 1, 0, 1
3.146228125000000, 1, 1, 1, 1, 0, 1, 0, 1
3.146228208333333, 0, 1, 1, 1, 0, 1, 0, 1
3.146228291666667, 1, 1, 1, 1, 0, 1, 0, 1
3.146228375000000, 0, 1, 1, 1, 0, 1, 0, 1
3.146228458333333, 1, 1, 1, 1, 0, 1, 0, 1
3.146228541666667, 0, 1, 1, 1, 0, 1, 0, 1
3.146228583333333, 1, 1, 1, 1, 0, 1, 0, 1
3.146228666666667, 0, 1, 1, 1, 0, 1, 0, 1
3.146228750000000, 1, 1, 1, 1, 0, 1, 0, 1
3.146228833333334, 0, 1, 1, 1, 0, 1, 0, 1
3.146228916666667, 1, 1, 1, 1, 0, 1, 0, 1
3.146229000000000, 0, 1, 1, 1, 0, 1, 0, 1
3.146229083333334, 1, 1, 1, 1, 0, 1, 0, 1
3.146229166666667, 0, 1, 1, 1, 0, 1, 0, 1
3.146229250000000, 1, 1, 1, 1, 0, 1, 0, 1
3.146229333333333, 0, 1, 1, 1, 0, 1, 0, 1
3.146229416666667, 1, 1, 1, 1, 0, 1, 0, 1
3.146229500000000, 0, 1, 1, 1, 0, 1, 0, 1
3.146231541666667, 0, 1, 1, 1, 1, 1, 1, 1
3.146232250000000, 0, 1, 1, 1, 0, 1, 0, 1
3.146232750000000, 0, 1, 1, 1, 1, 1, 0, 1
3.146233625000000, 1, 1, 1, 1, 1, 1, 0, 1
3.146233666666667, 0, 1, 1, 1, 0, 1, 0, 1
3.146235208333334, 1, 1, 1, 1, 0, 1, 0, 1
3.146235291666667, 0, 1, 1, 1, 0, 1, 0, 1
3.146235375000000, 1, 1, 1, 1, 0, 1, 0, 1
3.146235458333333, 0, 1, 1, 1, 0, 1, 0, 1
3.146235541666667, 1, 1, 1, 1, 0, 1, 0, 1
3.146235625000000, 0, 1, 1, 1, 0, 1, 0, 1
3.146235708333334, 1, 1, 1, 1, 0, 1, 0, 1
3.146235791666667, 0, 1, 1, 1, 0, 1, 0, 1
3.146235833333333, 1, 1, 1, 1, 0, 1, 0, 1
3.146235916666667, 0, 1, 1, 1, 0, 1, 0, 1
3.146236000000000, 1, 1, 1, 1, 0, 1, 0, 1
3.146236083333334, 0, 1, 1, 1, 0, 1, 0, 1
3.146236166666667, 1, 1, 1, 1, 0, 1, 0, 1
3.146236250000000, 0, 1, 1, 1, 0, 1, 0, 1
3.146236333333333, 1, 1, 1, 1, 0, 1, 0, 1
3.146236416666667, 0, 1, 1, 1, 0, 1, 0, 1
3.146236500000000, 1, 1, 1, 1, 0, 1, 0, 1
3.146236583333334, 0, 1, 1, 1, 0, 1, 0, 1
3.146236666666667, 1, 1, 1, 1, 0, 1, 0, 1
3.146236750000000, 0, 1, 1, 1, 0, 1, 0, 1
3.146236791666667, 1, 1, 1, 1, 0, 1, 0, 1
3.146236875000000, 0, 1, 1, 1, 0, 1, 0, 1
3.146236958333334, 1, 1, 1, 1, 0, 1, 0, 1
3.146237041666667, 0, 1, 1, 1, 1, 1, 0, 1
3.146237125000000, 1, 1, 1, 1, 1, 1, 0, 1
3.146237208333333, 0, 1, 1, 1, 0, 1, 0, 1
3.146237291666667, 1, 1, 1, 1, 0, 1, 0, 1
3.146237375000000, 0, 1, 1, 1, 0, 1, 0, 1
3.146237458333334, 1, 1, 1, 1, 0, 1, 0, 1
3.146237541666667, 0, 1, 1, 1, 0, 1, 0, 1
3.146237625000000, 1, 1, 1, 1, 0, 1, 0, 1
3.146237708333333, 0, 1, 1, 1, 0, 1, 0, 1
3.146239541666667, 0, 1, 1, 1, 1, 1, 1, 1
3.146240166666667, 0, 1, 1, 1, 0, 1, 0, 1
3.146240791666667, 0, 1, 1, 1, 1, 1, 0, 1
3.146241625000000, 0, 1, 1, 1, 0, 1, 0, 1
3.146243125000000, 1, 1, 1, 1, 0, 1, 0, 1
3.146243208333333, 0, 1, 1, 1, 0, 1, 0, 1
3.146243291666667, 1, 1, 1, 1, 0, 1, 0, 1
3.146243375000000, 0, 1, 1, 1, 0, 1, 0, 1
3.146243458333334, 1, 1, 1, 1, 0, 1, 0, 1
3.146243541666667, 0, 1, 1, 1, 0, 1, 0, 1
3.146243625000000, 1, 1, 1, 1, 0, 1, 0, 1
3.146243708333333, 0, 1, 1, 1, 0, 1, 0, 1
3.146243791666667, 1, 1, 1, 1, 0, 1, 0, 1
3.146243875000000, 0, 1, 1, 1, 0, 1, 0, 1
3.146243958333334, 1, 1, 1, 1, 0, 1, 0, 1
3.146244041666667, 0, 1, 1, 1, 0, 1, 0, 1
3.146244083333333, 1, 1, 1, 1, 0, 1, 0, 1
3.146244166666667, 0, 1, 1, 1, 0, 1, 0, 1
3.146244250000000, 1, 1, 1, 1, 0, 1, 0, 1
3.146244333333334, 0, 1, 1, 1, 1, 1, 0, 1
3.146244416666667, 1, 1, 1, 1, 1, 1, 0, 1
3.146244500000000, 0, 1, 1, 1, 0, 1, 0, 1
3.146244583333333, 1, 1, 1, 1, 0, 1, 0, 1
3.146244666666667, 0, 1, 1, 1, 0, 1, 0, 1
3.146244750000000, 1, 1, 1, 1, 0, 1, 0, 1
3.146244833333334, 0, 1, 1, 1, 1, 1, 0, 1
3.146244916666667, 1, 1, 1, 1, 1, 1, 0, 1
3.146245000000000, 0, 1, 1, 1, 0, 1, 0, 1
3.146245041666667, 1, 1, 1, 1, 0, 1, 0, 1
3.146245125000000, 0, 1, 1, 1, 0, 1, 0, 1
3.146245208333334, 1, 1, 1, 1, 0, 1, 0, 1
3.146245291666667, 0, 1, 1, 1, 0, 1, 0, 1
3.146245375000000, 1, 1, 1, 1, 0, 1, 0, 1
3.146245458333333, 0, 1, 1, 1, 1, 1, 0, 1
3.146245541666667, 1, 1, 1, 1, 1, 1, 0, 1
3.146245625000000, 0, 1, 1, 1, 0, 1, 0, 1
3.146247458333333, 0, 1, 1, 1, 1, 1, 1, 1
3.146248083333334, 0, 1, 1, 1, 0, 1, 0, 1
3.146248708333334, 0, 1, 1, 1, 1, 1, 0, 1
3.146249541666667, 0, 1, 1, 1, 0, 1, 0, 1
3.146251041666667, 1, 1, 1, 1, 0, 1, 0, 1
3.146251125000000, 0, 1, 1, 1, 0, 1, 0, 1
3.146251208333334, 1, 1, 1, 1, 0, 1, 0, 1
3.146251291666667, 0, 1, 1, 1, 0, 1, 0, 1
3.146251375000000, 1, 1, 1, 1, 0, 1, 0, 1
3.146251458333333, 0, 1, 1, 1, 0, 1, 0, 1
3.146251541666667, 1, 1, 1, 1, 0, 1, 0, 1
3.146251625000000, 0, 1, 1, 1, 0, 1, 0, 1
3.146251708333334, 1, 1, 1, 1, 0, 1, 0, 1
3.146251791666667, 0, 1, 1, 1, 0, 1, 0, 1
3.146251833333333, 1, 1, 1, 1, 0, 1, 0, 1
3.146251916666667, 0, 1, 1, 1, 0, 1, 0, 1
3.146252000000000, 1, 1, 1, 1, 0, 1, 0, 1
3.146252083333334, 0, 1, 1, 1, 0, 1, 0, 1
3.146252166666667, 1, 1, 1, 1, 0, 1, 0, 1
3.146252250000000, 0, 1, 1, 1, 0, 1, 0, 1
3.146252333333333, 1, 1, 1, 1, 0, 1, 0, 1
3.146252416666667, 0, 1, 1, 1, 0, 1, 0, 1
3.146252500000000, 1, 1, 1, 1, 0, 1, 0, 1
3.146252583333334, 0, 1, 1, 1, 0, 1, 0, 1
3.146252666666667, 1, 1, 1, 1, 0, 1, 0, 1
3.146252750000000, 0, 1, 1, 1, 0, 1, 0, 1
3.146252833333333, 1, 1, 1, 1, 0, 1, 0, 1
3.146252875000000, 0, 1, 1, 1, 0, 1, 0, 1
3.146252958333334, 1, 1, 1, 1, 0, 1, 0, 1
3.146253041666667, 0, 1, 1, 1, 1, 1, 0, 1
3.146253125000000, 1, 1, 1, 1, 1, 1, 0, 1
3.146253208333333, 0, 1, 1, 1, 0, 1, 0, 1
3.146253291666667, 1, 1, 1, 1, 0, 1, 0, 1
3.146253375000000, 0, 1, 1, 1, 0, 1, 0, 1
3.146253458333334, 1, 1, 1, 1, 0, 1, 0, 1
3.146253541666667, 0, 1, 1, 1, 0, 1, 0, 1
3.146255375000000, 0, 1, 1, 1, 1, 1, 1, 1
3.146256083333334, 0, 1, 1, 1, 0, 1, 0, 1
3.146256666666667, 0, 1, 1, 1, 1, 1, 0, 1
3.146257541666667, 1, 1, 1, 1, 1, 1, 0, 1
3.146257791666667, 0, 1, 1, 1, 0, 1, 0, 1
3.146258541666667, 0, 1, 1, 1, 1, 1, 0, 1
3.146259166666667, 1, 1, 1, 1, 1, 1, 0, 1
3.146259250000000, 0, 1, 1, 1, 1, 1, 0, 1
3.146259333333334, 1, 1, 1, 1, 1, 1, 0, 1
3.146259416666667, 0, 1, 1, 1, 1, 1, 0, 1
3.146259500000000, 1, 1, 1, 1, 1, 1, 0, 1
3.146259583333333, 0, 1, 1, 1, 1, 1, 0, 1
3.146259666666667, 1, 1, 1, 1, 1, 1, 0, 1
3.146259750000000, 0, 1, 1, 1, 1, 1, 0, 1
3.146259833333334, 1, 1, 1, 1, 1, 1, 0, 1
3.146259875000000, 0, 1, 1, 1, 0, 1, 0, 1
3.146259958333334, 1, 1, 1, 1, 0, 1, 0, 1
3.146260041666667, 0, 1, 1, 1, 0, 1, 0, 1
3.146260125000000, 1, 1, 1, 1, 0, 1, 0, 1
3.146260208333334, 0, 1, 1, 1, 0, 1, 0, 1
3.146260291666667, 1, 1, 1, 1, 0, 1, 0, 1
3.146260375000000, 0, 1, 1, 1, 0, 1, 0, 1
3.146262458333334, 0, 1, 1, 1, 1, 1, 1, 1
3.146263166666667, 0, 1, 1, 1, 1, 1, 0, 1
3.146263208333334, 0, 1, 1, 1, 0, 1, 0, 1
3.146263583333333, 0, 1, 1, 1, 1, 1, 0, 1
3.146264500000000, 1, 1, 1, 1, 1, 1, 0, 1
3.146264708333334, 0, 1, 1, 1, 1, 1, 0, 1
3.146265583333334, 0, 1, 1, 1, 0, 1, 0, 1
3.146266250000000, 1, 1, 1, 1, 0, 1, 0, 1
3.146266333333334, 0, 1, 1, 1, 0, 1, 0, 1
3.146266375000000, 1, 1, 1, 1, 0, 1, 0, 1
3.146266458333334, 0, 1, 1, 1, 0, 1, 0, 1
3.146266541666667, 1, 1, 1, 1, 0, 1, 0, 1
3.146266625000000, 0, 1, 1, 1, 0, 1, 0, 1
3.146266708333334, 1, 1, 1, 1, 0, 1, 0, 1
3.146266791666667, 0, 1, 1, 1, 0, 1, 0, 1
3.146266875000000, 1, 1, 1, 1, 0, 1, 0, 1
3.146266958333333, 0, 1, 1, 1, 0, 1, 0, 1
3.146267041666667, 1, 1, 1, 1, 0, 1, 0, 1
3.146267125000000, 0, 1, 1, 1, 0, 1, 0, 1
3.146267208333334, 1, 1, 1, 1, 0, 1, 0, 1
3.146267291666667, 0, 1, 1, 1, 0, 1, 0, 1
3.146267333333333, 1, 1, 1, 1, 0, 1, 0, 1
3.146267416666667, 0, 1, 1, 1, 0, 1, 0, 1
3.146267500000000, 1, 1, 1, 1, 0, 1, 0, 1
3.146267583333334, 0, 1, 1, 1, 0, 1, 0, 1
3.146267666666667, 1, 1, 1, 1, 0, 1, 0, 1
3.146267750000000, 0, 1, 1, 1, 1, 1, 0, 1
3.146267833333333, 1, 1, 1, 1, 1, 1, 0, 1
3.146267916666667, 0, 1, 1, 1, 0, 1, 0, 1
3.146268000000000, 1, 1, 1, 1, 0, 1, 0, 1
3.146268083333334, 0, 1, 1, 1, 0, 1, 0, 1
3.146268166666667, 1, 1, 1, 1, 0, 1, 0, 1
3.146268250000000, 0, 1, 1, 1, 0, 1, 0, 1
3.146268333333333, 1, 1, 1, 1, 0, 1, 0, 1
3.146268375000000, 0, 1, 1, 1, 0, 1, 0, 1
3.146268458333334, 1, 1, 1, 1, 0, 1, 0, 1
3.146268541666667, 0, 1, 1, 1, 1, 1, 0, 1
3.146268625000000, 1, 1, 1, 1, 1, 1, 0, 1
3.146268708333333, 0, 1, 1, 1, 0, 1, 0, 1
3.146270583333334, 0, 1, 1, 1, 1, 1, 1, 1
3.146271333333333, 0, 1, 1, 1, 0, 1, 0, 1
3.146271708333333, 0, 1, 1, 1, 1, 1, 0, 1
3.146272583333333, 1, 1, 1, 1, 1, 1, 0, 1
3.146272791666667, 0, 1, 1, 1, 0, 1, 0, 1
3.146274291666667, 1, 1, 1, 1, 0, 1, 0, 1
3.146274375000000, 0, 1, 1, 1, 0, 1, 0, 1
3.146274458333334, 1, 1, 1, 1, 0, 1, 0, 1
3.146274541666667, 0, 1, 1, 1, 0, 1, 0, 1
3.146274625000000, 1, 1, 1, 1, 0, 1, 0, 1
3.146274708333333, 0, 1, 1, 1, 0, 1, 0, 1
3.146274791666667, 1, 1, 1, 1, 0, 1, 0, 1
3.146274875000000, 0, 1, 1, 1, 0, 1, 0, 1
3.146274958333334, 1, 1, 1, 1, 0, 1, 0, 1
3.146275041666667, 0, 1, 1, 1, 0, 1, 0, 1
3.146275083333334, 1, 1, 1, 1, 0, 1, 0, 1
3.146275166666667, 0, 1, 1, 1, 0, 1, 0, 1
3.146275250000000, 1, 1, 1, 1, 0, 1, 0, 1
3.146275333333334, 0, 1, 1, 1, 0, 1, 0, 1
3.146275416666667, 1, 1, 1, 1, 0, 1, 0, 1
3.146275500000000, 0, 1, 1, 1, 0, 1, 0, 1
3.146275583333333, 1, 1, 1, 1, 0, 1, 0, 1
3.146275666666667, 0, 1, 1, 1, 0, 1, 0, 1
3.146275750000000, 1, 1, 1, 1, 0, 1, 0, 1
3.146275833333334, 0, 1, 1, 1, 0, 1, 0, 1
3.146275916666667, 1, 1, 1, 1, 0, 1, 0, 1
3.146276000000000, 0, 1, 1, 1, 0, 1, 0, 1
3.146276083333333, 1, 1, 1, 1, 0, 1, 0, 1
3.146276125000000, 0, 1, 1, 1, 0, 1, 0, 1
3.146276208333334, 1, 1, 1, 1, 0, 1, 0, 1
3.146276291666667, 0, 1, 1, 1, 1, 1, 0, 1
3.146276375000000, 1, 1, 1, 1, 1, 1, 0, 1
3.146276458333333, 0, 1, 1, 1, 0, 1, 0, 1
3.146276541666667, 1, 1, 1, 1, 0, 1, 0, 1
3.146276625000000, 0, 1, 1, 1, 0, 1, 0, 1
3.146276708333334, 1, 1, 1, 1, 0, 1, 0, 1
3.146276791666667, 0, 1, 1, 1, 0, 1, 0, 1
3.146278666666667, 0, 1, 1, 1, 1, 1, 1, 1
3.146279416666667, 0, 1, 1, 1, 0, 1, 0, 1
3.146279916666667, 0, 1, 1, 1, 1, 1, 0, 1
3.146280833333333, 1, 1, 1, 1, 1, 1, 0, 1
3.146281166666667, 0, 1, 1, 1, 0, 1, 0, 1
3.146282500000000, 1, 1, 1, 1, 0, 1, 0, 1
3.146282583333333, 0, 1, 1, 1, 0, 1, 0, 1
3.146282666666667, 1, 1, 1, 1, 0, 1, 0, 1
3.146282750000000, 0, 1, 1, 1, 1, 1, 0, 1
3.146282833333334, 1, 1, 1, 1, 1, 1, 0, 1
3.146282916666667, 0, 1, 1, 1, 1, 1, 0, 1
3.146283000000000, 1, 1, 1, 1, 1, 1, 0, 1
3.146283083333334, 0, 1, 1, 1, 1, 1, 0, 1
3.146283166666667, 1, 1, 1, 1, 1, 1, 0, 1
3.146283250000000, 0, 1, 1, 1, 0, 1, 0, 1
3.146283333333333, 1, 1, 1, 1, 0, 1, 0, 1
3.146283375000000, 0, 1, 1, 1, 1, 1, 0, 1
3.146283458333333, 1, 1, 1, 1, 1, 1, 0, 1
3.146283541666667, 0, 1, 1, 1, 0, 1, 0, 1
3.146283625000000, 1, 1, 1, 1, 0, 1, 0, 1
3.146283708333334, 0, 1, 1, 1, 0, 1, 0, 1
3.146285833333334, 0, 1, 1, 1, 1, 1, 1, 1
3.146286500000000, 0, 1, 1, 1, 0, 1, 0, 1
3.146286916666667, 0, 1, 1, 1, 1, 1, 0, 1
3.146287833333334, 1, 1, 1, 1, 1, 1, 0, 1
3.146288000000000, 0, 1, 1, 1, 0, 1, 0, 1
3.146289541666667, 1, 1, 1, 1, 0, 1, 0, 1
3.146289625000000, 0, 1, 1, 1, 0, 1, 0, 1
3.146289708333334, 1, 1, 1, 1, 0, 1, 0, 1
3.146289791666667, 0, 1, 1, 1, 0, 1, 0, 1
3.146289875000000, 1, 1, 1, 1, 0, 1, 0, 1
3.146289916666667, 0, 1, 1, 1, 0, 1, 0, 1
3.146290000000000, 1, 1, 1, 1, 0, 1, 0, 1
3.146290083333334, 0, 1, 1, 1, 0, 1, 0, 1
3.146290166666667, 1, 1, 1, 1, 0, 1, 0, 1
3.146290250000000, 0, 1, 1, 1, 0, 1, 0, 1
3.146290333333333, 1, 1, 1, 1, 0, 1, 0, 1
3.146290416666667, 0, 1, 1, 1, 0, 1, 0, 1
3.146290500000000, 1, 1, 1, 1, 0, 1, 0, 1
3.146290583333334, 0, 1, 1, 1, 0, 1, 0, 1
3.146290666666667, 1, 1, 1, 1, 0, 1, 0, 1
3.146290750000000, 0, 1, 1, 1, 0, 1, 0, 1
3.146290833333333, 1, 1, 1, 1, 0, 1, 0, 1
3.146290875000000, 0, 1, 1, 1, 1, 1, 0, 1
3.146290958333334, 1, 1, 1, 1, 1, 1, 0, 1
3.146291041666667, 0, 1, 1, 1, 0, 1, 0, 1
3.146291125000000, 1, 1, 1, 1, 0, 1, 0, 1
3.146291208333333, 0, 1, 1, 1, 1, 1, 0, 1
3.146291291666667, 1, 1, 1, 1, 1, 1, 0, 1
3.146291375000000, 0, 1, 1, 1, 0, 1, 0, 1
3.146291458333334, 1, 1, 1, 1, 0, 1, 0, 1
3.146291541666667, 0, 1, 1, 1, 1, 1, 0, 1
3.146291625000000, 1, 1, 1, 1, 1, 1, 0, 1
3.146291708333333, 0, 1, 1, 1, 0, 1, 0, 1
3.146291791666667, 1, 1, 1, 1, 0, 1, 0, 1
3.146291875000000, 0, 1, 1, 1, 1, 1, 0, 1
3.146291916666667, 1, 1, 1, 1, 1, 1, 0, 1
3.146292000000000, 0, 1, 1, 1, 0, 1, 0, 1
3.146294083333334, 0, 1, 1, 1, 1, 1, 1, 1
3.146294833333334, 0, 1, 1, 1, 0, 1, 0, 1
3.146295333333334, 0, 1, 1, 1, 1, 1, 0, 1
3.146296250000000, 1, 1, 1, 1, 1, 1, 0, 1
3.146296416666667, 0, 1, 1, 1, 0, 1, 0, 1
3.146297791666667, 1, 1, 1, 1, 0, 1, 0, 1
3.146297875000000, 0, 1, 1, 1, 0, 1, 0, 1
3.146297916666667, 1, 1, 1, 1, 0, 1, 0, 1
3.146298000000000, 0, 1, 1, 1, 1, 1, 0, 1
3.146298083333333, 1, 1, 1, 1, 1, 1, 0, 1
3.146298166666667, 0, 1, 1, 1, 1, 1, 0, 1
3.146298250000000, 1, 1, 1, 1, 1, 1, 0, 1
3.146298333333334, 0, 1, 1, 1, 0, 1, 0, 1
3.146298416666667, 1, 1, 1, 1, 0, 1, 0, 1
3.146298500000000, 0, 1, 1, 1, 1, 1, 0, 1
3.146298583333333, 1, 1, 1, 1, 1, 1, 0, 1
3.146298666666667, 0, 1, 1, 1, 1, 1, 0, 1
3.146298750000000, 1, 1, 1, 1, 1, 1, 0, 1
3.146298833333334, 0, 1, 1, 1, 0, 1, 0, 1
3.146298875000000, 1, 1, 1, 1, 0, 1, 0, 1
3.146298958333333, 0, 1, 1, 1, 0, 1, 0, 1
3.146301041666667, 0, 1, 1, 1, 1, 1, 1, 1
3.146301750000000, 0, 1, 1, 1, 0, 1, 0, 1
3.146302208333334, 0, 1, 1, 1, 1, 1, 0, 1
3.146303083333334, 1, 1, 1, 1, 1, 1, 0, 1
3.146303250000000, 0, 1, 1, 1, 0, 1, 0, 1
3.146304791666667, 1, 1, 1, 1, 0, 1, 0, 1
3.146304875000000, 0, 1, 1, 1, 0, 1, 0, 1
3.146304958333333, 1, 1, 1, 1, 0, 1, 0, 1
3.146305041666667, 0, 1, 1, 1, 0, 1, 0, 1
3.146305125000000, 1, 1, 1, 1, 0, 1, 0, 1
3.146305208333334, 0, 1, 1, 1, 0, 1, 0, 1
3.146305291666667, 1, 1, 1, 1, 0, 1, 0, 1
3.146305375000000, 0, 1, 1, 1, 0, 1, 0, 1
3.146305416666667, 1, 1, 1, 1, 0, 1, 0, 1
3.146305500000000, 0, 1, 1, 1, 0, 1, 0, 1
3.146305583333334, 1, 1, 1, 1, 0, 1, 0, 1
3.146305666666667, 0, 1, 1, 1, 0, 1, 0, 1
3.146305750000000, 1, 1, 1, 1, 0, 1, 0, 1
3.146305833333333, 0, 1, 1, 1, 0, 1, 0, 1
3.146305916666667, 1, 1, 1, 1, 0, 1, 0, 1
3.146306000000000, 0, 1, 1, 1, 0, 1, 0, 1
3.146306083333334, 1, 1, 1, 1, 0, 1, 0, 1
3.146306166666667, 0, 1, 1, 1, 0, 1, 0, 1
3.146306250000000, 1, 1, 1, 1, 0, 1, 0, 1
3.146306333333333, 0, 1, 1, 1, 1, 1, 0, 1
3.146306375000000, 1, 1, 1, 1, 1, 1, 0, 1
3.146306458333334, 0, 1, 1, 1, 0, 1, 0, 1
3.146306541666667, 1, 1, 1, 1, 0, 1, 0, 1
3.146306625000000, 0, 1, 1, 1, 1, 1, 0, 1
3.146306708333333, 1, 1, 1, 1, 1, 1, 0, 1
3.146306791666667, 0, 1, 1, 1, 0, 1, 0, 1
3.146306875000000, 1, 1, 1, 1, 0, 1, 0, 1
3.146306958333334, 0, 1, 1, 1, 0, 1, 0, 1
3.146307041666667, 1, 1, 1, 1, 0, 1, 0, 1
3.146307125000000, 0, 1, 1, 1, 0, 1, 0, 1
3.146307208333333, 1, 1, 1, 1, 0, 1, 0, 1
3.146307291666667, 0, 1, 1, 1, 0, 1, 0, 1
3.146309166666667, 0, 1, 1, 1, 1, 1, 1, 1
3.146310958333334, 1, 1, 1, 1, 1, 1, 1, 1
3.346619750000000, 1, 1, 1, 1, 1, 1, 0, 1
3.346621500000000, 0, 1, 1, 1, 0, 1, 0, 1
3.346623041666667, 1, 1, 1, 1, 0, 1, 0, 1
3.346623125000000, 0, 1, 1, 1, 0, 1, 0, 1
3.346623208333333, 1, 1, 1, 1, 0, 1, 0, 1
3.346623291666667, 0, 1, 1, 1, 0, 1, 0, 1
3.346623333333334, 1, 1, 1, 1, 0, 1, 0, 1
3.346623416666667, 0, 1, 1, 1, 1, 1, 0, 1
3.346623500000000, 1, 1, 1, 1, 1, 1, 0, 1
3.346623583333333, 0, 1, 1, 1, 0, 1, 0, 1
3.346623666666667, 1, 1, 1, 1, 0, 1, 0, 1
3.346623750000000, 0, 1, 1, 1, 0, 1, 0, 1
3.346623833333334, 1, 1, 1, 1, 0, 1, 0, 1
3.346623916666667, 0, 1, 1, 1, 0, 1, 0, 1
3.346624000000000, 1, 1, 1, 1, 0, 1, 0, 1
3.346624083333333, 0, 1, 1, 1, 1, 1, 0, 1
3.346624166666667, 1, 1, 1, 1, 1, 1, 0, 1
3.346624250000000, 0, 1, 1, 1, 0, 1, 0, 1
3.346626416666667, 0, 1, 1, 1, 1, 1, 1, 1
3.346628000000000, 1, 1, 1, 1, 1, 1, 1, 1
3.467626583333334, 1, 1, 1, 1, 1, 1, 0, 1
3.467628250000000, 0, 1, 1, 1, 0, 1, 0, 1
3.467629750000000, 1, 1, 1, 1, 0, 1, 0, 1
3.467629833333334, 0, 1, 1, 1, 0, 1, 0, 1
3.467629916666667, 1, 1, 1, 1, 0, 1, 0, 1
3.467630000000000, 0, 1, 1, 1, 1, 1, 0, 1
3.467630083333333, 1, 1, 1, 1, 1, 1, 0, 1
3.467630166666667, 0, 1, 1, 1, 0, 1, 0, 1
3.467630250000000, 1, 1, 1, 1, 0, 1, 0, 1
3.467630333333334, 0, 1, 1, 1, 1, 1, 0, 1
3.467630416666667, 1, 1, 1, 1, 1, 1, 0, 1
3.467630500000000, 0, 1, 1, 1, 0, 1, 0, 1
3.467630583333333, 1, 1, 1, 1, 0, 1, 0, 1
3.467630666666667, 0, 1, 1, 1, 0, 1, 0, 1
3.467630708333334, 1, 1, 1, 1, 0, 1, 0, 1
3.467630791666667, 0, 1, 1, 1, 1, 1, 0, 1
3.467630875000000, 1, 1, 1, 1, 1, 1, 0, 1
3.467630958333333, 0, 1, 1, 1, 0, 1, 0, 1
3.467633041666667, 0, 1, 1, 1, 1, 1, 1, 1
3.467633875000000, 0, 1, 1, 1, 0, 1, 0, 1
3.467634125000000, 0, 1, 1, 1, 1, 1, 0, 1
3.467635000000000, 1, 1, 1, 1, 1, 1, 0, 1
3.467635458333334, 0, 1, 1, 1, 0, 1, 0, 1
3.467636250000000, 0, 1, 1, 1, 1, 1, 0, 1
3.467636958333334, 1, 1, 1, 1, 1, 1, 0, 1
3.467637041666667, 0, 1, 1, 1, 1, 1, 0, 1
3.467637125000000, 1, 1, 1, 1, 1, 1, 0, 1
3.467637208333334, 0, 1, 1, 1, 0, 1, 0, 1
3.467637291666667, 1, 1, 1, 1, 0, 1, 0, 1
3.467637375000000, 0, 1, 1, 1, 1, 1, 0, 1
3.467637458333333, 1, 1, 1, 1, 1, 1, 0, 1
3.467637541666667, 0, 1, 1, 1, 0, 1, 0, 1
3.467637625000000, 1, 1, 1, 1, 0, 1, 0, 1
3.467637708333334, 0, 1, 1, 1, 0, 1, 0, 1
3.467637791666667, 1, 1, 1, 1, 0, 1, 0, 1
3.467637875000000, 0, 1, 1, 1, 1, 1, 0, 1
3.467637958333333, 1, 1, 1, 1, 1, 1, 0, 1
3.467638000000000, 0, 1, 1, 1, 1, 1, 0, 1
3.467638083333334, 1, 1, 1, 1, 1, 1, 0, 1
3.467638166666667, 0, 1, 1, 1, 0, 1, 0, 1
3.467641083333334, 0, 1, 1, 1, 1, 1, 0, 1
3.467642000000000, 1, 1, 1, 1, 1, 1, 0, 1
3.467642125000000, 0, 1, 1, 1, 1, 1, 0, 1
3.467642875000000, 0, 1, 1, 1, 0, 1, 0, 1
3.467643666666667, 1, 1, 1, 1, 0, 1, 0, 1
3.467643750000000, 0, 1, 1, 1, 0, 1, 0, 1
3.467643833333334, 1, 1, 1, 1, 0, 1, 0, 1
3.467643916666667, 0, 1, 1, 1, 0, 1, 0, 1
3.467643958333333, 1, 1, 1, 1, 0, 1, 0, 1
3.467644041666667, 0, 1, 1, 1, 0, 1, 0, 1
3.467644125000000, 1, 1, 1, 1, 0, 1, 0, 1
3.467644208333334, 0, 1, 1, 1, 0, 1, 0, 1
3.467644291666667, 1, 1, 1, 1, 0, 1, 0, 1
3.467644375000000, 0, 1, 1, 1, 0, 1, 0, 1
3.467644458333333, 1, 1, 1, 1, 0, 1, 0, 1
3.467644541666667, 0, 1, 1, 1, 0, 1, 0, 1
3.467644625000000, 1, 1, 1, 1, 0, 1, 0, 1
3.467644708333334, 0, 1, 1, 1, 0, 1, 0, 1
3.467644791666667, 1, 1, 1, 1, 0, 1, 0, 1
3.467644875000000, 0, 1, 1, 1, 0, 1, 0, 1
3.467644916666667, 1, 1, 1, 1, 0, 1, 0, 1
3.467645000000000, 0, 1, 1, 1, 0, 1, 0, 1
3.467645083333334, 1, 1, 1, 1, 0, 1, 0, 1
3.467645166666667, 0, 1, 1, 1, 0, 1, 0, 1
3.467645250000000, 1, 1, 1, 1, 0, 1, 0, 1
3.467645333333333, 0, 1, 1, 1, 0, 1, 0, 1
3.467645416666667, 1, 1, 1, 1, 0, 1, 0, 1
3.467645500000000, 0, 1, 1, 1, 0, 1, 0, 1
3.467645583333334, 1, 1, 1, 1, 0, 1, 0, 1
3.467645666666667, 0, 1, 1, 1, 0, 1, 0, 1
3.467645750000000, 1, 1, 1, 1, 0, 1, 0, 1
3.467645833333334, 0, 1, 1, 1, 0, 1, 0, 1
3.467645916666667, 1, 1, 1, 1, 0, 1, 0, 1
3.467645958333334, 0, 1, 1, 1, 0, 1, 0, 1
3.467646041666667, 1, 1, 1, 1, 0, 1, 0, 1
3.467646125000000, 0, 1, 1, 1, 0, 1, 0, 1
3.467646208333333, 1, 1, 1, 1, 0, 1, 0, 1
3.467646291666667, 0, 1, 1, 1, 0, 1, 0, 1
3.467646375000000, 1, 1, 1, 1, 0, 1, 0, 1
3.467646458333334, 0, 1, 1, 1, 0, 1, 0, 1
3.467646541666667, 1, 1, 1, 1, 0, 1, 0, 1
3.467646625000000, 0, 1, 1, 1, 0, 1, 0, 1
3.467646708333334, 1, 1, 1, 1, 0, 1, 0, 1
3.467646791666667, 0, 1, 1, 1, 0, 1, 0, 1
3.467646875000000, 1, 1, 1, 1, 0, 1, 0, 1
3.467646958333333, 0, 1, 1, 1, 0, 1, 0, 1
3.467647000000000, 1, 1, 1, 1, 0, 1, 0, 1
3.467647083333333, 0, 1, 1, 1, 0, 1, 0, 1
3.467647166666667, 1, 1, 1, 1, 0, 1, 0, 1
3.467647250000000, 0, 1, 1, 1, 0, 1, 0, 1
3.467647333333334, 1, 1, 1, 1, 0, 1, 0, 1
3.467647416666667, 0, 1, 1, 1, 0, 1, 0, 1
3.467647500000000, 1, 1, 1, 1, 0, 1, 0, 1
3.467647583333334, 0, 1, 1, 1, 0, 1, 0, 1
3.467647666666667, 1, 1, 1, 1, 0, 1, 0, 1
3.467647750000000, 0, 1, 1, 1, 0, 1, 0, 1
3.467647833333333, 1, 1, 1, 1, 0, 1, 0, 1
3.467647916666667, 0, 1, 1, 1, 0, 1, 0, 1
3.467647958333334, 1, 1, 1, 1, 0, 1, 0, 1
3.467648041666667, 0, 1, 1, 1, 0, 1, 0, 1
3.467648125000000, 1, 1, 1, 1, 0, 1, 0, 1
3.467648208333334, 0, 1, 1, 1, 0, 1, 0, 1
3.467648291666667, 1, 1, 1, 1, 0, 1, 0, 1
3.467648375000000, 0, 1, 1, 1, 0, 1, 0, 1
3.467648458333334, 1, 1, 1, 1, 0, 1, 0, 1
3.467648541666667, 0, 1, 1, 1, 0, 1, 0, 1
3.467648625000000, 1, 1, 1, 1, 0, 1, 0, 1
3.467648708333333, 0, 1, 1, 1, 0, 1, 0, 1
3.467651291666667, 0, 1, 1, 1, 1, 1, 1, 1
3.467652416666667, 0, 1, 1, 1, 0, 1, 0, 1
3.467652541666667, 0, 1, 1, 1, 1, 1, 0, 1
3.467653416666667, 1, 1, 1, 1, 1, 1, 0, 1
3.467654083333334, 0, 1, 1, 1, 0, 1, 0, 1
3.467655625000000, 1, 1, 1, 1, 0, 1, 0, 1
3.467655708333333, 0, 1, 1, 1, 0, 1, 0, 1
3.467655791666667, 1, 1, 1, 1, 0, 1, 0, 1
3.467655875000000, 0, 1, 1, 1, 1, 1, 0, 1
3.467655958333334, 1, 1, 1, 1, 1, 1, 0, 1
3.467656041666667, 0, 1, 1, 1, 0, 1, 0, 1
3.467656125000000, 1, 1, 1, 1, 0, 1, 0, 1
3.467656166666667, 1, 1, 1, 1, 1, 1, 0, 1
3.467656208333334, 0, 1, 1, 1, 1, 1, 0, 1
3.467656250000000, 1, 1, 1, 1, 1, 1, 0, 1
3.467656333333334, 0, 1, 1, 1, 0, 1, 0, 1
3.467656416666667, 1, 1, 1, 1, 0, 1, 0, 1
3.467656500000000, 0, 1, 1, 1, 1, 1, 0, 1
3.467656583333333, 1, 1, 1, 1, 1, 1, 0, 1
3.467656666666667, 0, 1, 1, 1, 0, 1, 0, 1
3.467656750000000, 1, 1, 1, 1, 0, 1, 0, 1
3.467656833333334, 0, 1, 1, 1, 0, 1, 0, 1
3.467659166666667, 0, 1, 1, 1, 1, 1, 1, 1
3.467660041666667, 0, 1, 1, 1, 0, 1, 0, 1
3.467660166666667, 0, 1, 1, 1, 1, 1, 0, 1
3.467661041666667, 1, 1, 1, 1, 1, 1, 0, 1
3.467661500000000, 0, 1, 1, 1, 0, 1, 0, 1
3.467663041666667, 1, 1, 1, 1, 0, 1, 0, 1
3.467663125000000, 0, 1, 1, 1, 0, 1, 0, 1
3.467663208333334, 1, 1, 1, 1, 0, 1, 0, 1
3.467663291666667, 0, 1, 1, 1, 0, 1, 0, 1
3.467663375000000, 1, 1, 1, 1, 0, 1, 0, 1
3.467663458333333, 0, 1, 1, 1, 0, 1, 0, 1
3.467663500000000, 1, 1, 1, 1, 0, 1, 0, 1
3.467663583333334, 0, 1, 1, 1, 0, 1, 0, 1
3.467663666666667, 1, 1, 1, 1, 0, 1, 0, 1
3.467663750000000, 0, 1, 1, 1, 0, 1, 0, 1
3.467663833333333, 1, 1, 1, 1, 0, 1, 0, 1
3.467663916666667, 0, 1, 1, 1, 0, 1, 0, 1
3.467664000000000, 1, 1, 1, 1, 0, 1, 0, 1
3.467664083333334, 0, 1, 1, 1, 0, 1, 0, 1
3.467664166666667, 1, 1, 1, 1, 0, 1, 0, 1
3.467664250000000, 0, 1, 1, 1, 0, 1, 0, 1
3.467664333333333, 1, 1, 1, 1, 0, 1, 0, 1
3.467664416666667, 0, 1, 1, 1, 0, 1, 0, 1
3.467664458333334, 1, 1, 1, 1, 0, 1, 0, 1
3.467664541666667, 0, 1, 1, 1, 0, 1, 0, 1
3.467664625000000, 1, 1, 1, 1, 0, 1, 0, 1
3.467664708333333, 0, 1, 1, 1, 0, 1, 0, 1
3.467664791666667, 1, 1, 1, 1, 0, 1, 0, 1
3.467664875000000, 0, 1, 1, 1, 0, 1, 0, 1
3.467664958333334, 1, 1, 1, 1, 0, 1, 0, 1
3.467665041666667, 0, 1, 1, 1, 0, 1, 0, 1
3.467665125000000, 1, 1, 1, 1, 0, 1, 0, 1
3.467665208333333, 0, 1, 1, 1, 0, 1, 0, 1
3.467665291666667, 1, 1, 1, 1, 0, 1, 0, 1
3.467665375000000, 0, 1, 1, 1, 0, 1, 0, 1
3.467665458333334, 1, 1, 1, 1, 0, 1, 0, 1
3.467665500000000, 0, 1, 1, 1, 0, 1, 0, 1
3.467667333333333, 0, 1, 1, 1, 1, 1, 1, 1
3.467668083333334, 0, 1, 1, 1, 0, 1, 0, 1
3.467668583333333, 0, 1, 1, 1, 1, 1, 0, 1
3.467669458333333, 1, 1, 1, 1, 1, 1, 0, 1
3.467669541666667, 0, 1, 1, 1, 0, 1, 0, 1
3.467671083333334, 1, 1, 1, 1, 0, 1, 0, 1
3.467671166666667, 0, 1, 1, 1, 0, 1, 0, 1
3.467671250000000, 1, 1, 1, 1, 0, 1, 0, 1
3.467671291666667, 0, 1, 1, 1, 0, 1, 0, 1
3.467671375000000, 1, 1, 1, 1, 0, 1, 0, 1
3.467671458333334, 0, 1, 1, 1, 0, 1, 0, 1
3.467671541666667, 1, 1, 1, 1, 0, 1, 0, 1
3.467671625000000, 0, 1, 1, 1, 0, 1, 0, 1
3.467671708333333, 1, 1, 1, 1, 0, 1, 0, 1
3.467671791666667, 0, 1, 1, 1, 0, 1, 0, 1
3.467671875000000, 1, 1, 1, 1, 0, 1, 0, 1
3.467671958333334, 0, 1, 1, 1, 0, 1, 0, 1
3.467672041666667, 1, 1, 1, 1, 0, 1, 0, 1
3.467672125000000, 0, 1, 1, 1, 0, 1, 0, 1
3.467672208333334, 1, 1, 1, 1, 0, 1, 0, 1
3.467672291666667, 0, 1, 1, 1, 0, 1, 0, 1
3.467672333333334, 1, 1, 1, 1, 0, 1, 0, 1
3.467672416666667, 0, 1, 1, 1, 0, 1, 0, 1
3.467672500000000, 1, 1, 1, 1, 0, 1, 0, 1
3.467672583333334, 0, 1, 1, 1, 0, 1, 0, 1
3.467672666666667, 1, 1, 1, 1, 0, 1, 0, 1
3.467672750000000, 0, 1, 1, 1, 0, 1, 0, 1
3.467672833333334, 1, 1, 1, 1, 0, 1, 0, 1
3.467672916666667, 0, 1, 1, 1, 0, 1, 0, 1
3.467673000000000, 1, 1, 1, 1, 0, 1, 0, 1
3.467673083333334, 0, 1, 1, 1, 0, 1, 0, 1
3.467673166666667, 1, 1, 1, 1, 0, 1, 0, 1
3.467673250000000, 0, 1, 1, 1, 0, 1, 0, 1
3.467673291666667, 1, 1, 1, 1, 0, 1, 0, 1
3.467673375000000, 0, 1, 1, 1, 0, 1, 0, 1
3.467673458333334, 1, 1, 1, 1, 0, 1, 0, 1
3.467673541666667, 0, 1, 1, 1, 0, 1, 0, 1
3.467675208333334, 0, 1, 1, 1, 1, 1, 1, 1
3.467675875000000, 0, 1, 1, 1, 0, 1, 0, 1
3.467676458333333, 0, 1, 1, 1, 1, 1, 0, 1
3.467677333333334, 0, 1, 1, 1, 0, 1, 0, 1
3.467678833333334, 1, 1, 1, 1, 0, 1, 0, 1
3.467678916666667, 0, 1, 1, 1, 0, 1, 0, 1
3.467679000000000, 1, 1, 1, 1, 0, 1, 0, 1
3.467679083333334, 0, 1, 1, 1, 0, 1, 0, 1
3.467679166666667, 1, 1, 1, 1, 0, 1, 0, 1
3.467679250000000, 0, 1, 1, 1, 0, 1, 0, 1
3.467679333333333, 1, 1, 1, 1, 0, 1, 0, 1
3.467679416666667, 0, 1, 1, 1, 0, 1, 0, 1
3.467679500000000, 1, 1, 1, 1, 0, 1, 0, 1
3.467679583333334, 0, 1, 1, 1, 0, 1, 0, 1
3.467679666666667, 1, 1, 1, 1, 0, 1, 0, 1
3.467679750000000, 0, 1, 1, 1, 0, 1, 0, 1
3.467679791666667, 1, 1, 1, 1, 0, 1, 0, 1
3.467679875000000, 0, 1, 1, 1, 0, 1, 0, 1
3.467679958333334, 1, 1, 1, 1, 0, 1, 0, 1
3.467680041666667, 0, 1, 1, 1, 0, 1, 0, 1
3.467680125000000, 1, 1, 1, 1, 0, 1, 0, 1
3.467680208333333, 0, 1, 1, 1, 0, 1, 0, 1
3.467680291666667, 1, 1, 1, 1, 0, 1, 0, 1
3.467680375000000, 0, 1, 1, 1, 0, 1, 0, 1
3.467680458333334, 1, 1, 1, 1, 0, 1, 0, 1
3.467680541666667, 0, 1, 1, 1, 0, 1, 0, 1
3.467680625000000, 1, 1, 1, 1, 0, 1, 0, 1
3.467680708333333, 0, 1, 1, 1, 0, 1, 0, 1
3.467680750000000, 1, 1, 1, 1, 0, 1, 0, 1
3.467680833333334, 0, 1, 1, 1, 0, 1, 0, 1
3.467680916666667, 1, 1, 1, 1, 0, 1, 0, 1
3.467681000000000, 0, 1, 1, 1, 0, 1, 0, 1
3.467681083333333, 1, 1, 1, 1, 0, 1, 0, 1
3.467681166666667, 0, 1, 1, 1, 1, 1, 0, 1
3.467681250000000, 1, 1, 1, 1, 1, 1, 0, 1
3.467681333333334, 0, 1, 1, 1, 0, 1, 0, 1
3.467682958333334, 0, 1, 1, 1, 1, 1, 1, 1
3.467683666666667, 0, 1, 1, 1, 0, 1, 0, 1
3.467684208333333, 0, 1, 1, 1, 1, 1, 0, 1
3.467685041666667, 1, 1, 1, 1, 1, 1, 0, 1
3.467685125000000, 0, 1, 1, 1, 0, 1, 0, 1
3.467686666666667, 1, 1, 1, 1, 0, 1, 0, 1
3.467686750000000, 0, 1, 1, 1, 0, 1, 0, 1
3.467686833333333, 1, 1, 1, 1, 0, 1, 0, 1
3.467686916666667, 0, 1, 1, 1, 0, 1, 0, 1
3.467686958333334, 1, 1, 1, 1, 0, 1, 0, 1
3.467687041666667, 0, 1, 1, 1, 0, 1, 0, 1
3.467687125000000, 1, 1, 1, 1, 0, 1, 0, 1
3.467687208333333, 0, 1, 1, 1, 0, 1, 0, 1
3.467687291666667, 1, 1, 1, 1, 0, 1, 0, 1
3.467687375000000, 0, 1, 1, 1, 0, 1, 0, 1
3.467687458333334, 1, 1, 1, 1, 0, 1, 0, 1
3.467687541666667, 0, 1, 1, 1, 0, 1, 0, 1
3.467687625000000, 1, 1, 1, 1, 0, 1, 0, 1
3.467687708333334, 0, 1, 1, 1, 0, 1, 0, 1
3.467687791666667, 1, 1, 1, 1, 0, 1, 0, 1
3.467687875000000, 0, 1, 1, 1, 1, 1, 0, 1
3.467687958333334, 1, 1, 1, 1, 1, 1, 0, 1
3.467688000000000, 0, 1, 1, 1, 1, 1, 0, 1
3.467688083333333, 1, 1, 1, 1, 1, 1, 0, 1
3.467688166666667, 0, 1, 1, 1, 0, 1, 0, 1
3.467688250000000, 1, 1, 1, 1, 0, 1, 0, 1
3.467688333333334, 0, 1, 1, 1, 1, 1, 0, 1
3.467688416666667, 1, 1, 1, 1, 1, 1, 0, 1
3.467688500000000, 0, 1, 1, 1, 1, 1, 0, 1
3.467688583333334, 1, 1, 1, 1, 1, 1, 0, 1
3.467688666666667, 0, 1, 1, 1, 1, 1, 0, 1
3.467688750000000, 1, 1, 1, 1, 1, 1, 0, 1
3.467688833333333, 0, 1, 1, 1, 1, 1, 0, 1
3.467688916666667, 1, 1, 1, 1, 1, 1, 0, 1
3.467689000000000, 0, 1, 1, 1, 1, 1, 0, 1
3.467689041666667, 1, 1, 1, 1, 1, 1, 0, 1
3.467689125000000, 0, 1, 1, 1, 0, 1, 0, 1
3.467690791666667, 0, 1, 1, 1, 1, 1, 1, 1
3.467691458333333, 0, 1, 1, 1, 0, 1, 0, 1
3.467692000000000, 0, 1, 1, 1, 1, 1, 0, 1
3.467692875000000, 1, 1, 1, 1, 1, 1, 0, 1
3.467692958333334, 0, 1, 1, 1, 0, 1, 0, 1
3.467694333333334, 1, 1, 1, 1, 0, 1, 0, 1
3.467694416666667, 0, 1, 1, 1, 0, 1, 0, 1
3.467694500000000, 1, 1, 1, 1, 0, 1, 0, 1
3.467694583333333, 0, 1, 1, 1, 1, 1, 0, 1
3.467694666666667, 1, 1, 1, 1, 1, 1, 0, 1
3.467694750000000, 0, 1, 1, 1, 0, 1, 0, 1
3.467694833333334, 1, 1, 1, 1, 0, 1, 0, 1
3.467694916666667, 0, 1, 1, 1, 1, 1, 0, 1
3.467695000000000, 1, 1, 1, 1, 1, 1, 0, 1
3.467695041666667, 1, 1, 1, 1, 0, 1, 0, 1
3.467695083333334, 0, 1, 1, 1, 0, 1, 0, 1
3.467695125000000, 1, 1, 1, 1, 0, 1, 0, 1
3.467695208333334, 0, 1, 1, 1, 1, 1, 0, 1
3.467695291666667, 1, 1, 1, 1, 1, 1, 0, 1
3.467695375000000, 0, 1, 1, 1, 1, 1, 0, 1
3.467695458333333, 1, 1, 1, 1, 1, 1, 0, 1
3.467695541666667, 0, 1, 1, 1, 1, 1, 0, 1
3.467697541666667, 0, 1, 1, 1, 1, 1, 1, 1
3.467698333333333, 0, 1, 1, 1, 1, 1, 0, 1
3.467699833333334, 0, 1, 1, 1, 0, 1, 0, 1
3.467701375000000, 1, 1, 1, 1, 0, 1, 0, 1
3.467701458333333, 0, 1, 1, 1, 0, 1, 0, 1
3.467701541666667, 1, 1, 1, 1, 0, 1, 0, 1
3.467701625000000, 0, 1, 1, 1, 0, 1, 0, 1
3.467701708333334, 1, 1, 1, 1, 0, 1, 0, 1
3.467701791666667, 0, 1, 1, 1, 0, 1, 0, 1
3.467701833333333, 1, 1, 1, 1, 0, 1, 0, 1
3.467701916666667, 0, 1, 1, 1, 0, 1, 0, 1
3.467702000000000, 1, 1, 1, 1, 0, 1, 0, 1
3.467702083333334, 0, 1, 1, 1, 0, 1, 0, 1
3.467702166666667, 1, 1, 1, 1, 0, 1, 0, 1
3.467702250000000, 0, 1, 1, 1, 0, 1, 0, 1
3.467702333333333, 1, 1, 1, 1, 0, 1, 0, 1
3.467702416666667, 0, 1, 1, 1, 0, 1, 0, 1
3.467702500000000, 1, 1, 1, 1, 0, 1, 0, 1
3.467702583333334, 0, 1, 1, 1, 0, 1, 0, 1
3.467702666666667, 1, 1, 1, 1, 0, 1, 0, 1
3.467702750000000, 0, 1, 1, 1, 0, 1, 0, 1
3.467702791666667, 1, 1, 1, 1, 0, 1, 0, 1
3.467702875000000, 0, 1, 1, 1, 0, 1, 0, 1
3.467702958333334, 1, 1, 1, 1, 0, 1, 0, 1
3.467703041666667, 0, 1, 1, 1, 0, 1, 0, 1
3.467703125000000, 1, 1, 1, 1, 0, 1, 0, 1
3.467703208333333, 0, 1, 1, 1, 0, 1, 0, 1
3.467703291666667, 1, 1, 1, 1, 0, 1, 0, 1
3.467703375000000, 0, 1, 1, 1, 0, 1, 0, 1
3.467703458333334, 1, 1, 1, 1, 0, 1, 0, 1
3.467703541666667, 0, 1, 1, 1, 0, 1, 0, 1
3.467703625000000, 1, 1, 1, 1, 0, 1, 0, 1
3.467703708333334, 0, 1, 1, 1, 0, 1, 0, 1
3.467703750000000, 1, 1, 1, 1, 0, 1, 0, 1
3.467703833333334, 0, 1, 1, 1, 0, 1, 0, 1
3.467705958333334, 0, 1, 1, 1, 1, 1, 1, 1
3.467706791666667, 0, 1, 1, 1, 0, 1, 0, 1
3.467707208333334, 0, 1, 1, 1, 1, 1, 0, 1
3.467708125000000, 1, 1, 1, 1, 1, 1, 0, 1
3.467708291666667, 0, 1, 1, 1, 1, 1, 0, 1
3.467708333333333, 0, 1, 1, 1, 0, 1, 0, 1
3.467709833333334, 1, 1, 1, 1, 0, 1, 0, 1
3.467709916666667, 0, 1, 1, 1, 0, 1, 0, 1
3.467710000000000, 1, 1, 1, 1, 0, 1, 0, 1
3.467710083333333, 0, 1, 1, 1, 0, 1, 0, 1
3.467710166666667, 1, 1, 1, 1, 0, 1, 0, 1
3.467710250000000, 0, 1, 1, 1, 0, 1, 0, 1
3.467710333333334, 1, 1, 1, 1, 0, 1, 0, 1
3.467710416666667, 0, 1, 1, 1, 0, 1, 0, 1
3.467710500000000, 1, 1, 1, 1, 0, 1, 0, 1
3.467710583333333, 0, 1, 1, 1, 0, 1, 0, 1
3.467710625000000, 1, 1, 1, 1, 0, 1, 0, 1
3.467710708333334, 0, 1, 1, 1, 0, 1, 0, 1
3.467710791666667, 1, 1, 1, 1, 0, 1, 0, 1
3.467710875000000, 0, 1, 1, 1, 0, 1, 0, 1
3.467710958333333, 1, 1, 1, 1, 0, 1, 0, 1
3.467711041666667, 0, 1, 1, 1, 0, 1, 0, 1
3.467711125000000, 1, 1, 1, 1, 0, 1, 0, 1
3.467711208333334, 0, 1, 1, 1, 0, 1, 0, 1
3.467711291666667, 1, 1, 1, 1, 0, 1, 0, 1
3.467711375000000, 0, 1, 1, 1, 0, 1, 0, 1
3.467711458333333, 1, 1, 1, 1, 0, 1, 0, 1
3.467711541666667, 0, 1, 1, 1, 0, 1, 0, 1
3.467711583333334, 1, 1, 1, 1, 0, 1, 0, 1
3.467711666666667, 0, 1, 1, 1, 0, 1, 0, 1
3.467711750000000, 1, 1, 1, 1, 0, 1, 0, 1
3.467711833333333, 0, 1, 1, 1, 0, 1, 0, 1
3.467711916666667, 1, 1, 1, 1, 0, 1, 0, 1
3.467712000000000, 0, 1, 1, 1, 0, 1, 0, 1
3.467712083333334, 1, 1, 1, 1, 0, 1, 0, 1
3.467712166666667, 0, 1, 1, 1, 0, 1, 0, 1
3.467712250000000, 1, 1, 1, 1, 0, 1, 0, 1
3.467712333333334, 0, 1, 1, 1, 0, 1, 0, 1
3.467714375000000, 0, 1, 1, 1, 1, 1, 1, 1
3.467715041666667, 0, 1, 1, 1, 0, 1, 0, 1
3.467715666666667, 0, 1, 1, 1, 1, 1, 0, 1
3.467716500000000, 0, 1, 1, 1, 0, 1, 0, 1
3.467718041666667, 1, 1, 1, 1, 0, 1, 0, 1
3.467718125000000, 0, 1, 1, 1, 0, 1, 0, 1
3.467718208333333, 1, 1, 1, 1, 0, 1, 0, 1
3.467718291666667, 0, 1, 1, 1, 0, 1, 0, 1
3.467718375000000, 1, 1, 1, 1, 0, 1, 0, 1
3.467718458333334, 0, 1, 1, 1, 0, 1, 0, 1
3.467718541666667, 1, 1, 1, 1, 0, 1, 0, 1
3.467718583333334, 0, 1, 1, 1, 0, 1, 0, 1
3.467718666666667, 1, 1, 1, 1, 0, 1, 0, 1
3.467718750000000, 0, 1, 1, 1, 0, 1, 0, 1
3.467718833333334, 1, 1, 1, 1, 0, 1, 0, 1
3.467718916666667, 0, 1, 1, 1, 0, 1, 0, 1
3.467719000000000, 1, 1, 1, 1, 0, 1, 0, 1
3.467719083333333, 0, 1, 1, 1, 0, 1, 0, 1
3.467719166666667, 1, 1, 1, 1, 0, 1, 0, 1
3.467719250000000, 0, 1, 1, 1, 0, 1, 0, 1
3.467719333333334, 1, 1, 1, 1, 0, 1, 0, 1
3.467719416666667, 0, 1, 1, 1, 0, 1, 0, 1
3.467719500000000, 1, 1, 1, 1, 0, 1, 0, 1
3.467719541666667, 0, 1, 1, 1, 0, 1, 0, 1
3.467719625000000, 1, 1, 1, 1, 0, 1, 0, 1
3.467719708333334, 0, 1, 1, 1, 0, 1, 0, 1
3.467719791666667, 1, 1, 1, 1, 0, 1, 0, 1
3.467719875000000, 0, 1, 1, 1, 0, 1, 0, 1
3.467719958333333, 1, 1, 1, 1, 0, 1, 0, 1
3.467720041666667, 0, 1, 1, 1, 0, 1, 0, 1
3.467720125000000, 1, 1, 1, 1, 0, 1, 0, 1
3.467720208333334, 0, 1, 1, 1, 0, 1, 0, 1
3.467720291666667, 1, 1, 1, 1, 0, 1, 0, 1
3.467720375000000, 0, 1, 1, 1, 1, 1, 0, 1
3.467720458333333, 1, 1, 1, 1, 1, 1, 0, 1
3.467720541666667, 0, 1, 1, 1, 0, 1, 0, 1
3.467722166666667, 0, 1, 1, 1, 0, 1, 1, 1
3.467722208333333, 0, 1, 1, 1, 1, 1, 1, 1
3.467722875000000, 0, 1, 1, 1, 0, 1, 0, 1
3.467723416666667, 0, 1, 1, 1, 1, 1, 0, 1
3.467724291666667, 1, 1, 1, 1, 1, 1, 0, 1
3.467724333333333, 0, 1, 1, 1, 0, 1, 0, 1
3.467725875000000, 1, 1, 1, 1, 0, 1, 0, 1
3.467725958333334, 0, 1, 1, 1, 0, 1, 0, 1
3.467726041666667, 1, 1, 1, 1, 0, 1, 0, 1
3.467726125000000, 0, 1, 1, 1, 0, 1, 0, 1
3.467726208333334, 1, 1, 1, 1, 0, 1, 0, 1
3.467726291666667, 0, 1, 1, 1, 0, 1, 0, 1
3.467726333333334, 1, 1, 1, 1, 0, 1, 0, 1
3.467726416666667, 0, 1, 1, 1, 0, 1, 0, 1
3.467726500000000, 1, 1, 1, 1, 0, 1, 0, 1
3.467726583333334, 0, 1, 1, 1, 0, 1, 0, 1
3.467726666666667, 1, 1, 1, 1, 0, 1, 0, 1
3.467726750000000, 0, 1, 1, 1, 0, 1, 0, 1
3.467726833333334, 1, 1, 1, 1, 0, 1, 0, 1
3.467726916666667, 0, 1, 1, 1, 0, 1, 0, 1
3.467727000000000, 1, 1, 1, 1, 0, 1, 0, 1
3.467727083333334, 0, 1, 1, 1, 0, 1, 0, 1
3.467727166666667, 1, 1, 1, 1, 0, 1, 0, 1
3.467727250000000, 0, 1, 1, 1, 0, 1, 0, 1
3.467727291666667, 1, 1, 1, 1, 0, 1, 0, 1
3.467727375000000, 0, 1, 1, 1, 1, 1, 0, 1
3.467727458333334, 1, 1, 1, 1, 1, 1, 0, 1
3.467727541666667, 0, 1, 1, 1, 1, 1, 0, 1
3.467727625000000, 1, 1, 1, 1, 1, 1, 0, 1
3.467727708333333, 0, 1, 1, 1, 1, 1, 0, 1
3.467727791666667, 1, 1, 1, 1, 1, 1, 0, 1
3.467727875000000, 0, 1, 1, 1, 1, 1, 0, 1
3.467727958333334, 1, 1, 1, 1, 1, 1, 0, 1
3.467728041666667, 0, 1, 1, 1, 1, 1, 0, 1
3.467728125000000, 1, 1, 1, 1, 1, 1, 0, 1
3.467728208333333, 0, 1, 1, 1, 1, 1, 0, 1
3.467728291666667, 1, 1, 1, 1, 1, 1, 0, 1
3.467728333333334, 1, 1, 1, 1, 0, 1, 0, 1
3.467728375000000, 0, 1, 1, 1, 0, 1, 0, 1
3.467730416666667, 0, 1, 1, 1, 1, 1, 1, 1
3.467731041666667, 0, 1, 1, 1, 0, 1, 0, 1
3.467731666666667, 0, 1, 1, 1, 1, 1, 0, 1
3.467732541666667, 1, 1, 1, 1, 1, 1, 0, 1
3.467732583333333, 0, 1, 1, 1, 0, 1, 0, 1
3.467733958333334, 1, 1, 1, 1, 0, 1, 0, 1
3.467734041666667, 0, 1, 1, 1, 0, 1, 0, 1
3.467734125000000, 1, 1, 1, 1, 0, 1, 0, 1
3.467734208333333, 0, 1, 1, 1, 1, 1, 0, 1
3.467734291666667, 1, 1, 1, 1, 1, 1, 0, 1
3.467734375000000, 0, 1, 1, 1, 0, 1, 0, 1
3.467734458333334, 1, 1, 1, 1, 0, 1, 0, 1
3.467734541666667, 0, 1, 1, 1, 1, 1, 0, 1
3.467734583333334, 1, 1, 1, 1, 1, 1, 0, 1
3.467734666666667, 0, 1, 1, 1, 1, 1, 0, 1
3.467734750000000, 1, 1, 1, 1, 1, 1, 0, 1
3.467734833333334, 0, 1, 1, 1, 0, 1, 0, 1
3.467734916666667, 1, 1, 1, 1, 0, 1, 0, 1
3.467735000000000, 0, 1, 1, 1, 0, 1, 0, 1
3.467735083333333, 1, 1, 1, 1, 0, 1, 0, 1
3.467735166666667, 0, 1, 1, 1, 0, 1, 0, 1
3.467737208333334, 0, 1, 1, 1, 1, 1, 1, 1
3.467738000000000, 0, 1, 1, 1, 0, 1, 0, 1
3.467738333333334, 0, 1, 1, 1, 1, 1, 0, 1
3.467739208333334, 1, 1, 1, 1, 1, 1, 0, 1
3.467739791666667, 0, 1, 1, 1, 0, 1, 0, 1
3.467740541666667, 0, 1, 1, 1, 1, 1, 0, 1
3.467741291666667, 1, 1, 1, 1, 1, 1, 0, 1
3.467741375000000, 0, 1, 1, 1, 1, 1, 0, 1
3.467741458333334, 1, 1, 1, 1, 1, 1, 0, 1
3.467741541666667, 0, 1, 1, 1, 1, 1, 0, 1
3.467741625000000, 1, 1, 1, 1, 1, 1, 0, 1
3.467741708333334, 0, 1, 1, 1, 1, 1, 0, 1
3.467741791666667, 1, 1, 1, 1, 1, 1, 0, 1
3.467741875000000, 0, 1, 1, 1, 1, 1, 0, 1
3.467741958333334, 1, 1, 1, 1, 1, 1, 0, 1
3.467742041666667, 0, 1, 1, 1, 0, 1, 0, 1
3.467742083333333, 1, 1, 1, 1, 0, 1, 0, 1
3.467742166666667, 0, 1, 1, 1, 0, 1, 0, 1
3.467742250000000, 1, 1, 1, 1, 0, 1, 0, 1
3.467742333333334, 0, 1, 1, 1, 0, 1, 0, 1
3.467742416666667, 1, 1, 1, 1, 0, 1, 0, 1
3.467742500000000, 0, 1, 1, 1, 0, 1, 0, 1
