Time[s], Channel 0, Channel 1, Channel 2, Channel 3, Channel 4, Channel 5, Channel 6, Channel 7
1.215955166666667, 1, 1, 1, 1, 0, 1, 0, 1
1.215955208333333, 0, 1, 1, 1, 0, 1, 0, 1
1.215955291666667, 1, 1, 1, 1, 0, 1, 0, 1
1.215955333333333, 0, 1, 1, 1, 1, 1, 0, 1
1.215955416666667, 1, 1, 1, 1, 1, 1, 0, 1
1.215955458333333, 0, 1, 1, 1, 0, 1, 0, 1
1.215955541666667, 1, 1, 1, 1, 0, 1, 0, 1
1.215955583333333, 0, 1, 1, 1, 1, 1, 0, 1
1.215955666666667, 1, 1, 1, 1, 1, 1, 0, 1
1.215955708333333, 0, 1, 1, 1, 0, 1, 0, 1
1.215955791666667, 1, 1, 1, 1, 0, 1, 0, 1
1.215955833333333, 0, 1, 1, 1, 1, 1, 0, 1
1.215955916666667, 1, 1, 1, 1, 1, 1, 0, 1
1.215955958333333, 0, 1, 1, 1, 0, 1, 0, 1
1.215956041666667, 1, 1, 1, 1, 0, 1, 0, 1
1.215956083333333, 0, 1, 1, 1, 1, 1, 0, 1
1.215961125000000, 0, 1, 1, 1, 1, 1, 1, 1
1.215969916666667, 0, 1, 1, 1, 1, 1, 0, 1
1.215970583333333, 0, 1, 1, 1, 0, 1, 0, 1
1.215970666666667, 1, 1, 1, 1, 0, 1, 0, 1
1.215970708333333, 0, 1, 1, 1, 0, 1, 0, 1
1.215970791666667, 1, 1, 1, 1, 0, 1, 0, 1
1.215970833333333, 0, 1, 1, 1, 0, 1, 0, 1
1.215970916666667, 1, 1, 1, 1, 0, 1, 0, 1
1.215970958333333, 0, 1, 1, 1, 0, 1, 0, 1
1.215971041666667, 1, 1, 1, 1, 0, 1, 0, 1
1.215971083333333, 0, 1, 1, 1, 0, 1, 0, 1
1.215971166666667, 1, 1, 1, 1, 0, 1, 0, 1
1.215971208333333, 0, 1, 1, 1, 0, 1, 0, 1
1.215971291666667, 1, 1, 1, 1, 0, 1, 0, 1
1.215971333333334, 0, 1, 1, 1, 0, 1, 0, 1
1.215971416666667, 1, 1, 1, 1, 0, 1, 0, 1
1.215971458333333, 0, 1, 1, 1, 0, 1, 0, 1
1.215971541666667, 1, 1, 1, 1, 0, 1, 0, 1
1.215971583333333, 0, 1, 1, 1, 1, 1, 0, 1
1.215972541666667, 0, 1, 1, 1, 0, 1, 0, 1
1.215972583333333, 1, 1, 1, 1, 0, 1, 0, 1
1.215972666666667, 0, 1, 1, 1, 0, 1, 0, 1
1.215972708333333, 1, 1, 1, 1, 0, 1, 0, 1
1.215972791666667, 0, 1, 1, 1, 0, 1, 0, 1
1.215972833333334, 1, 1, 1, 1, 0, 1, 0, 1
1.215972916666667, 0, 1, 1, 1, 0, 1, 0, 1
1.215972958333333, 1, 1, 1, 1, 0, 1, 0, 1
1.215973041666667, 0, 1, 1, 1, 0, 1, 0, 1
1.215973083333333, 1, 1, 1, 1, 0, 1, 0, 1
1.215973166666667, 0, 1, 1, 1, 0, 1, 0, 1
1.215973208333333, 1, 1, 1, 1, 0, 1, 0, 1
1.215973291666667, 0, 1, 1, 1, 0, 1, 0, 1
1.215973333333333, 1, 1, 1, 1, 0, 1, 0, 1
1.215973416666667, 0, 1, 1, 1, 0, 1, 0, 1
1.215973458333333, 1, 1, 1, 1, 0, 1, 0, 1
1.215973541666667, 0, 1, 1, 1, 1, 1, 0, 1
1.215978583333333, 0, 1, 1, 1, 1, 1, 1, 1
1.215987333333333, 0, 1, 1, 1, 1, 1, 0, 1
1.215988041666667, 0, 1, 1, 1, 0, 1, 0, 1
1.215988083333333, 1, 1, 1, 1, 0, 1, 0, 1
1.215988166666667, 0, 1, 1, 1, 0, 1, 0, 1
1.215988208333333, 1, 1, 1, 1, 0, 1, 0, 1
1.215988291666667, 0, 1, 1, 1, 0, 1, 0, 1
1.215988333333333, 1, 1, 1, 1, 0, 1, 0, 1
1.215988416666667, 0, 1, 1, 1, 0, 1, 0, 1
1.215988458333333, 1, 1, 1, 1, 0, 1, 0, 1
1.215988541666667, 0, 1, 1, 1, 0, 1, 0, 1
1.215988583333333, 1, 1, 1, 1, 0, 1, 0, 1
1.215988666666667, 0, 1, 1, 1, 0, 1, 0, 1
1.215988708333333, 1, 1, 1, 1, 0, 1, 0, 1
1.215988791666667, 0, 1, 1, 1, 0, 1, 0, 1
1.215988833333333, 1, 1, 1, 1, 0, 1, 0, 1
1.215988916666667, 0, 1, 1, 1, 0, 1, 0, 1
1.215988958333333, 1, 1, 1, 1, 0, 1, 0, 1
1.215989041666667, 0, 1, 1, 1, 1, 1, 0, 1
1.215989958333333, 0, 1, 1, 1, 0, 1, 0, 1
1.215990041666667, 1, 1, 1, 1, 0, 1, 0, 1
1.215990083333333, 0, 1, 1, 1, 0, 1, 0, 1
1.215990166666667, 1, 1, 1, 1, 0, 1, 0, 1
1.215990208333333, 0, 1, 1, 1, 0, 1, 0, 1
1.215990291666667, 1, 1, 1, 1, 0, 1, 0, 1
1.215990333333334, 0, 1, 1, 1, 0, 1, 0, 1
1.215990416666667, 1, 1, 1, 1, 0, 1, 0, 1
1.215990458333333, 0, 1, 1, 1, 0, 1, 0, 1
1.215990541666667, 1, 1, 1, 1, 0, 1, 0, 1
1.215990583333333, 0, 1, 1, 1, 0, 1, 0, 1
1.215990666666667, 1, 1, 1, 1, 0, 1, 0, 1
1.215990708333333, 0, 1, 1, 1, 0, 1, 0, 1
1.215990791666667, 1, 1, 1, 1, 0, 1, 0, 1
1.215990833333333, 0, 1, 1, 1, 0, 1, 0, 1
1.215990916666667, 1, 1, 1, 1, 0, 1, 0, 1
1.215990958333333, 0, 1, 1, 1, 1, 1, 0, 1
1.215996041666667, 0, 1, 1, 1, 1, 1, 1, 1
1.216004958333333, 0, 1, 1, 1, 1, 1, 0, 1
1.216005666666667, 0, 1, 1, 1, 0, 1, 0, 1
1.216005708333333, 1, 1, 1, 1, 0, 1, 0, 1
1.216005791666667, 0, 1, 1, 1, 0, 1, 0, 1
1.216005833333333, 1, 1, 1, 1, 0, 1, 0, 1
1.216005916666667, 0, 1, 1, 1, 0, 1, 0, 1
1.216005958333333, 1, 1, 1, 1, 0, 1, 0, 1
1.216006041666667, 0, 1, 1, 1, 0, 1, 0, 1
1.216006083333333, 1, 1, 1, 1, 0, 1, 0, 1
1.216006166666667, 0, 1, 1, 1, 0, 1, 0, 1
1.216006208333333, 1, 1, 1, 1, 0, 1, 0, 1
1.216006291666667, 0, 1, 1, 1, 0, 1, 0, 1
1.216006333333333, 1, 1, 1, 1, 0, 1, 0, 1
1.216006416666667, 0, 1, 1, 1, 0, 1, 0, 1
1.216006458333333, 1, 1, 1, 1, 0, 1, 0, 1
1.216006541666667, 0, 1, 1, 1, 0, 1, 0, 1
1.216006583333333, 1, 1, 1, 1, 0, 1, 0, 1
1.216006666666667, 0, 1, 1, 1, 1, 1, 0, 1
1.216007583333333, 0, 1, 1, 1, 0, 1, 0, 1
1.216007666666667, 1, 1, 1, 1, 0, 1, 0, 1
1.216007708333333, 0, 1, 1, 1, 0, 1, 0, 1
1.216007791666667, 1, 1, 1, 1, 0, 1, 0, 1
1.216007833333334, 0, 1, 1, 1, 0, 1, 0, 1
1.216007916666667, 1, 1, 1, 1, 0, 1, 0, 1
1.216007958333333, 0, 1, 1, 1, 0, 1, 0, 1
1.216008041666667, 1, 1, 1, 1, 0, 1, 0, 1
1.216008083333333, 0, 1, 1, 1, 0, 1, 0, 1
1.216008166666667, 1, 1, 1, 1, 0, 1, 0, 1
1.216008208333333, 0, 1, 1, 1, 0, 1, 0, 1
1.216008291666667, 1, 1, 1, 1, 0, 1, 0, 1
1.216008333333333, 0, 1, 1, 1, 0, 1, 0, 1
1.216008416666667, 1, 1, 1, 1, 0, 1, 0, 1
1.216008458333333, 0, 1, 1, 1, 1, 1, 0, 1
1.216008541666667, 1, 1, 1, 1, 1, 1, 0, 1
1.216008583333333, 0, 1, 1, 1, 1, 1, 0, 1
1.216013666666667, 0, 1, 1, 1, 1, 1, 1, 1
1.216022458333333, 0, 1, 1, 1, 1, 1, 0, 1
1.216023166666667, 0, 1, 1, 1, 0, 1, 0, 1
1.216023208333333, 1, 1, 1, 1, 0, 1, 0, 1
1.216023291666667, 0, 1, 1, 1, 0, 1, 0, 1
1.216023333333333, 1, 1, 1, 1, 0, 1, 0, 1
1.216023416666667, 0, 1, 1, 1, 0, 1, 0, 1
1.216023458333333, 1, 1, 1, 1, 0, 1, 0, 1
1.216023541666667, 0, 1, 1, 1, 0, 1, 0, 1
1.216023583333333, 1, 1, 1, 1, 0, 1, 0, 1
1.216023666666667, 0, 1, 1, 1, 0, 1, 0, 1
1.216023708333333, 1, 1, 1, 1, 0, 1, 0, 1
1.216023791666667, 0, 1, 1, 1, 0, 1, 0, 1
1.216023833333333, 1, 1, 1, 1, 0, 1, 0, 1
1.216023916666667, 0, 1, 1, 1, 0, 1, 0, 1
1.216023958333333, 1, 1, 1, 1, 0, 1, 0, 1
1.216024041666667, 0, 1, 1, 1, 0, 1, 0, 1
1.216024083333333, 1, 1, 1, 1, 0, 1, 0, 1
1.216024166666667, 0, 1, 1, 1, 1, 1, 0, 1
1.216025166666667, 1, 1, 1, 1, 1, 1, 0, 1
1.216025208333333, 0, 1, 1, 1, 1, 1, 0, 1
1.216025291666667, 1, 1, 1, 1, 1, 1, 0, 1
1.216025333333334, 0, 1, 1, 1, 0, 1, 0, 1
1.216025416666667, 1, 1, 1, 1, 0, 1, 0, 1
1.216025458333333, 0, 1, 1, 1, 1, 1, 0, 1
1.216025541666667, 1, 1, 1, 1, 1, 1, 0, 1
1.216025583333333, 0, 1, 1, 1, 1, 1, 0, 1
1.216025666666667, 1, 1, 1, 1, 1, 1, 0, 1
1.216025708333333, 0, 1, 1, 1, 1, 1, 0, 1
1.216025791666667, 1, 1, 1, 1, 1, 1, 0, 1
1.216025833333333, 0, 1, 1, 1, 1, 1, 0, 1
1.216025916666667, 1, 1, 1, 1, 1, 1, 0, 1
1.216025958333333, 0, 1, 1, 1, 1, 1, 0, 1
1.216026041666667, 1, 1, 1, 1, 1, 1, 0, 1
1.216026083333333, 0, 1, 1, 1, 1, 1, 0, 1
1.216031166666667, 0, 1, 1, 1, 1, 1, 1, 1
1.216039791666667, 0, 1, 1, 1, 1, 1, 0, 1
1.216040458333333, 0, 1, 1, 1, 0, 1, 0, 1
1.216040541666667, 1, 1, 1, 1, 0, 1, 0, 1
1.216040583333333, 0, 1, 1, 1, 0, 1, 0, 1
1.216040666666667, 1, 1, 1, 1, 0, 1, 0, 1
1.216040708333333, 0, 1, 1, 1, 1, 1, 0, 1
1.216040791666667, 1, 1, 1, 1, 1, 1, 0, 1
1.216040833333333, 0, 1, 1, 1, 0, 1, 0, 1
1.216040916666667, 1, 1, 1, 1, 0, 1, 0, 1
1.216040958333333, 0, 1, 1, 1, 1, 1, 0, 1
1.216041041666667, 1, 1, 1, 1, 1, 1, 0, 1
1.216041083333333, 0, 1, 1, 1, 0, 1, 0, 1
1.216041166666667, 1, 1, 1, 1, 0, 1, 0, 1
1.216041208333333, 0, 1, 1, 1, 1, 1, 0, 1
1.216041291666667, 1, 1, 1, 1, 1, 1, 0, 1
1.216041333333333, 0, 1, 1, 1, 1, 1, 0, 1
1.216041416666667, 1, 1, 1, 1, 1, 1, 0, 1
1.216041458333333, 0, 1, 1, 1, 1, 1, 0, 1
1.216046541666667, 0, 1, 1, 1, 1, 1, 1, 1
1.216055291666667, 0, 1, 1, 1, 1, 1, 0, 1
1.216055958333333, 0, 1, 1, 1, 0, 1, 0, 1
1.216056041666667, 1, 1, 1, 1, 0, 1, 0, 1
1.216056083333333, 0, 1, 1, 1, 0, 1, 0, 1
1.216056166666667, 1, 1, 1, 1, 0, 1, 0, 1
1.216056208333333, 0, 1, 1, 1, 0, 1, 0, 1
1.216056291666667, 1, 1, 1, 1, 0, 1, 0, 1
1.216056333333333, 0, 1, 1, 1, 0, 1, 0, 1
1.216056416666667, 1, 1, 1, 1, 0, 1, 0, 1
1.216056458333333, 0, 1, 1, 1, 0, 1, 0, 1
1.216056541666667, 1, 1, 1, 1, 0, 1, 0, 1
1.216056583333333, 0, 1, 1, 1, 0, 1, 0, 1
1.216056666666667, 1, 1, 1, 1, 0, 1, 0, 1
1.216056708333333, 0, 1, 1, 1, 0, 1, 0, 1
1.216056791666667, 1, 1, 1, 1, 0, 1, 0, 1
1.216056833333333, 0, 1, 1, 1, 0, 1, 0, 1
1.216056916666667, 1, 1, 1, 1, 0, 1, 0, 1
1.216056958333333, 0, 1, 1, 1, 1, 1, 0, 1
1.216057916666667, 0, 1, 1, 1, 0, 1, 0, 1
1.216057958333333, 1, 1, 1, 1, 0, 1, 0, 1
1.216058041666667, 0, 1, 1, 1, 0, 1, 0, 1
1.216058083333333, 1, 1, 1, 1, 0, 1, 0, 1
1.216058166666667, 0, 1, 1, 1, 0, 1, 0, 1
1.216058208333333, 1, 1, 1, 1, 0, 1, 0, 1
1.216058291666667, 0, 1, 1, 1, 0, 1, 0, 1
1.216058333333333, 1, 1, 1, 1, 0, 1, 0, 1
1.216058416666667, 0, 1, 1, 1, 0, 1, 0, 1
1.216058458333333, 1, 1, 1, 1, 0, 1, 0, 1
1.216058541666667, 0, 1, 1, 1, 0, 1, 0, 1
1.216058583333333, 1, 1, 1, 1, 0, 1, 0, 1
1.216058666666667, 0, 1, 1, 1, 0, 1, 0, 1
1.216058708333333, 1, 1, 1, 1, 0, 1, 0, 1
1.216058791666667, 0, 1, 1, 1, 0, 1, 0, 1
1.216058833333333, 1, 1, 1, 1, 0, 1, 0, 1
1.216058916666667, 0, 1, 1, 1, 1, 1, 0, 1
1.216063958333333, 0, 1, 1, 1, 1, 1, 1, 1
1.216072708333333, 0, 1, 1, 1, 1, 1, 0, 1
1.216073416666667, 0, 1, 1, 1, 0, 1, 0, 1
1.216073458333333, 1, 1, 1, 1, 0, 1, 0, 1
1.216073541666667, 0, 1, 1, 1, 0, 1, 0, 1
1.216073583333333, 1, 1, 1, 1, 0, 1, 0, 1
1.216073666666667, 0, 1, 1, 1, 0, 1, 0, 1
1.216073708333334, 1, 1, 1, 1, 0, 1, 0, 1
1.216073791666667, 0, 1, 1, 1, 0, 1, 0, 1
1.216073833333333, 1, 1, 1, 1, 0, 1, 0, 1
1.216073916666667, 0, 1, 1, 1, 0, 1, 0, 1
1.216073958333333, 1, 1, 1, 1, 0, 1, 0, 1
1.216074041666667, 0, 1, 1, 1, 0, 1, 0, 1
1.216074083333333, 1, 1, 1, 1, 0, 1, 0, 1
1.216074166666667, 0, 1, 1, 1, 0, 1, 0, 1
1.216074208333333, 1, 1, 1, 1, 0, 1, 0, 1
1.216074291666667, 0, 1, 1, 1, 0, 1, 0, 1
1.216074333333333, 1, 1, 1, 1, 0, 1, 0, 1
1.216074416666667, 0, 1, 1, 1, 1, 1, 0, 1
1.216075333333333, 0, 1, 1, 1, 0, 1, 0, 1
1.216075416666667, 1, 1, 1, 1, 0, 1, 0, 1
1.216075458333333, 0, 1, 1, 1, 0, 1, 0, 1
1.216075541666667, 1, 1, 1, 1, 0, 1, 0, 1
1.216075583333333, 0, 1, 1, 1, 0, 1, 0, 1
1.216075666666667, 1, 1, 1, 1, 0, 1, 0, 1
1.216075708333333, 0, 1, 1, 1, 0, 1, 0, 1
1.216075791666667, 1, 1, 1, 1, 0, 1, 0, 1
1.216075833333333, 0, 1, 1, 1, 0, 1, 0, 1
1.216075916666667, 1, 1, 1, 1, 0, 1, 0, 1
1.216075958333333, 0, 1, 1, 1, 0, 1, 0, 1
1.216076041666667, 1, 1, 1, 1, 0, 1, 0, 1
1.216076083333334, 0, 1, 1, 1, 0, 1, 0, 1
1.216076166666667, 1, 1, 1, 1, 0, 1, 0, 1
1.216076208333333, 0, 1, 1, 1, 0, 1, 0, 1
1.216076291666667, 1, 1, 1, 1, 0, 1, 0, 1
1.216076333333333, 0, 1, 1, 1, 1, 1, 0, 1
1.216081416666667, 0, 1, 1, 1, 1, 1, 1, 1
1.216090333333333, 0, 1, 1, 1, 1, 1, 0, 1
1.216091041666667, 0, 1, 1, 1, 0, 1, 0, 1
1.216091083333333, 1, 1, 1, 1, 0, 1, 0, 1
1.216091166666667, 0, 1, 1, 1, 0, 1, 0, 1
1.216091208333334, 1, 1, 1, 1, 0, 1, 0, 1
1.216091291666667, 0, 1, 1, 1, 0, 1, 0, 1
1.216091333333333, 1, 1, 1, 1, 0, 1, 0, 1
1.216091416666667, 0, 1, 1, 1, 0, 1, 0, 1
1.216091458333333, 1, 1, 1, 1, 0, 1, 0, 1
1.216091541666667, 0, 1, 1, 1, 0, 1, 0, 1
1.216091583333333, 1, 1, 1, 1, 0, 1, 0, 1
1.216091666666667, 0, 1, 1, 1, 0, 1, 0, 1
1.216091708333333, 1, 1, 1, 1, 0, 1, 0, 1
1.216091791666667, 0, 1, 1, 1, 0, 1, 0, 1
1.216091833333333, 1, 1, 1, 1, 0, 1, 0, 1
1.216091916666667, 0, 1, 1, 1, 0, 1, 0, 1
1.216091958333333, 1, 1, 1, 1, 0, 1, 0, 1
1.216092041666667, 0, 1, 1, 1, 1, 1, 0, 1
1.216092958333333, 0, 1, 1, 1, 0, 1, 0, 1
1.216093041666667, 1, 1, 1, 1, 0, 1, 0, 1
1.216093083333333, 0, 1, 1, 1, 0, 1, 0, 1
1.216093166666667, 1, 1, 1, 1, 0, 1, 0, 1
1.216093208333333, 0, 1, 1, 1, 0, 1, 0, 1
1.216093291666667, 1, 1, 1, 1, 0, 1, 0, 1
1.216093333333333, 0, 1, 1, 1, 0, 1, 0, 1
1.216093416666667, 1, 1, 1, 1, 0, 1, 0, 1
1.216093458333333, 0, 1, 1, 1, 0, 1, 0, 1
1.216093541666667, 1, 1, 1, 1, 0, 1, 0, 1
1.216093583333334, 0, 1, 1, 1, 0, 1, 0, 1
1.216093666666667, 1, 1, 1, 1, 0, 1, 0, 1
1.216093708333333, 0, 1, 1, 1, 0, 1, 0, 1
1.216093791666667, 1, 1, 1, 1, 0, 1, 0, 1
1.216093833333333, 0, 1, 1, 1, 1, 1, 0, 1
1.216093916666667, 1, 1, 1, 1, 1, 1, 0, 1
1.216093958333333, 0, 1, 1, 1, 1, 1, 0, 1
1.216099041666667, 0, 1, 1, 1, 1, 1, 1, 1
1.216107833333333, 0, 1, 1, 1, 1, 1, 0, 1
1.216108541666667, 0, 1, 1, 1, 0, 1, 0, 1
1.216108583333333, 1, 1, 1, 1, 0, 1, 0, 1
1.216108666666667, 0, 1, 1, 1, 0, 1, 0, 1
1.216108708333334, 1, 1, 1, 1, 0, 1, 0, 1
1.216108791666667, 0, 1, 1, 1, 0, 1, 0, 1
1.216108833333333, 1, 1, 1, 1, 0, 1, 0, 1
1.216108916666667, 0, 1, 1, 1, 0, 1, 0, 1
1.216108958333333, 1, 1, 1, 1, 0, 1, 0, 1
1.216109041666667, 0, 1, 1, 1, 0, 1, 0, 1
1.216109083333333, 1, 1, 1, 1, 0, 1, 0, 1
1.216109166666667, 0, 1, 1, 1, 0, 1, 0, 1
1.216109208333333, 1, 1, 1, 1, 0, 1, 0, 1
1.216109291666667, 0, 1, 1, 1, 0, 1, 0, 1
1.216109333333333, 1, 1, 1, 1, 0, 1, 0, 1
1.216109416666667, 0, 1, 1, 1, 0, 1, 0, 1
1.216109458333333, 1, 1, 1, 1, 0, 1, 0, 1
1.216109541666667, 0, 1, 1, 1, 1, 1, 0, 1
1.216110458333333, 0, 1, 1, 1, 0, 1, 0, 1
1.216110541666667, 1, 1, 1, 1, 0, 1, 0, 1
1.216110583333333, 0, 1, 1, 1, 0, 1, 0, 1
1.216110666666667, 1, 1, 1, 1, 0, 1, 0, 1
1.216110708333333, 0, 1, 1, 1, 1, 1, 0, 1
1.216110791666667, 1, 1, 1, 1, 1, 1, 0, 1
1.216110833333333, 0, 1, 1, 1, 1, 1, 0, 1
1.216110916666667, 1, 1, 1, 1, 1, 1, 0, 1
1.216110958333333, 0, 1, 1, 1, 1, 1, 0, 1
1.216111041666667, 1, 1, 1, 1, 1, 1, 0, 1
1.216111083333334, 0, 1, 1, 1, 1, 1, 0, 1
1.216111166666667, 1, 1, 1, 1, 1, 1, 0, 1
1.216111208333333, 0, 1, 1, 1, 1, 1, 0, 1
1.216111291666667, 1, 1, 1, 1, 1, 1, 0, 1
1.216111333333333, 0, 1, 1, 1, 1, 1, 0, 1
1.216111416666667, 1, 1, 1, 1, 1, 1, 0, 1
1.216111458333333, 0, 1, 1, 1, 1, 1, 0, 1
1.216116541666667, 0, 1, 1, 1, 1, 1, 1, 1
1.216125166666667, 0, 1, 1, 1, 1, 1, 0, 1
1.216125833333333, 0, 1, 1, 1, 0, 1, 0, 1
1.216125916666667, 1, 1, 1, 1, 0, 1, 0, 1
1.216125958333333, 0, 1, 1, 1, 0, 1, 0, 1
1.216126041666667, 1, 1, 1, 1, 0, 1, 0, 1
1.216126083333333, 0, 1, 1, 1, 1, 1, 0, 1
1.216126166666667, 1, 1, 1, 1, 1, 1, 0, 1
1.216126208333334, 0, 1, 1, 1, 0, 1, 0, 1
1.216126291666667, 1, 1, 1, 1, 0, 1, 0, 1
1.216126333333333, 0, 1, 1, 1, 1, 1, 0, 1
1.216126416666667, 1, 1, 1, 1, 1, 1, 0, 1
1.216126458333333, 0, 1, 1, 1, 1, 1, 0, 1
1.216126541666667, 1, 1, 1, 1, 1, 1, 0, 1
1.216126583333333, 0, 1, 1, 1, 0, 1, 0, 1
1.216126666666667, 1, 1, 1, 1, 0, 1, 0, 1
1.216126708333333, 0, 1, 1, 1, 0, 1, 0, 1
1.216126791666667, 1, 1, 1, 1, 0, 1, 0, 1
1.216126833333333, 0, 1, 1, 1, 1, 1, 0, 1
1.216131916666667, 0, 1, 1, 1, 1, 1, 1, 1
1.216142041666667, 0, 1, 1, 1, 1, 1, 0, 1
1.216142916666667, 0, 1, 1, 1, 0, 1, 0, 1
1.216142958333333, 1, 1, 1, 1, 0, 1, 0, 1
1.216143041666667, 0, 1, 1, 1, 0, 1, 0, 1
1.216143083333333, 1, 1, 1, 1, 0, 1, 0, 1
1.216143166666667, 0, 1, 1, 1, 0, 1, 0, 1
1.216143208333333, 1, 1, 1, 1, 0, 1, 0, 1
1.216143291666667, 0, 1, 1, 1, 0, 1, 0, 1
1.216143333333333, 1, 1, 1, 1, 0, 1, 0, 1
1.216143416666667, 0, 1, 1, 1, 0, 1, 0, 1
1.216143458333333, 1, 1, 1, 1, 0, 1, 0, 1
1.216143541666667, 0, 1, 1, 1, 0, 1, 0, 1
1.216143583333333, 1, 1, 1, 1, 0, 1, 0, 1
1.216143666666667, 0, 1, 1, 1, 0, 1, 0, 1
1.216143708333334, 1, 1, 1, 1, 0, 1, 0, 1
1.216143791666667, 0, 1, 1, 1, 0, 1, 0, 1
1.216143833333333, 1, 1, 1, 1, 0, 1, 0, 1
1.216143916666667, 0, 1, 1, 1, 1, 1, 0, 1
1.216144833333333, 0, 1, 1, 1, 0, 1, 0, 1
1.216144916666667, 1, 1, 1, 1, 0, 1, 0, 1
1.216144958333333, 0, 1, 1, 1, 0, 1, 0, 1
1.216145041666667, 1, 1, 1, 1, 0, 1, 0, 1
1.216145083333333, 0, 1, 1, 1, 0, 1, 0, 1
1.216145166666667, 1, 1, 1, 1, 0, 1, 0, 1
1.216145208333334, 0, 1, 1, 1, 1, 1, 0, 1
1.216145291666667, 1, 1, 1, 1, 1, 1, 0, 1
1.216145333333333, 0, 1, 1, 1, 1, 1, 0, 1
1.216145416666667, 1, 1, 1, 1, 1, 1, 0, 1
1.216145458333333, 0, 1, 1, 1, 1, 1, 0, 1
1.216145541666667, 1, 1, 1, 1, 1, 1, 0, 1
1.216145583333333, 0, 1, 1, 1, 1, 1, 0, 1
1.216145666666667, 1, 1, 1, 1, 1, 1, 0, 1
1.216145708333333, 0, 1, 1, 1, 1, 1, 0, 1
1.216145791666667, 1, 1, 1, 1, 1, 1, 0, 1
1.216145833333333, 0, 1, 1, 1, 1, 1, 0, 1
1.216147458333333, 0, 1, 1, 1, 0, 1, 0, 1
1.216147541666667, 1, 1, 1, 1, 0, 1, 0, 1
1.216147583333334, 0, 1, 1, 1, 0, 1, 0, 1
1.216147666666667, 1, 1, 1, 1, 0, 1, 0, 1
1.216147708333333, 0, 1, 1, 1, 0, 1, 0, 1
1.216147791666667, 1, 1, 1, 1, 0, 1, 0, 1
1.216147833333333, 0, 1, 1, 1, 0, 1, 0, 1
1.216147916666667, 1, 1, 1, 1, 0, 1, 0, 1
1.216147958333333, 0, 1, 1, 1, 0, 1, 0, 1
1.216148041666667, 1, 1, 1, 1, 0, 1, 0, 1
1.216148083333333, 0, 1, 1, 1, 0, 1, 0, 1
1.216148166666667, 1, 1, 1, 1, 0, 1, 0, 1
1.216148208333333, 0, 1, 1, 1, 0, 1, 0, 1
1.216148291666667, 1, 1, 1, 1, 0, 1, 0, 1
1.216148333333333, 0, 1, 1, 1, 0, 1, 0, 1
1.216148416666667, 1, 1, 1, 1, 0, 1, 0, 1
1.216148458333334, 0, 1, 1, 1, 1, 1, 0, 1
1.216149416666667, 0, 1, 1, 1, 0, 1, 0, 1
1.216149458333333, 1, 1, 1, 1, 0, 1, 0, 1
1.216149541666667, 0, 1, 1, 1, 0, 1, 0, 1
1.216149583333333, 1, 1, 1, 1, 0, 1, 0, 1
1.216149666666667, 0, 1, 1, 1, 0, 1, 0, 1
1.216149708333333, 1, 1, 1, 1, 0, 1, 0, 1
1.216149791666667, 0, 1, 1, 1, 1, 1, 0, 1
1.216149833333333, 1, 1, 1, 1, 1, 1, 0, 1
1.216149916666667, 0, 1, 1, 1, 1, 1, 0, 1
1.216149958333334, 1, 1, 1, 1, 1, 1, 0, 1
1.216150041666667, 0, 1, 1, 1, 1, 1, 0, 1
1.216150083333333, 1, 1, 1, 1, 1, 1, 0, 1
1.216150166666667, 0, 1, 1, 1, 1, 1, 0, 1
1.216150208333333, 1, 1, 1, 1, 1, 1, 0, 1
1.216150291666667, 0, 1, 1, 1, 1, 1, 0, 1
1.216150333333333, 1, 1, 1, 1, 1, 1, 0, 1
1.216150416666667, 0, 1, 1, 1, 1, 1, 0, 1
1.216152041666667, 0, 1, 1, 1, 0, 1, 0, 1
1.216152083333333, 1, 1, 1, 1, 0, 1, 0, 1
1.216152166666667, 0, 1, 1, 1, 0, 1, 0, 1
1.216152208333333, 1, 1, 1, 1, 0, 1, 0, 1
1.216152291666667, 0, 1, 1, 1, 0, 1, 0, 1
1.216152333333334, 1, 1, 1, 1, 0, 1, 0, 1
1.216152416666667, 0, 1, 1, 1, 0, 1, 0, 1
1.216152458333333, 1, 1, 1, 1, 0, 1, 0, 1
1.216152541666667, 0, 1, 1, 1, 0, 1, 0, 1
1.216152583333333, 1, 1, 1, 1, 0, 1, 0, 1
1.216152666666667, 0, 1, 1, 1, 0, 1, 0, 1
1.216152708333333, 1, 1, 1, 1, 0, 1, 0, 1
1.216152791666667, 0, 1, 1, 1, 0, 1, 0, 1
1.216152833333333, 1, 1, 1, 1, 0, 1, 0, 1
1.216152916666667, 0, 1, 1, 1, 0, 1, 0, 1
1.216152958333333, 1, 1, 1, 1, 0, 1, 0, 1
1.216153041666667, 0, 1, 1, 1, 1, 1, 0, 1
1.216153958333333, 0, 1, 1, 1, 0, 1, 0, 1
1.216154041666667, 1, 1, 1, 1, 0, 1, 0, 1
1.216154083333333, 0, 1, 1, 1, 0, 1, 0, 1
1.216154166666667, 1, 1, 1, 1, 0, 1, 0, 1
1.216154208333333, 0, 1, 1, 1, 0, 1, 0, 1
1.216154291666667, 1, 1, 1, 1, 0, 1, 0, 1
1.216154333333333, 0, 1, 1, 1, 1, 1, 0, 1
1.216154416666667, 1, 1, 1, 1, 1, 1, 0, 1
1.216154458333333, 0, 1, 1, 1, 1, 1, 0, 1
1.216154541666667, 1, 1, 1, 1, 1, 1, 0, 1
1.216154583333333, 0, 1, 1, 1, 1, 1, 0, 1
1.216154666666667, 1, 1, 1, 1, 1, 1, 0, 1
1.216154708333334, 0, 1, 1, 1, 1, 1, 0, 1
1.216154791666667, 1, 1, 1, 1, 1, 1, 0, 1
1.216154833333333, 0, 1, 1, 1, 1, 1, 0, 1
1.216154916666667, 1, 1, 1, 1, 1, 1, 0, 1
1.216154958333333, 0, 1, 1, 1, 1, 1, 0, 1
1.216156583333333, 0, 1, 1, 1, 0, 1, 0, 1
1.216156666666667, 1, 1, 1, 1, 0, 1, 0, 1
1.216156708333333, 0, 1, 1, 1, 0, 1, 0, 1
1.216156791666667, 1, 1, 1, 1, 0, 1, 0, 1
1.216156833333333, 0, 1, 1, 1, 0, 1, 0, 1
1.216156916666667, 1, 1, 1, 1, 0, 1, 0, 1
1.216156958333333, 0, 1, 1, 1, 0, 1, 0, 1
1.216157041666667, 1, 1, 1, 1, 0, 1, 0, 1
1.216157083333333, 0, 1, 1, 1, 0, 1, 0, 1
1.216157166666667, 1, 1, 1, 1, 0, 1, 0, 1
1.216157208333333, 0, 1, 1, 1, 0, 1, 0, 1
1.216157291666667, 1, 1, 1, 1, 0, 1, 0, 1
1.216157333333333, 0, 1, 1, 1, 0, 1, 0, 1
1.216157416666667, 1, 1, 1, 1, 0, 1, 0, 1
1.216157458333333, 0, 1, 1, 1, 0, 1, 0, 1
1.216157541666667, 1, 1, 1, 1, 0, 1, 0, 1
1.216157583333333, 0, 1, 1, 1, 1, 1, 0, 1
1.216158541666667, 0, 1, 1, 1, 0, 1, 0, 1
1.216158583333333, 1, 1, 1, 1, 0, 1, 0, 1
1.216158666666667, 0, 1, 1, 1, 0, 1, 0, 1
1.216158708333333, 1, 1, 1, 1, 0, 1, 0, 1
1.216158791666667, 0, 1, 1, 1, 0, 1, 0, 1
1.216158833333333, 1, 1, 1, 1, 0, 1, 0, 1
1.216158916666667, 0, 1, 1, 1, 1, 1, 0, 1
1.216158958333333, 1, 1, 1, 1, 1, 1, 0, 1
1.216159041666667, 0, 1, 1, 1, 1, 1, 0, 1
1.216159083333333, 1, 1, 1, 1, 1, 1, 0, 1
1.216159166666667, 0, 1, 1, 1, 1, 1, 0, 1
1.216159208333333, 1, 1, 1, 1, 1, 1, 0, 1
1.216159291666667, 0, 1, 1, 1, 1, 1, 0, 1
1.216159333333333, 1, 1, 1, 1, 1, 1, 0, 1
1.216159416666667, 0, 1, 1, 1, 1, 1, 0, 1
1.216159458333333, 1, 1, 1, 1, 1, 1, 0, 1
1.216159541666667, 0, 1, 1, 1, 1, 1, 0, 1
1.216161166666667, 0, 1, 1, 1, 0, 1, 0, 1
1.216161208333333, 1, 1, 1, 1, 0, 1, 0, 1
1.216161291666667, 0, 1, 1, 1, 0, 1, 0, 1
1.216161333333333, 1, 1, 1, 1, 0, 1, 0, 1
1.216161416666667, 0, 1, 1, 1, 0, 1, 0, 1
1.216161458333333, 1, 1, 1, 1, 0, 1, 0, 1
1.216161541666667, 0, 1, 1, 1, 0, 1, 0, 1
1.216161583333333, 1, 1, 1, 1, 0, 1, 0, 1
1.216161666666667, 0, 1, 1, 1, 0, 1, 0, 1
1.216161708333333, 1, 1, 1, 1, 0, 1, 0, 1
1.216161791666667, 0, 1, 1, 1, 0, 1, 0, 1
1.216161833333333, 1, 1, 1, 1, 0, 1, 0, 1
1.216161916666667, 0, 1, 1, 1, 0, 1, 0, 1
1.216161958333333, 1, 1, 1, 1, 0, 1, 0, 1
1.216162041666667, 0, 1, 1, 1, 0, 1, 0, 1
1.216162083333333, 1, 1, 1, 1, 0, 1, 0, 1
1.216162166666667, 0, 1, 1, 1, 1, 1, 0, 1
1.216163083333333, 0, 1, 1, 1, 0, 1, 0, 1
1.216163166666667, 1, 1, 1, 1, 0, 1, 0, 1
1.216163208333333, 0, 1, 1, 1, 0, 1, 0, 1
1.216163291666667, 1, 1, 1, 1, 0, 1, 0, 1
1.216163333333333, 0, 1, 1, 1, 0, 1, 0, 1
1.216163416666667, 1, 1, 1, 1, 0, 1, 0, 1
1.216163458333333, 0, 1, 1, 1, 1, 1, 0, 1
1.216163541666667, 1, 1, 1, 1, 1, 1, 0, 1
1.216163583333333, 0, 1, 1, 1, 1, 1, 0, 1
1.216163666666667, 1, 1, 1, 1, 1, 1, 0, 1
1.216163708333333, 0, 1, 1, 1, 1, 1, 0, 1
1.216163791666667, 1, 1, 1, 1, 1, 1, 0, 1
1.216163833333333, 0, 1, 1, 1, 1, 1, 0, 1
1.216163916666667, 1, 1, 1, 1, 1, 1, 0, 1
1.216163958333333, 0, 1, 1, 1, 1, 1, 0, 1
1.216164041666667, 1, 1, 1, 1, 1, 1, 0, 1
1.216164083333333, 0, 1, 1, 1, 1, 1, 0, 1
1.216165708333333, 0, 1, 1, 1, 0, 1, 0, 1
1.216165791666667, 1, 1, 1, 1, 0, 1, 0, 1
1.216165833333333, 0, 1, 1, 1, 0, 1, 0, 1
1.216165916666667, 1, 1, 1, 1, 0, 1, 0, 1
1.216165958333333, 0, 1, 1, 1, 0, 1, 0, 1
1.216166041666667, 1, 1, 1, 1, 0, 1, 0, 1
1.216166083333333, 0, 1, 1, 1, 0, 1, 0, 1
1.216166166666667, 1, 1, 1, 1, 0, 1, 0, 1
1.216166208333333, 0, 1, 1, 1, 0, 1, 0, 1
1.216166291666667, 1, 1, 1, 1, 0, 1, 0, 1
1.216166333333333, 0, 1, 1, 1, 0, 1, 0, 1
1.216166416666667, 1, 1, 1, 1, 0, 1, 0, 1
1.216166458333333, 0, 1, 1, 1, 0, 1, 0, 1
1.216166541666667, 1, 1, 1, 1, 0, 1, 0, 1
1.216166583333333, 0, 1, 1, 1, 0, 1, 0, 1
1.216166666666667, 1, 1, 1, 1, 0, 1, 0, 1
1.216166708333333, 0, 1, 1, 1, 1, 1, 0, 1
1.216167666666667, 0, 1, 1, 1, 0, 1, 0, 1
1.216167708333333, 1, 1, 1, 1, 0, 1, 0, 1
1.216167791666667, 0, 1, 1, 1, 0, 1, 0, 1
1.216167833333333, 1, 1, 1, 1, 0, 1, 0, 1
1.216167916666667, 0, 1, 1, 1, 0, 1, 0, 1
1.216167958333333, 1, 1, 1, 1, 0, 1, 0, 1
1.216168041666667, 0, 1, 1, 1, 1, 1, 0, 1
1.216168083333333, 1, 1, 1, 1, 1, 1, 0, 1
1.216168166666667, 0, 1, 1, 1, 1, 1, 0, 1
1.216168208333333, 1, 1, 1, 1, 1, 1, 0, 1
1.216168291666667, 0, 1, 1, 1, 1, 1, 0, 1
1.216168333333334, 1, 1, 1, 1, 1, 1, 0, 1
1.216168416666667, 0, 1, 1, 1, 1, 1, 0, 1
1.216168458333333, 1, 1, 1, 1, 1, 1, 0, 1
1.216168541666667, 0, 1, 1, 1, 1, 1, 0, 1
1.216168583333333, 1, 1, 1, 1, 1, 1, 0, 1
1.216168666666667, 0, 1, 1, 1, 1, 1, 0, 1
1.216170291666667, 0, 1, 1, 1, 0, 1, 0, 1
1.216170333333333, 1, 1, 1, 1, 0, 1, 0, 1
1.216170416666667, 0, 1, 1, 1, 0, 1, 0, 1
1.216170458333333, 1, 1, 1, 1, 0, 1, 0, 1
1.216170541666667, 0, 1, 1, 1, 0, 1, 0, 1
1.216170583333333, 1, 1, 1, 1, 0, 1, 0, 1
1.216170666666667, 0, 1, 1, 1, 0, 1, 0, 1
1.216170708333334, 1, 1, 1, 1, 0, 1, 0, 1
1.216170791666667, 0, 1, 1, 1, 0, 1, 0, 1
1.216170833333333, 1, 1, 1, 1, 0, 1, 0, 1
1.216170916666667, 0, 1, 1, 1, 0, 1, 0, 1
1.216170958333333, 1, 1, 1, 1, 0, 1, 0, 1
1.216171041666667, 0, 1, 1, 1, 0, 1, 0, 1
1.216171083333333, 1, 1, 1, 1, 0, 1, 0, 1
1.216171166666667, 0, 1, 1, 1, 0, 1, 0, 1
1.216171208333333, 1, 1, 1, 1, 0, 1, 0, 1
1.216171291666667, 0, 1, 1, 1, 1, 1, 0, 1
1.216172208333334, 0, 1, 1, 1, 0, 1, 0, 1
1.216172291666667, 1, 1, 1, 1, 0, 1, 0, 1
1.216172333333333, 0, 1, 1, 1, 0, 1, 0, 1
1.216172416666667, 1, 1, 1, 1, 0, 1, 0, 1
1.216172458333333, 0, 1, 1, 1, 0, 1, 0, 1
1.216172541666667, 1, 1, 1, 1, 0, 1, 0, 1
1.216172583333333, 0, 1, 1, 1, 1, 1, 0, 1
1.216172666666667, 1, 1, 1, 1, 1, 1, 0, 1
1.216172708333333, 0, 1, 1, 1, 1, 1, 0, 1
1.216172791666667, 1, 1, 1, 1, 1, 1, 0, 1
1.216172833333333, 0, 1, 1, 1, 1, 1, 0, 1
1.216172916666667, 1, 1, 1, 1, 1, 1, 0, 1
1.216172958333333, 0, 1, 1, 1, 1, 1, 0, 1
1.216173041666667, 1, 1, 1, 1, 1, 1, 0, 1
1.216173083333334, 0, 1, 1, 1, 1, 1, 0, 1
1.216173166666667, 1, 1, 1, 1, 1, 1, 0, 1
1.216173208333333, 0, 1, 1, 1, 1, 1, 0, 1
1.216174833333333, 0, 1, 1, 1, 0, 1, 0, 1
1.216174916666667, 1, 1, 1, 1, 0, 1, 0, 1
1.216174958333333, 0, 1, 1, 1, 0, 1, 0, 1
1.216175041666667, 1, 1, 1, 1, 0, 1, 0, 1
1.216175083333333, 0, 1, 1, 1, 0, 1, 0, 1
1.216175166666667, 1, 1, 1, 1, 0, 1, 0, 1
1.216175208333333, 0, 1, 1, 1, 0, 1, 0, 1
1.216175291666667, 1, 1, 1, 1, 0, 1, 0, 1
1.216175333333333, 0, 1, 1, 1, 0, 1, 0, 1
1.216175416666667, 1, 1, 1, 1, 0, 1, 0, 1
1.216175458333334, 0, 1, 1, 1, 0, 1, 0, 1
1.216175541666667, 1, 1, 1, 1, 0, 1, 0, 1
1.216175583333333, 0, 1, 1, 1, 0, 1, 0, 1
1.216175666666667, 1, 1, 1, 1, 0, 1, 0, 1
1.216175708333333, 0, 1, 1, 1, 0, 1, 0, 1
1.216175791666667, 1, 1, 1, 1, 0, 1, 0, 1
1.216175833333333, 0, 1, 1, 1, 1, 1, 0, 1
1.216176791666667, 0, 1, 1, 1, 0, 1, 0, 1
1.216176833333333, 1, 1, 1, 1, 0, 1, 0, 1
1.216176916666667, 0, 1, 1, 1, 0, 1, 0, 1
1.216176958333334, 1, 1, 1, 1, 0, 1, 0, 1
1.216177041666667, 0, 1, 1, 1, 0, 1, 0, 1
1.216177083333333, 1, 1, 1, 1, 0, 1, 0, 1
1.216177166666667, 0, 1, 1, 1, 1, 1, 0, 1
1.216177208333333, 1, 1, 1, 1, 1, 1, 0, 1
1.216177291666667, 0, 1, 1, 1, 1, 1, 0, 1
1.216177333333333, 1, 1, 1, 1, 1, 1, 0, 1
1.216177416666667, 0, 1, 1, 1, 1, 1, 0, 1
1.216177458333333, 1, 1, 1, 1, 1, 1, 0, 1
1.216177541666667, 0, 1, 1, 1, 1, 1, 0, 1
1.216177583333333, 1, 1, 1, 1, 1, 1, 0, 1
1.216177666666667, 0, 1, 1, 1, 1, 1, 0, 1
1.216177708333333, 1, 1, 1, 1, 1, 1, 0, 1
1.216177791666667, 0, 1, 1, 1, 1, 1, 0, 1
1.216179416666667, 0, 1, 1, 1, 0, 1, 0, 1
1.216179458333333, 1, 1, 1, 1, 0, 1, 0, 1
1.216179541666667, 0, 1, 1, 1, 0, 1, 0, 1
1.216179583333333, 1, 1, 1, 1, 0, 1, 0, 1
1.216179666666667, 0, 1, 1, 1, 0, 1, 0, 1
1.216179708333333, 1, 1, 1, 1, 0, 1, 0, 1
1.216179791666667, 0, 1, 1, 1, 0, 1, 0, 1
1.216179833333333, 1, 1, 1, 1, 0, 1, 0, 1
1.216179916666667, 0, 1, 1, 1, 0, 1, 0, 1
1.216179958333333, 1, 1, 1, 1, 0, 1, 0, 1
1.216180041666667, 0, 1, 1, 1, 0, 1, 0, 1
1.216180083333333, 1, 1, 1, 1, 0, 1, 0, 1
1.216180166666667, 0, 1, 1, 1, 0, 1, 0, 1
1.216180208333334, 1, 1, 1, 1, 0, 1, 0, 1
1.216180291666667, 0, 1, 1, 1, 0, 1, 0, 1
1.216180333333333, 1, 1, 1, 1, 0, 1, 0, 1
1.216180416666667, 0, 1, 1, 1, 1, 1, 0, 1
1.216181333333333, 0, 1, 1, 1, 0, 1, 0, 1
1.216181416666667, 1, 1, 1, 1, 0, 1, 0, 1
1.216181458333333, 0, 1, 1, 1, 0, 1, 0, 1
1.216181541666667, 1, 1, 1, 1, 0, 1, 0, 1
1.216181583333333, 0, 1, 1, 1, 0, 1, 0, 1
1.216181666666667, 1, 1, 1, 1, 0, 1, 0, 1
1.216181708333333, 0, 1, 1, 1, 1, 1, 0, 1
1.216181791666667, 1, 1, 1, 1, 1, 1, 0, 1
1.216181833333333, 0, 1, 1, 1, 1, 1, 0, 1
1.216181916666667, 1, 1, 1, 1, 1, 1, 0, 1
1.216181958333333, 0, 1, 1, 1, 1, 1, 0, 1
1.216182041666667, 1, 1, 1, 1, 1, 1, 0, 1
1.216182083333333, 0, 1, 1, 1, 1, 1, 0, 1
1.216182166666667, 1, 1, 1, 1, 1, 1, 0, 1
1.216182208333333, 0, 1, 1, 1, 1, 1, 0, 1
1.216182291666667, 1, 1, 1, 1, 1, 1, 0, 1
1.216182333333333, 0, 1, 1, 1, 1, 1, 0, 1
1.216183958333333, 0, 1, 1, 1, 0, 1, 0, 1
1.216184041666667, 1, 1, 1, 1, 0, 1, 0, 1
1.216184083333333, 0, 1, 1, 1, 0, 1, 0, 1
1.216184166666667, 1, 1, 1, 1, 0, 1, 0, 1
1.216184208333333, 0, 1, 1, 1, 0, 1, 0, 1
1.216184291666667, 1, 1, 1, 1, 0, 1, 0, 1
1.216184333333333, 0, 1, 1, 1, 0, 1, 0, 1
1.216184416666667, 1, 1, 1, 1, 0, 1, 0, 1
1.216184458333333, 0, 1, 1, 1, 0, 1, 0, 1
1.216184541666667, 1, 1, 1, 1, 0, 1, 0, 1
1.216184583333333, 0, 1, 1, 1, 0, 1, 0, 1
1.216184666666667, 1, 1, 1, 1, 0, 1, 0, 1
1.216184708333333, 0, 1, 1, 1, 0, 1, 0, 1
1.216184791666667, 1, 1, 1, 1, 0, 1, 0, 1
1.216184833333333, 0, 1, 1, 1, 0, 1, 0, 1
1.216184916666667, 1, 1, 1, 1, 0, 1, 0, 1
1.216184958333334, 0, 1, 1, 1, 1, 1, 0, 1
1.216185916666667, 0, 1, 1, 1, 0, 1, 0, 1
1.216185958333333, 1, 1, 1, 1, 0, 1, 0, 1
1.216186041666667, 0, 1, 1, 1, 0, 1, 0, 1
1.216186083333333, 1, 1, 1, 1, 0, 1, 0, 1
1.216186166666667, 0, 1, 1, 1, 0, 1, 0, 1
1.216186208333333, 1, 1, 1, 1, 0, 1, 0, 1
1.216186291666667, 0, 1, 1, 1, 1, 1, 0, 1
1.216186333333333, 1, 1, 1, 1, 1, 1, 0, 1
1.216186416666667, 0, 1, 1, 1, 1, 1, 0, 1
1.216186458333333, 1, 1, 1, 1, 1, 1, 0, 1
1.216186541666667, 0, 1, 1, 1, 1, 1, 0, 1
1.216186583333333, 1, 1, 1, 1, 1, 1, 0, 1
1.216186666666667, 0, 1, 1, 1, 1, 1, 0, 1
1.216186708333333, 1, 1, 1, 1, 1, 1, 0, 1
1.216186791666667, 0, 1, 1, 1, 1, 1, 0, 1
1.216186833333333, 1, 1, 1, 1, 1, 1, 0, 1
1.216186916666667, 0, 1, 1, 1, 1, 1, 0, 1
1.216188541666667, 0, 1, 1, 1, 0, 1, 0, 1
1.216188583333333, 1, 1, 1, 1, 0, 1, 0, 1
1.216188666666667, 0, 1, 1, 1, 0, 1, 0, 1
1.216188708333333, 1, 1, 1, 1, 0, 1, 0, 1
1.216188791666667, 0, 1, 1, 1, 0, 1, 0, 1
1.216188833333333, 1, 1, 1, 1, 0, 1, 0, 1
1.216188916666667, 0, 1, 1, 1, 0, 1, 0, 1
1.216188958333333, 1, 1, 1, 1, 0, 1, 0, 1
1.216189041666667, 0, 1, 1, 1, 0, 1, 0, 1
1.216189083333333, 1, 1, 1, 1, 0, 1, 0, 1
1.216189166666667, 0, 1, 1, 1, 0, 1, 0, 1
1.216189208333333, 1, 1, 1, 1, 0, 1, 0, 1
1.216189291666667, 0, 1, 1, 1, 0, 1, 0, 1
1.216189333333333, 1, 1, 1, 1, 0, 1, 0, 1
1.216189416666667, 0, 1, 1, 1, 0, 1, 0, 1
1.216189458333333, 1, 1, 1, 1, 0, 1, 0, 1
1.216189541666667, 0, 1, 1, 1, 1, 1, 0, 1
1.216190458333333, 0, 1, 1, 1, 0, 1, 0, 1
1.216190541666667, 1, 1, 1, 1, 0, 1, 0, 1
1.216190583333333, 0, 1, 1, 1, 0, 1, 0, 1
1.216190666666667, 1, 1, 1, 1, 0, 1, 0, 1
1.216190708333333, 0, 1, 1, 1, 0, 1, 0, 1
1.216190791666667, 1, 1, 1, 1, 0, 1, 0, 1
1.216190833333333, 0, 1, 1, 1, 1, 1, 0, 1
1.216190916666667, 1, 1, 1, 1, 1, 1, 0, 1
1.216190958333333, 0, 1, 1, 1, 1, 1, 0, 1
1.216191041666667, 1, 1, 1, 1, 1, 1, 0, 1
1.216191083333333, 0, 1, 1, 1, 1, 1, 0, 1
1.216191166666667, 1, 1, 1, 1, 1, 1, 0, 1
1.216191208333333, 0, 1, 1, 1, 1, 1, 0, 1
1.216191291666667, 1, 1, 1, 1, 1, 1, 0, 1
1.216191333333333, 0, 1, 1, 1, 1, 1, 0, 1
1.216191416666667, 1, 1, 1, 1, 1, 1, 0, 1
1.216191458333333, 0, 1, 1, 1, 1, 1, 0, 1
1.216193083333333, 0, 1, 1, 1, 0, 1, 0, 1
1.216193166666667, 1, 1, 1, 1, 0, 1, 0, 1
1.216193208333333, 0, 1, 1, 1, 0, 1, 0, 1
1.216193291666667, 1, 1, 1, 1, 0, 1, 0, 1
1.216193333333333, 0, 1, 1, 1, 0, 1, 0, 1
1.216193416666667, 1, 1, 1, 1, 0, 1, 0, 1
1.216193458333333, 0, 1, 1, 1, 0, 1, 0, 1
1.216193541666667, 1, 1, 1, 1, 0, 1, 0, 1
1.216193583333333, 0, 1, 1, 1, 0, 1, 0, 1
1.216193666666667, 1, 1, 1, 1, 0, 1, 0, 1
1.216193708333333, 0, 1, 1, 1, 0, 1, 0, 1
1.216193791666667, 1, 1, 1, 1, 0, 1, 0, 1
1.216193833333333, 0, 1, 1, 1, 0, 1, 0, 1
1.216193916666667, 1, 1, 1, 1, 0, 1, 0, 1
1.216193958333333, 0, 1, 1, 1, 0, 1, 0, 1
1.216194041666667, 1, 1, 1, 1, 0, 1, 0, 1
1.216194083333333, 0, 1, 1, 1, 1, 1, 0, 1
1.216195041666667, 0, 1, 1, 1, 0, 1, 0, 1
1.216195083333333, 1, 1, 1, 1, 0, 1, 0, 1
1.216195166666667, 0, 1, 1, 1, 0, 1, 0, 1
1.216195208333333, 1, 1, 1, 1, 0, 1, 0, 1
1.216195291666667, 0, 1, 1, 1, 0, 1, 0, 1
1.216195333333334, 1, 1, 1, 1, 0, 1, 0, 1
1.216195416666667, 0, 1, 1, 1, 1, 1, 0, 1
1.216195458333333, 1, 1, 1, 1, 1, 1, 0, 1
1.216195541666667, 0, 1, 1, 1, 1, 1, 0, 1
1.216195583333333, 1, 1, 1, 1, 1, 1, 0, 1
1.216195666666667, 0, 1, 1, 1, 1, 1, 0, 1
1.216195708333333, 1, 1, 1, 1, 1, 1, 0, 1
1.216195791666667, 0, 1, 1, 1, 1, 1, 0, 1
1.216195833333333, 1, 1, 1, 1, 1, 1, 0, 1
1.216195916666667, 0, 1, 1, 1, 1, 1, 0, 1
1.216195958333333, 1, 1, 1, 1, 1, 1, 0, 1
1.216196041666667, 0, 1, 1, 1, 1, 1, 0, 1
1.216197666666667, 0, 1, 1, 1, 0, 1, 0, 1
1.216197708333334, 1, 1, 1, 1, 0, 1, 0, 1
1.216197791666667, 0, 1, 1, 1, 0, 1, 0, 1
1.216197833333333, 1, 1, 1, 1, 0, 1, 0, 1
1.216197916666667, 0, 1, 1, 1, 0, 1, 0, 1
1.216197958333333, 1, 1, 1, 1, 0, 1, 0, 1
1.216198041666667, 0, 1, 1, 1, 0, 1, 0, 1
1.216198083333333, 1, 1, 1, 1, 0, 1, 0, 1
1.216198166666667, 0, 1, 1, 1, 0, 1, 0, 1
1.216198208333333, 1, 1, 1, 1, 0, 1, 0, 1
1.216198291666667, 0, 1, 1, 1, 0, 1, 0, 1
1.216198333333333, 1, 1, 1, 1, 0, 1, 0, 1
1.216198416666667, 0, 1, 1, 1, 0, 1, 0, 1
1.216198458333333, 1, 1, 1, 1, 0, 1, 0, 1
1.216198541666667, 0, 1, 1, 1, 0, 1, 0, 1
1.216198583333333, 1, 1, 1, 1, 0, 1, 0, 1
1.216198666666667, 0, 1, 1, 1, 1, 1, 0, 1
1.216199583333333, 0, 1, 1, 1, 0, 1, 0, 1
1.216199666666667, 1, 1, 1, 1, 0, 1, 0, 1
1.216199708333333, 0, 1, 1, 1, 0, 1, 0, 1
1.216199791666667, 1, 1, 1, 1, 0, 1, 0, 1
1.216199833333333, 0, 1, 1, 1, 0, 1, 0, 1
1.216199916666667, 1, 1, 1, 1, 0, 1, 0, 1
1.216199958333333, 0, 1, 1, 1, 1, 1, 0, 1
1.216200041666667, 1, 1, 1, 1, 1, 1, 0, 1
1.216200083333334, 0, 1, 1, 1, 1, 1, 0, 1
1.216200166666667, 1, 1, 1, 1, 1, 1, 0, 1
1.216200208333333, 0, 1, 1, 1, 1, 1, 0, 1
1.216200291666667, 1, 1, 1, 1, 1, 1, 0, 1
1.216200333333333, 0, 1, 1, 1, 1, 1, 0, 1
1.216200416666667, 1, 1, 1, 1, 1, 1, 0, 1
1.216200458333333, 0, 1, 1, 1, 1, 1, 0, 1
1.216200541666667, 1, 1, 1, 1, 1, 1, 0, 1
1.216200583333333, 0, 1, 1, 1, 1, 1, 0, 1
1.216202208333333, 0, 1, 1, 1, 0, 1, 0, 1
1.216202291666667, 1, 1, 1, 1, 0, 1, 0, 1
1.216202333333333, 0, 1, 1, 1, 0, 1, 0, 1
1.216202416666667, 1, 1, 1, 1, 0, 1, 0, 1
1.216202458333334, 0, 1, 1, 1, 0, 1, 0, 1
1.216202541666667, 1, 1, 1, 1, 0, 1, 0, 1
1.216202583333333, 0, 1, 1, 1, 0, 1, 0, 1
1.216202666666667, 1, 1, 1, 1, 0, 1, 0, 1
1.216202708333333, 0, 1, 1, 1, 0, 1, 0, 1
1.216202791666667, 1, 1, 1, 1, 0, 1, 0, 1
1.216202833333333, 0, 1, 1, 1, 0, 1, 0, 1
1.216202916666667, 1, 1, 1, 1, 0, 1, 0, 1
1.216202958333333, 0, 1, 1, 1, 0, 1, 0, 1
1.216203041666667, 1, 1, 1, 1, 0, 1, 0, 1
1.216203083333333, 0, 1, 1, 1, 0, 1, 0, 1
1.216203166666667, 1, 1, 1, 1, 0, 1, 0, 1
1.216203208333333, 0, 1, 1, 1, 1, 1, 0, 1
1.216204166666667, 0, 1, 1, 1, 0, 1, 0, 1
1.216204208333333, 1, 1, 1, 1, 0, 1, 0, 1
1.216204291666667, 0, 1, 1, 1, 0, 1, 0, 1
1.216204333333333, 1, 1, 1, 1, 0, 1, 0, 1
1.216204416666667, 0, 1, 1, 1, 0, 1, 0, 1
1.216204458333333, 1, 1, 1, 1, 0, 1, 0, 1
1.216204541666667, 0, 1, 1, 1, 1, 1, 0, 1
1.216204583333333, 1, 1, 1, 1, 1, 1, 0, 1
1.216204666666667, 0, 1, 1, 1, 1, 1, 0, 1
1.216204708333333, 1, 1, 1, 1, 1, 1, 0, 1
1.216204791666667, 0, 1, 1, 1, 1, 1, 0, 1
1.216204833333334, 1, 1, 1, 1, 1, 1, 0, 1
1.216204916666667, 0, 1, 1, 1, 1, 1, 0, 1
1.216204958333333, 1, 1, 1, 1, 1, 1, 0, 1
1.216205041666667, 0, 1, 1, 1, 1, 1, 0, 1
1.216205083333333, 1, 1, 1, 1, 1, 1, 0, 1
1.216205166666667, 0, 1, 1, 1, 1, 1, 0, 1
1.216206791666667, 0, 1, 1, 1, 0, 1, 0, 1
1.216206833333333, 1, 1, 1, 1, 0, 1, 0, 1
1.216206916666667, 0, 1, 1, 1, 0, 1, 0, 1
1.216206958333333, 1, 1, 1, 1, 0, 1, 0, 1
1.216207041666667, 0, 1, 1, 1, 0, 1, 0, 1
1.216207083333333, 1, 1, 1, 1, 0, 1, 0, 1
1.216207166666667, 0, 1, 1, 1, 0, 1, 0, 1
1.216207208333334, 1, 1, 1, 1, 0, 1, 0, 1
1.216207291666667, 0, 1, 1, 1, 0, 1, 0, 1
1.216207333333333, 1, 1, 1, 1, 0, 1, 0, 1
1.216207416666667, 0, 1, 1, 1, 0, 1, 0, 1
1.216207458333333, 1, 1, 1, 1, 0, 1, 0, 1
1.216207541666667, 0, 1, 1, 1, 0, 1, 0, 1
1.216207583333333, 1, 1, 1, 1, 0, 1, 0, 1
1.216207666666667, 0, 1, 1, 1, 0, 1, 0, 1
1.216207708333333, 1, 1, 1, 1, 0, 1, 0, 1
1.216207791666667, 0, 1, 1, 1, 1, 1, 0, 1
1.216208708333333, 0, 1, 1, 1, 0, 1, 0, 1
1.216208791666667, 1, 1, 1, 1, 0, 1, 0, 1
1.216208833333333, 0, 1, 1, 1, 0, 1, 0, 1
1.216208916666667, 1, 1, 1, 1, 0, 1, 0, 1
1.216208958333333, 0, 1, 1, 1, 0, 1, 0, 1
1.216209041666667, 1, 1, 1, 1, 0, 1, 0, 1
1.216209083333333, 0, 1, 1, 1, 1, 1, 0, 1
1.216209166666667, 1, 1, 1, 1, 1, 1, 0, 1
1.216209208333333, 0, 1, 1, 1, 1, 1, 0, 1
1.216209291666667, 1, 1, 1, 1, 1, 1, 0, 1
1.216209333333333, 0, 1, 1, 1, 1, 1, 0, 1
1.216209416666667, 1, 1, 1, 1, 1, 1, 0, 1
1.216209458333333, 0, 1, 1, 1, 1, 1, 0, 1
1.216209541666667, 1, 1, 1, 1, 1, 1, 0, 1
1.216209583333334, 0, 1, 1, 1, 1, 1, 0, 1
1.216209666666667, 1, 1, 1, 1, 1, 1, 0, 1
1.216209708333333, 0, 1, 1, 1, 1, 1, 0, 1
1.216211333333333, 0, 1, 1, 1, 0, 1, 0, 1
1.216211416666667, 1, 1, 1, 1, 0, 1, 0, 1
1.216211458333333, 0, 1, 1, 1, 0, 1, 0, 1
1.216211541666667, 1, 1, 1, 1, 0, 1, 0, 1
1.216211583333333, 0, 1, 1, 1, 0, 1, 0, 1
1.216211666666667, 1, 1, 1, 1, 0, 1, 0, 1
1.216211708333333, 0, 1, 1, 1, 0, 1, 0, 1
1.216211791666667, 1, 1, 1, 1, 0, 1, 0, 1
1.216211833333333, 0, 1, 1, 1, 0, 1, 0, 1
1.216211916666667, 1, 1, 1, 1, 0, 1, 0, 1
1.216211958333334, 0, 1, 1, 1, 0, 1, 0, 1
1.216212041666667, 1, 1, 1, 1, 0, 1, 0, 1
1.216212083333333, 0, 1, 1, 1, 0, 1, 0, 1
1.216212166666667, 1, 1, 1, 1, 0, 1, 0, 1
1.216212208333333, 0, 1, 1, 1, 0, 1, 0, 1
1.216212291666667, 1, 1, 1, 1, 0, 1, 0, 1
1.216212333333333, 0, 1, 1, 1, 1, 1, 0, 1
1.216213291666667, 0, 1, 1, 1, 0, 1, 0, 1
1.216213333333333, 1, 1, 1, 1, 0, 1, 0, 1
1.216213416666667, 0, 1, 1, 1, 0, 1, 0, 1
1.216213458333333, 1, 1, 1, 1, 0, 1, 0, 1
1.216213541666667, 0, 1, 1, 1, 0, 1, 0, 1
1.216213583333333, 1, 1, 1, 1, 0, 1, 0, 1
1.216213666666667, 0, 1, 1, 1, 1, 1, 0, 1
1.216213708333333, 1, 1, 1, 1, 1, 1, 0, 1
1.216213791666667, 0, 1, 1, 1, 1, 1, 0, 1
1.216213833333333, 1, 1, 1, 1, 1, 1, 0, 1
1.216213916666667, 0, 1, 1, 1, 1, 1, 0, 1
1.216213958333333, 1, 1, 1, 1, 1, 1, 0, 1
1.216214041666667, 0, 1, 1, 1, 1, 1, 0, 1
1.216214083333333, 1, 1, 1, 1, 1, 1, 0, 1
1.216214166666667, 0, 1, 1, 1, 1, 1, 0, 1
1.216214208333333, 1, 1, 1, 1, 1, 1, 0, 1
1.216214291666667, 0, 1, 1, 1, 1, 1, 0, 1
1.216215916666667, 0, 1, 1, 1, 0, 1, 0, 1
1.216215958333333, 1, 1, 1, 1, 0, 1, 0, 1
1.216216041666667, 0, 1, 1, 1, 0, 1, 0, 1
1.216216083333333, 1, 1, 1, 1, 0, 1, 0, 1
1.216216166666667, 0, 1, 1, 1, 0, 1, 0, 1
1.216216208333333, 1, 1, 1, 1, 0, 1, 0, 1
1.216216291666667, 0, 1, 1, 1, 0, 1, 0, 1
1.216216333333333, 1, 1, 1, 1, 0, 1, 0, 1
1.216216416666667, 0, 1, 1, 1, 0, 1, 0, 1
1.216216458333333, 1, 1, 1, 1, 0, 1, 0, 1
1.216216541666667, 0, 1, 1, 1, 0, 1, 0, 1
1.216216583333333, 1, 1, 1, 1, 0, 1, 0, 1
1.216216666666667, 0, 1, 1, 1, 0, 1, 0, 1
1.216216708333334, 1, 1, 1, 1, 0, 1, 0, 1
1.216216791666667, 0, 1, 1, 1, 0, 1, 0, 1
1.216216833333333, 1, 1, 1, 1, 0, 1, 0, 1
1.216216916666667, 0, 1, 1, 1, 1, 1, 0, 1
1.216217833333333, 0, 1, 1, 1, 0, 1, 0, 1
1.216217916666667, 1, 1, 1, 1, 0, 1, 0, 1
1.216217958333333, 0, 1, 1, 1, 0, 1, 0, 1
1.216218041666667, 1, 1, 1, 1, 0, 1, 0, 1
1.216218083333333, 0, 1, 1, 1, 0, 1, 0, 1
1.216218166666667, 1, 1, 1, 1, 0, 1, 0, 1
1.216218208333333, 0, 1, 1, 1, 1, 1, 0, 1
1.216218291666667, 1, 1, 1, 1, 1, 1, 0, 1
1.216218333333333, 0, 1, 1, 1, 1, 1, 0, 1
1.216218416666667, 1, 1, 1, 1, 1, 1, 0, 1
1.216218458333333, 0, 1, 1, 1, 1, 1, 0, 1
1.216218541666667, 1, 1, 1, 1, 1, 1, 0, 1
1.216218583333333, 0, 1, 1, 1, 1, 1, 0, 1
1.216218666666667, 1, 1, 1, 1, 1, 1, 0, 1
1.216218708333333, 0, 1, 1, 1, 1, 1, 0, 1
1.216218791666667, 1, 1, 1, 1, 1, 1, 0, 1
1.216218833333333, 0, 1, 1, 1, 1, 1, 0, 1
1.216220458333333, 0, 1, 1, 1, 0, 1, 0, 1
1.216220541666667, 1, 1, 1, 1, 0, 1, 0, 1
1.216220583333333, 0, 1, 1, 1, 0, 1, 0, 1
1.216220666666667, 1, 1, 1, 1, 0, 1, 0, 1
1.216220708333333, 0, 1, 1, 1, 0, 1, 0, 1
1.216220791666667, 1, 1, 1, 1, 0, 1, 0, 1
1.216220833333333, 0, 1, 1, 1, 0, 1, 0, 1
1.216220916666667, 1, 1, 1, 1, 0, 1, 0, 1
1.216220958333333, 0, 1, 1, 1, 0, 1, 0, 1
1.216221041666667, 1, 1, 1, 1, 0, 1, 0, 1
1.216221083333333, 0, 1, 1, 1, 0, 1, 0, 1
1.216221166666667, 1, 1, 1, 1, 0, 1, 0, 1
1.216221208333333, 0, 1, 1, 1, 0, 1, 0, 1
1.216221291666667, 1, 1, 1, 1, 0, 1, 0, 1
1.216221333333333, 0, 1, 1, 1, 0, 1, 0, 1
1.216221416666667, 1, 1, 1, 1, 0, 1, 0, 1
1.216221458333334, 0, 1, 1, 1, 1, 1, 0, 1
1.216222416666667, 0, 1, 1, 1, 0, 1, 0, 1
1.216222458333333, 1, 1, 1, 1, 0, 1, 0, 1
1.216222541666667, 0, 1, 1, 1, 0, 1, 0, 1
1.216222583333333, 1, 1, 1, 1, 0, 1, 0, 1
1.216222666666667, 0, 1, 1, 1, 0, 1, 0, 1
1.216222708333333, 1, 1, 1, 1, 0, 1, 0, 1
1.216222791666667, 0, 1, 1, 1, 1, 1, 0, 1
1.216222833333333, 1, 1, 1, 1, 1, 1, 0, 1
1.216222916666667, 0, 1, 1, 1, 1, 1, 0, 1
1.216222958333333, 1, 1, 1, 1, 1, 1, 0, 1
1.216223041666667, 0, 1, 1, 1, 1, 1, 0, 1
1.216223083333333, 1, 1, 1, 1, 1, 1, 0, 1
1.216223166666667, 0, 1, 1, 1, 1, 1, 0, 1
1.216223208333333, 1, 1, 1, 1, 1, 1, 0, 1
1.216223291666667, 0, 1, 1, 1, 1, 1, 0, 1
1.216223333333333, 1, 1, 1, 1, 1, 1, 0, 1
1.216223416666667, 0, 1, 1, 1, 1, 1, 0, 1
1.216225041666667, 0, 1, 1, 1, 0, 1, 0, 1
1.216225083333333, 1, 1, 1, 1, 0, 1, 0, 1
1.216225166666667, 0, 1, 1, 1, 0, 1, 0, 1
1.216225208333333, 1, 1, 1, 1, 0, 1, 0, 1
1.216225291666667, 0, 1, 1, 1, 0, 1, 0, 1
1.216225333333333, 1, 1, 1, 1, 0, 1, 0, 1
1.216225416666667, 0, 1, 1, 1, 0, 1, 0, 1
1.216225458333333, 1, 1, 1, 1, 0, 1, 0, 1
1.216225541666667, 0, 1, 1, 1, 0, 1, 0, 1
1.216225583333333, 1, 1, 1, 1, 0, 1, 0, 1
1.216225666666667, 0, 1, 1, 1, 0, 1, 0, 1
1.216225708333333, 1, 1, 1, 1, 0, 1, 0, 1
1.216225791666667, 0, 1, 1, 1, 0, 1, 0, 1
1.216225833333333, 1, 1, 1, 1, 0, 1, 0, 1
1.216225916666667, 0, 1, 1, 1, 0, 1, 0, 1
1.216225958333333, 1, 1, 1, 1, 0, 1, 0, 1
1.216226041666667, 0, 1, 1, 1, 1, 1, 0, 1
1.216226958333333, 0, 1, 1, 1, 0, 1, 0, 1
1.216227041666667, 1, 1, 1, 1, 0, 1, 0, 1
1.216227083333334, 0, 1, 1, 1, 0, 1, 0, 1
1.216227166666667, 1, 1, 1, 1, 0, 1, 0, 1
1.216227208333333, 0, 1, 1, 1, 0, 1, 0, 1
1.216227291666667, 1, 1, 1, 1, 0, 1, 0, 1
1.216227333333333, 0, 1, 1, 1, 1, 1, 0, 1
1.216227416666667, 1, 1, 1, 1, 1, 1, 0, 1
1.216227458333333, 0, 1, 1, 1, 1, 1, 0, 1
1.216227541666667, 1, 1, 1, 1, 1, 1, 0, 1
1.216227583333333, 0, 1, 1, 1, 1, 1, 0, 1
1.216227666666667, 1, 1, 1, 1, 1, 1, 0, 1
1.216227708333333, 0, 1, 1, 1, 1, 1, 0, 1
1.216227791666667, 1, 1, 1, 1, 1, 1, 0, 1
1.216227833333333, 0, 1, 1, 1, 1, 1, 0, 1
1.216227916666667, 1, 1, 1, 1, 1, 1, 0, 1
1.216227958333333, 0, 1, 1, 1, 1, 1, 0, 1
1.216229583333333, 0, 1, 1, 1, 0, 1, 0, 1
1.216229666666667, 1, 1, 1, 1, 0, 1, 0, 1
1.216229708333333, 0, 1, 1, 1, 0, 1, 0, 1
1.216229791666667, 1, 1, 1, 1, 0, 1, 0, 1
1.216229833333333, 0, 1, 1, 1, 0, 1, 0, 1
1.216229916666667, 1, 1, 1, 1, 0, 1, 0, 1
1.216229958333333, 0, 1, 1, 1, 0, 1, 0, 1
1.216230041666667, 1, 1, 1, 1, 0, 1, 0, 1
1.216230083333333, 0, 1, 1, 1, 0, 1, 0, 1
1.216230166666667, 1, 1, 1, 1, 0, 1, 0, 1
1.216230208333333, 0, 1, 1, 1, 0, 1, 0, 1
1.216230291666667, 1, 1, 1, 1, 0, 1, 0, 1
1.216230333333333, 0, 1, 1, 1, 0, 1, 0, 1
1.216230416666667, 1, 1, 1, 1, 0, 1, 0, 1
1.216230458333333, 0, 1, 1, 1, 0, 1, 0, 1
1.216230541666667, 1, 1, 1, 1, 0, 1, 0, 1
1.216230583333333, 0, 1, 1, 1, 1, 1, 0, 1
1.216231541666667, 0, 1, 1, 1, 0, 1, 0, 1
1.216231583333333, 1, 1, 1, 1, 0, 1, 0, 1
1.216231666666667, 0, 1, 1, 1, 0, 1, 0, 1
1.216231708333333, 1, 1, 1, 1, 0, 1, 0, 1
1.216231791666667, 0, 1, 1, 1, 0, 1, 0, 1
1.216231833333334, 1, 1, 1, 1, 0, 1, 0, 1
1.216231916666667, 0, 1, 1, 1, 1, 1, 0, 1
1.216231958333333, 1, 1, 1, 1, 1, 1, 0, 1
1.216232041666667, 0, 1, 1, 1, 1, 1, 0, 1
1.216232083333333, 1, 1, 1, 1, 1, 1, 0, 1
1.216232166666667, 0, 1, 1, 1, 1, 1, 0, 1
1.216232208333333, 1, 1, 1, 1, 1, 1, 0, 1
1.216232291666667, 0, 1, 1, 1, 1, 1, 0, 1
1.216232333333333, 1, 1, 1, 1, 1, 1, 0, 1
1.216232416666667, 0, 1, 1, 1, 1, 1, 0, 1
1.216232458333333, 1, 1, 1, 1, 1, 1, 0, 1
1.216232541666667, 0, 1, 1, 1, 1, 1, 0, 1
1.216234166666667, 0, 1, 1, 1, 0, 1, 0, 1
1.216234208333334, 1, 1, 1, 1, 0, 1, 0, 1
1.216234291666667, 0, 1, 1, 1, 0, 1, 0, 1
1.216234333333333, 1, 1, 1, 1, 0, 1, 0, 1
1.216234416666667, 0, 1, 1, 1, 0, 1, 0, 1
1.216234458333333, 1, 1, 1, 1, 0, 1, 0, 1
1.216234541666667, 0, 1, 1, 1, 0, 1, 0, 1
1.216234583333333, 1, 1, 1, 1, 0, 1, 0, 1
1.216234666666667, 0, 1, 1, 1, 0, 1, 0, 1
1.216234708333333, 1, 1, 1, 1, 0, 1, 0, 1
1.216234791666667, 0, 1, 1, 1, 0, 1, 0, 1
1.216234833333333, 1, 1, 1, 1, 0, 1, 0, 1
1.216234916666667, 0, 1, 1, 1, 0, 1, 0, 1
1.216234958333333, 1, 1, 1, 1, 0, 1, 0, 1
1.216235041666667, 0, 1, 1, 1, 0, 1, 0, 1
1.216235083333333, 1, 1, 1, 1, 0, 1, 0, 1
1.216235166666667, 0, 1, 1, 1, 1, 1, 0, 1
1.216236083333333, 0, 1, 1, 1, 0, 1, 0, 1
1.216236166666667, 1, 1, 1, 1, 0, 1, 0, 1
1.216236208333333, 0, 1, 1, 1, 0, 1, 0, 1
1.216236291666667, 1, 1, 1, 1, 0, 1, 0, 1
1.216236333333333, 0, 1, 1, 1, 0, 1, 0, 1
1.216236416666667, 1, 1, 1, 1, 0, 1, 0, 1
1.216236458333333, 0, 1, 1, 1, 1, 1, 0, 1
1.216236541666667, 1, 1, 1, 1, 1, 1, 0, 1
1.216236583333334, 0, 1, 1, 1, 1, 1, 0, 1
1.216236666666667, 1, 1, 1, 1, 1, 1, 0, 1
1.216236708333333, 0, 1, 1, 1, 1, 1, 0, 1
1.216236791666667, 1, 1, 1, 1, 1, 1, 0, 1
1.216236833333333, 0, 1, 1, 1, 1, 1, 0, 1
1.216236916666667, 1, 1, 1, 1, 1, 1, 0, 1
1.216236958333333, 0, 1, 1, 1, 1, 1, 0, 1
1.216237041666667, 1, 1, 1, 1, 1, 1, 0, 1
1.216237083333333, 0, 1, 1, 1, 1, 1, 0, 1
1.216238708333333, 0, 1, 1, 1, 0, 1, 0, 1
1.216238791666667, 1, 1, 1, 1, 0, 1, 0, 1
1.216238833333333, 0, 1, 1, 1, 0, 1, 0, 1
1.216238916666667, 1, 1, 1, 1, 0, 1, 0, 1
1.216238958333334, 0, 1, 1, 1, 0, 1, 0, 1
1.216239041666667, 1, 1, 1, 1, 0, 1, 0, 1
1.216239083333333, 0, 1, 1, 1, 0, 1, 0, 1
1.216239166666667, 1, 1, 1, 1, 0, 1, 0, 1
1.216239208333333, 0, 1, 1, 1, 0, 1, 0, 1
1.216239291666667, 1, 1, 1, 1, 0, 1, 0, 1
1.216239333333333, 0, 1, 1, 1, 0, 1, 0, 1
1.216239416666667, 1, 1, 1, 1, 0, 1, 0, 1
1.216239458333333, 0, 1, 1, 1, 0, 1, 0, 1
1.216239541666667, 1, 1, 1, 1, 0, 1, 0, 1
1.216239583333333, 0, 1, 1, 1, 0, 1, 0, 1
1.216239666666667, 1, 1, 1, 1, 0, 1, 0, 1
1.216239708333333, 0, 1, 1, 1, 1, 1, 0, 1
1.216240666666667, 0, 1, 1, 1, 0, 1, 0, 1
1.216240708333333, 1, 1, 1, 1, 0, 1, 0, 1
1.216240791666667, 0, 1, 1, 1, 0, 1, 0, 1
1.216240833333333, 1, 1, 1, 1, 0, 1, 0, 1
1.216240916666667, 0, 1, 1, 1, 0, 1, 0, 1
1.216240958333333, 1, 1, 1, 1, 0, 1, 0, 1
1.216241041666667, 0, 1, 1, 1, 1, 1, 0, 1
1.216241083333333, 1, 1, 1, 1, 1, 1, 0, 1
1.216241166666667, 0, 1, 1, 1, 1, 1, 0, 1
1.216241208333333, 1, 1, 1, 1, 1, 1, 0, 1
1.216241291666667, 0, 1, 1, 1, 1, 1, 0, 1
1.216241333333334, 1, 1, 1, 1, 1, 1, 0, 1
1.216241416666667, 0, 1, 1, 1, 1, 1, 0, 1
1.216241458333333, 1, 1, 1, 1, 1, 1, 0, 1
1.216241541666667, 0, 1, 1, 1, 1, 1, 0, 1
1.216241583333333, 1, 1, 1, 1, 1, 1, 0, 1
1.216241666666667, 0, 1, 1, 1, 1, 1, 0, 1
1.216243291666667, 0, 1, 1, 1, 0, 1, 0, 1
1.216243333333333, 1, 1, 1, 1, 0, 1, 0, 1
1.216243416666667, 0, 1, 1, 1, 0, 1, 0, 1
1.216243458333333, 1, 1, 1, 1, 0, 1, 0, 1
1.216243541666667, 0, 1, 1, 1, 0, 1, 0, 1
1.216243583333333, 1, 1, 1, 1, 0, 1, 0, 1
1.216243666666667, 0, 1, 1, 1, 0, 1, 0, 1
1.216243708333334, 1, 1, 1, 1, 0, 1, 0, 1
1.216243791666667, 0, 1, 1, 1, 0, 1, 0, 1
1.216243833333333, 1, 1, 1, 1, 0, 1, 0, 1
1.216243916666667, 0, 1, 1, 1, 0, 1, 0, 1
1.216243958333333, 1, 1, 1, 1, 0, 1, 0, 1
1.216244041666667, 0, 1, 1, 1, 0, 1, 0, 1
1.216244083333333, 1, 1, 1, 1, 0, 1, 0, 1
1.216244166666667, 0, 1, 1, 1, 0, 1, 0, 1
1.216244208333333, 1, 1, 1, 1, 0, 1, 0, 1
1.216244291666667, 0, 1, 1, 1, 1, 1, 0, 1
1.216245208333333, 0, 1, 1, 1, 0, 1, 0, 1
1.216245291666667, 1, 1, 1, 1, 0, 1, 0, 1
1.216245333333333, 0, 1, 1, 1, 0, 1, 0, 1
1.216245416666667, 1, 1, 1, 1, 0, 1, 0, 1
1.216245458333333, 0, 1, 1, 1, 0, 1, 0, 1
1.216245541666667, 1, 1, 1, 1, 0, 1, 0, 1
1.216245583333333, 0, 1, 1, 1, 1, 1, 0, 1
1.216245666666667, 1, 1, 1, 1, 1, 1, 0, 1
1.216245708333333, 0, 1, 1, 1, 1, 1, 0, 1
1.216245791666667, 1, 1, 1, 1, 1, 1, 0, 1
1.216245833333333, 0, 1, 1, 1, 1, 1, 0, 1
1.216245916666667, 1, 1, 1, 1, 1, 1, 0, 1
1.216245958333333, 0, 1, 1, 1, 1, 1, 0, 1
1.216246041666667, 1, 1, 1, 1, 1, 1, 0, 1
1.216246083333334, 0, 1, 1, 1, 1, 1, 0, 1
1.216246166666667, 1, 1, 1, 1, 1, 1, 0, 1
1.216246208333333, 0, 1, 1, 1, 1, 1, 0, 1
1.216247833333333, 0, 1, 1, 1, 0, 1, 0, 1
1.216247916666667, 1, 1, 1, 1, 0, 1, 0, 1
1.216247958333333, 0, 1, 1, 1, 0, 1, 0, 1
1.216248041666667, 1, 1, 1, 1, 0, 1, 0, 1
1.216248083333333, 0, 1, 1, 1, 0, 1, 0, 1
1.216248166666667, 1, 1, 1, 1, 0, 1, 0, 1
1.216248208333333, 0, 1, 1, 1, 0, 1, 0, 1
1.216248291666667, 1, 1, 1, 1, 0, 1, 0, 1
1.216248333333333, 0, 1, 1, 1, 0, 1, 0, 1
1.216248416666667, 1, 1, 1, 1, 0, 1, 0, 1
1.216248458333334, 0, 1, 1, 1, 0, 1, 0, 1
1.216248541666667, 1, 1, 1, 1, 0, 1, 0, 1
1.216248583333333, 0, 1, 1, 1, 0, 1, 0, 1
1.216248666666667, 1, 1, 1, 1, 0, 1, 0, 1
1.216248708333333, 0, 1, 1, 1, 0, 1, 0, 1
1.216248791666667, 1, 1, 1, 1, 0, 1, 0, 1
1.216248833333333, 0, 1, 1, 1, 1, 1, 0, 1
1.216249791666667, 0, 1, 1, 1, 0, 1, 0, 1
1.216249833333333, 1, 1, 1, 1, 0, 1, 0, 1
1.216249916666667, 0, 1, 1, 1, 0, 1, 0, 1
1.216249958333333, 1, 1, 1, 1, 0, 1, 0, 1
1.216250041666667, 0, 1, 1, 1, 0, 1, 0, 1
1.216250083333333, 1, 1, 1, 1, 0, 1, 0, 1
1.216250166666667, 0, 1, 1, 1, 1, 1, 0, 1
1.216250208333333, 1, 1, 1, 1, 1, 1, 0, 1
1.216250291666667, 0, 1, 1, 1, 1, 1, 0, 1
1.216250333333333, 1, 1, 1, 1, 1, 1, 0, 1
1.216250416666667, 0, 1, 1, 1, 1, 1, 0, 1
1.216250458333333, 1, 1, 1, 1, 1, 1, 0, 1
1.216250541666667, 0, 1, 1, 1, 1, 1, 0, 1
1.216250583333333, 1, 1, 1, 1, 1, 1, 0, 1
1.216250666666667, 0, 1, 1, 1, 1, 1, 0, 1
1.216250708333333, 1, 1, 1, 1, 1, 1, 0, 1
1.216250791666667, 0, 1, 1, 1, 1, 1, 0, 1
1.216252416666667, 0, 1, 1, 1, 0, 1, 0, 1
1.216252458333333, 1, 1, 1, 1, 0, 1, 0, 1
1.216252541666667, 0, 1, 1, 1, 0, 1, 0, 1
1.216252583333333, 1, 1, 1, 1, 0, 1, 0, 1
1.216252666666667, 0, 1, 1, 1, 0, 1, 0, 1
1.216252708333333, 1, 1, 1, 1, 0, 1, 0, 1
1.216252791666667, 0, 1, 1, 1, 0, 1, 0, 1
1.216252833333333, 1, 1, 1, 1, 0, 1, 0, 1
1.216252916666667, 0, 1, 1, 1, 0, 1, 0, 1
1.216252958333333, 1, 1, 1, 1, 0, 1, 0, 1
1.216253041666667, 0, 1, 1, 1, 0, 1, 0, 1
1.216253083333333, 1, 1, 1, 1, 0, 1, 0, 1
1.216253166666667, 0, 1, 1, 1, 0, 1, 0, 1
1.216253208333334, 1, 1, 1, 1, 0, 1, 0, 1
1.216253291666667, 0, 1, 1, 1, 0, 1, 0, 1
1.216253333333333, 1, 1, 1, 1, 0, 1, 0, 1
1.216253416666667, 0, 1, 1, 1, 1, 1, 0, 1
1.216254333333333, 0, 1, 1, 1, 0, 1, 0, 1
1.216254416666667, 1, 1, 1, 1, 0, 1, 0, 1
1.216254458333333, 0, 1, 1, 1, 0, 1, 0, 1
1.216254541666667, 1, 1, 1, 1, 0, 1, 0, 1
1.216254583333333, 0, 1, 1, 1, 0, 1, 0, 1
1.216254666666667, 1, 1, 1, 1, 0, 1, 0, 1
1.216254708333333, 0, 1, 1, 1, 1, 1, 0, 1
1.216254791666667, 1, 1, 1, 1, 1, 1, 0, 1
1.216254833333333, 0, 1, 1, 1, 1, 1, 0, 1
1.216254916666667, 1, 1, 1, 1, 1, 1, 0, 1
1.216254958333333, 0, 1, 1, 1, 1, 1, 0, 1
1.216255041666667, 1, 1, 1, 1, 1, 1, 0, 1
1.216255083333333, 0, 1, 1, 1, 1, 1, 0, 1
1.216255166666667, 1, 1, 1, 1, 1, 1, 0, 1
1.216255208333333, 0, 1, 1, 1, 1, 1, 0, 1
1.216255291666667, 1, 1, 1, 1, 1, 1, 0, 1
1.216255333333333, 0, 1, 1, 1, 1, 1, 0, 1
1.216256958333333, 0, 1, 1, 1, 0, 1, 0, 1
1.216257041666667, 1, 1, 1, 1, 0, 1, 0, 1
1.216257083333333, 0, 1, 1, 1, 0, 1, 0, 1
1.216257166666667, 1, 1, 1, 1, 0, 1, 0, 1
1.216257208333333, 0, 1, 1, 1, 0, 1, 0, 1
1.216257291666667, 1, 1, 1, 1, 0, 1, 0, 1
1.216257333333333, 0, 1, 1, 1, 0, 1, 0, 1
1.216257416666667, 1, 1, 1, 1, 0, 1, 0, 1
1.216257458333333, 0, 1, 1, 1, 0, 1, 0, 1
1.216257541666667, 1, 1, 1, 1, 0, 1, 0, 1
1.216257583333333, 0, 1, 1, 1, 0, 1, 0, 1
1.216257666666667, 1, 1, 1, 1, 0, 1, 0, 1
1.216257708333333, 0, 1, 1, 1, 0, 1, 0, 1
1.216257791666667, 1, 1, 1, 1, 0, 1, 0, 1
1.216257833333333, 0, 1, 1, 1, 0, 1, 0, 1
1.216257916666667, 1, 1, 1, 1, 0, 1, 0, 1
1.216257958333333, 0, 1, 1, 1, 1, 1, 0, 1
1.216258916666667, 0, 1, 1, 1, 0, 1, 0, 1
1.216258958333333, 1, 1, 1, 1, 0, 1, 0, 1
1.216259041666667, 0, 1, 1, 1, 0, 1, 0, 1
1.216259083333333, 1, 1, 1, 1, 0, 1, 0, 1
1.216259166666667, 0, 1, 1, 1, 0, 1, 0, 1
1.216259208333333, 1, 1, 1, 1, 0, 1, 0, 1
1.216259291666667, 0, 1, 1, 1, 1, 1, 0, 1
1.216259333333333, 1, 1, 1, 1, 1, 1, 0, 1
1.216259416666667, 0, 1, 1, 1, 1, 1, 0, 1
1.216259458333333, 1, 1, 1, 1, 1, 1, 0, 1
1.216259541666667, 0, 1, 1, 1, 1, 1, 0, 1
1.216259583333333, 1, 1, 1, 1, 1, 1, 0, 1
1.216259666666667, 0, 1, 1, 1, 1, 1, 0, 1
1.216259708333333, 1, 1, 1, 1, 1, 1, 0, 1
1.216259791666667, 0, 1, 1, 1, 1, 1, 0, 1
1.216259833333333, 1, 1, 1, 1, 1, 1, 0, 1
1.216259916666667, 0, 1, 1, 1, 1, 1, 0, 1
1.216261541666667, 0, 1, 1, 1, 0, 1, 0, 1
1.216261583333333, 1, 1, 1, 1, 0, 1, 0, 1
1.216261666666667, 0, 1, 1, 1, 0, 1, 0, 1
1.216261708333333, 1, 1, 1, 1, 0, 1, 0, 1
1.216261791666667, 0, 1, 1, 1, 0, 1, 0, 1
1.216261833333333, 1, 1, 1, 1, 0, 1, 0, 1
1.216261916666667, 0, 1, 1, 1, 0, 1, 0, 1
1.216261958333333, 1, 1, 1, 1, 0, 1, 0, 1
1.216262041666667, 0, 1, 1, 1, 0, 1, 0, 1
1.216262083333333, 1, 1, 1, 1, 0, 1, 0, 1
1.216262166666667, 0, 1, 1, 1, 0, 1, 0, 1
1.216262208333333, 1, 1, 1, 1, 0, 1, 0, 1
1.216262291666667, 0, 1, 1, 1, 0, 1, 0, 1
1.216262333333333, 1, 1, 1, 1, 0, 1, 0, 1
1.216262416666667, 0, 1, 1, 1, 0, 1, 0, 1
1.216262458333333, 1, 1, 1, 1, 0, 1, 0, 1
1.216262541666667, 0, 1, 1, 1, 1, 1, 0, 1
1.216263458333333, 0, 1, 1, 1, 0, 1, 0, 1
1.216263541666667, 1, 1, 1, 1, 0, 1, 0, 1
1.216263583333334, 0, 1, 1, 1, 0, 1, 0, 1
1.216263666666667, 1, 1, 1, 1, 0, 1, 0, 1
1.216263708333333, 0, 1, 1, 1, 0, 1, 0, 1
1.216263791666667, 1, 1, 1, 1, 0, 1, 0, 1
1.216263833333333, 0, 1, 1, 1, 1, 1, 0, 1
1.216263916666667, 1, 1, 1, 1, 1, 1, 0, 1
1.216263958333333, 0, 1, 1, 1, 1, 1, 0, 1
1.216264041666667, 1, 1, 1, 1, 1, 1, 0, 1
1.216264083333333, 0, 1, 1, 1, 1, 1, 0, 1
1.216264166666667, 1, 1, 1, 1, 1, 1, 0, 1
1.216264208333333, 0, 1, 1, 1, 1, 1, 0, 1
1.216264291666667, 1, 1, 1, 1, 1, 1, 0, 1
1.216264333333333, 0, 1, 1, 1, 1, 1, 0, 1
1.216264416666667, 1, 1, 1, 1, 1, 1, 0, 1
1.216264458333333, 0, 1, 1, 1, 1, 1, 0, 1
1.216266083333333, 0, 1, 1, 1, 0, 1, 0, 1
1.216266166666667, 1, 1, 1, 1, 0, 1, 0, 1
1.216266208333333, 0, 1, 1, 1, 0, 1, 0, 1
1.216266291666667, 1, 1, 1, 1, 0, 1, 0, 1
1.216266333333333, 0, 1, 1, 1, 0, 1, 0, 1
1.216266416666667, 1, 1, 1, 1, 0, 1, 0, 1
1.216266458333333, 0, 1, 1, 1, 0, 1, 0, 1
1.216266541666667, 1, 1, 1, 1, 0, 1, 0, 1
1.216266583333333, 0, 1, 1, 1, 0, 1, 0, 1
1.216266666666667, 1, 1, 1, 1, 0, 1, 0, 1
1.216266708333333, 0, 1, 1, 1, 0, 1, 0, 1
1.216266791666667, 1, 1, 1, 1, 0, 1, 0, 1
1.216266833333333, 0, 1, 1, 1, 0, 1, 0, 1
1.216266916666667, 1, 1, 1, 1, 0, 1, 0, 1
1.216266958333333, 0, 1, 1, 1, 0, 1, 0, 1
1.216267041666667, 1, 1, 1, 1, 0, 1, 0, 1
1.216267083333333, 0, 1, 1, 1, 1, 1, 0, 1
1.216268041666667, 0, 1, 1, 1, 0, 1, 0, 1
1.216268083333333, 1, 1, 1, 1, 0, 1, 0, 1
1.216268166666667, 0, 1, 1, 1, 0, 1, 0, 1
1.216268208333333, 1, 1, 1, 1, 0, 1, 0, 1
1.216268291666667, 0, 1, 1, 1, 0, 1, 0, 1
1.216268333333334, 1, 1, 1, 1, 0, 1, 0, 1
1.216268416666667, 0, 1, 1, 1, 1, 1, 0, 1
1.216268458333333, 1, 1, 1, 1, 1, 1, 0, 1
1.216268541666667, 0, 1, 1, 1, 1, 1, 0, 1
1.216268583333333, 1, 1, 1, 1, 1, 1, 0, 1
1.216268666666667, 0, 1, 1, 1, 1, 1, 0, 1
1.216268708333333, 1, 1, 1, 1, 1, 1, 0, 1
1.216268791666667, 0, 1, 1, 1, 1, 1, 0, 1
1.216268833333333, 1, 1, 1, 1, 1, 1, 0, 1
1.216268916666667, 0, 1, 1, 1, 1, 1, 0, 1
1.216268958333333, 1, 1, 1, 1, 1, 1, 0, 1
1.216269041666667, 0, 1, 1, 1, 1, 1, 0, 1
1.216270666666667, 0, 1, 1, 1, 0, 1, 0, 1
1.216270708333334, 1, 1, 1, 1, 0, 1, 0, 1
1.216270791666667, 0, 1, 1, 1, 0, 1, 0, 1
1.216270833333333, 1, 1, 1, 1, 0, 1, 0, 1
1.216270916666667, 0, 1, 1, 1, 0, 1, 0, 1
1.216270958333333, 1, 1, 1, 1, 0, 1, 0, 1
1.216271041666667, 0, 1, 1, 1, 0, 1, 0, 1
1.216271083333333, 1, 1, 1, 1, 0, 1, 0, 1
1.216271166666667, 0, 1, 1, 1, 0, 1, 0, 1
1.216271208333333, 1, 1, 1, 1, 0, 1, 0, 1
1.216271291666667, 0, 1, 1, 1, 0, 1, 0, 1
1.216271333333333, 1, 1, 1, 1, 0, 1, 0, 1
1.216271416666667, 0, 1, 1, 1, 0, 1, 0, 1
1.216271458333333, 1, 1, 1, 1, 0, 1, 0, 1
1.216271541666667, 0, 1, 1, 1, 0, 1, 0, 1
1.216271583333334, 1, 1, 1, 1, 0, 1, 0, 1
1.216271666666667, 0, 1, 1, 1, 1, 1, 0, 1
1.216272583333333, 0, 1, 1, 1, 0, 1, 0, 1
1.216272666666667, 1, 1, 1, 1, 0, 1, 0, 1
1.216272708333333, 0, 1, 1, 1, 0, 1, 0, 1
1.216272791666667, 1, 1, 1, 1, 0, 1, 0, 1
1.216272833333333, 0, 1, 1, 1, 0, 1, 0, 1
1.216272916666667, 1, 1, 1, 1, 0, 1, 0, 1
1.216272958333333, 0, 1, 1, 1, 1, 1, 0, 1
1.216273041666667, 1, 1, 1, 1, 1, 1, 0, 1
1.216273083333334, 0, 1, 1, 1, 1, 1, 0, 1
1.216273166666667, 1, 1, 1, 1, 1, 1, 0, 1
1.216273208333333, 0, 1, 1, 1, 1, 1, 0, 1
1.216273291666667, 1, 1, 1, 1, 1, 1, 0, 1
1.216273333333333, 0, 1, 1, 1, 1, 1, 0, 1
1.216273416666667, 1, 1, 1, 1, 1, 1, 0, 1
1.216273458333333, 0, 1, 1, 1, 1, 1, 0, 1
1.216273541666667, 1, 1, 1, 1, 1, 1, 0, 1
1.216273583333333, 0, 1, 1, 1, 1, 1, 0, 1
1.216275208333333, 0, 1, 1, 1, 0, 1, 0, 1
1.216275291666667, 1, 1, 1, 1, 0, 1, 0, 1
1.216275333333333, 0, 1, 1, 1, 0, 1, 0, 1
1.216275416666667, 1, 1, 1, 1, 0, 1, 0, 1
1.216275458333334, 0, 1, 1, 1, 0, 1, 0, 1
1.216275541666667, 1, 1, 1, 1, 0, 1, 0, 1
1.216275583333333, 0, 1, 1, 1, 0, 1, 0, 1
1.216275666666667, 1, 1, 1, 1, 0, 1, 0, 1
1.216275708333333, 0, 1, 1, 1, 0, 1, 0, 1
1.216275791666667, 1, 1, 1, 1, 0, 1, 0, 1
1.216275833333333, 0, 1, 1, 1, 0, 1, 0, 1
1.216275916666667, 1, 1, 1, 1, 0, 1, 0, 1
1.216275958333333, 0, 1, 1, 1, 0, 1, 0, 1
1.216276041666667, 1, 1, 1, 1, 0, 1, 0, 1
1.216276083333333, 0, 1, 1, 1, 0, 1, 0, 1
1.216276166666667, 1, 1, 1, 1, 0, 1, 0, 1
1.216276208333333, 0, 1, 1, 1, 1, 1, 0, 1
1.216277166666667, 0, 1, 1, 1, 0, 1, 0, 1
1.216277208333333, 1, 1, 1, 1, 0, 1, 0, 1
1.216277291666667, 0, 1, 1, 1, 0, 1, 0, 1
1.216277333333333, 1, 1, 1, 1, 0, 1, 0, 1
1.216277416666667, 0, 1, 1, 1, 0, 1, 0, 1
1.216277458333333, 1, 1, 1, 1, 0, 1, 0, 1
1.216277541666667, 0, 1, 1, 1, 1, 1, 0, 1
1.216277583333333, 1, 1, 1, 1, 1, 1, 0, 1
1.216277666666667, 0, 1, 1, 1, 1, 1, 0, 1
1.216277708333333, 1, 1, 1, 1, 1, 1, 0, 1
1.216277791666667, 0, 1, 1, 1, 1, 1, 0, 1
1.216277833333334, 1, 1, 1, 1, 1, 1, 0, 1
1.216277916666667, 0, 1, 1, 1, 1, 1, 0, 1
1.216277958333333, 1, 1, 1, 1, 1, 1, 0, 1
1.216278041666667, 0, 1, 1, 1, 1, 1, 0, 1
1.216278083333333, 1, 1, 1, 1, 1, 1, 0, 1
1.216278166666667, 0, 1, 1, 1, 1, 1, 0, 1
1.216279791666667, 0, 1, 1, 1, 0, 1, 0, 1
1.216279833333333, 1, 1, 1, 1, 0, 1, 0, 1
1.216279916666667, 0, 1, 1, 1, 0, 1, 0, 1
1.216279958333333, 1, 1, 1, 1, 0, 1, 0, 1
1.216280041666667, 0, 1, 1, 1, 0, 1, 0, 1
1.216280083333333, 1, 1, 1, 1, 0, 1, 0, 1
1.216280166666667, 0, 1, 1, 1, 0, 1, 0, 1
1.216280208333334, 1, 1, 1, 1, 0, 1, 0, 1
1.216280291666667, 0, 1, 1, 1, 0, 1, 0, 1
1.216280333333333, 1, 1, 1, 1, 0, 1, 0, 1
1.216280416666667, 0, 1, 1, 1, 0, 1, 0, 1
1.216280458333333, 1, 1, 1, 1, 0, 1, 0, 1
1.216280541666667, 0, 1, 1, 1, 0, 1, 0, 1
1.216280583333333, 1, 1, 1, 1, 0, 1, 0, 1
1.216280666666667, 0, 1, 1, 1, 0, 1, 0, 1
1.216280708333333, 1, 1, 1, 1, 0, 1, 0, 1
1.216280791666667, 0, 1, 1, 1, 1, 1, 0, 1
1.216281708333333, 0, 1, 1, 1, 0, 1, 0, 1
1.216281791666667, 1, 1, 1, 1, 0, 1, 0, 1
1.216281833333333, 0, 1, 1, 1, 0, 1, 0, 1
1.216281916666667, 1, 1, 1, 1, 0, 1, 0, 1
1.216281958333333, 0, 1, 1, 1, 0, 1, 0, 1
1.216282041666667, 1, 1, 1, 1, 0, 1, 0, 1
1.216282083333333, 0, 1, 1, 1, 1, 1, 0, 1
1.216282166666667, 1, 1, 1, 1, 1, 1, 0, 1
1.216282208333333, 0, 1, 1, 1, 1, 1, 0, 1
1.216282291666667, 1, 1, 1, 1, 1, 1, 0, 1
1.216282333333333, 0, 1, 1, 1, 1, 1, 0, 1
1.216282416666667, 1, 1, 1, 1, 1, 1, 0, 1
1.216282458333333, 0, 1, 1, 1, 1, 1, 0, 1
1.216282541666667, 1, 1, 1, 1, 1, 1, 0, 1
1.216282583333334, 0, 1, 1, 1, 1, 1, 0, 1
1.216282666666667, 1, 1, 1, 1, 1, 1, 0, 1
1.216282708333333, 0, 1, 1, 1, 1, 1, 0, 1
1.216284333333333, 0, 1, 1, 1, 0, 1, 0, 1
1.216284416666667, 1, 1, 1, 1, 0, 1, 0, 1
1.216284458333333, 0, 1, 1, 1, 0, 1, 0, 1
1.216284541666667, 1, 1, 1, 1, 0, 1, 0, 1
1.216284583333333, 0, 1, 1, 1, 0, 1, 0, 1
1.216284666666667, 1, 1, 1, 1, 0, 1, 0, 1
1.216284708333333, 0, 1, 1, 1, 0, 1, 0, 1
1.216284791666667, 1, 1, 1, 1, 0, 1, 0, 1
1.216284833333333, 0, 1, 1, 1, 0, 1, 0, 1
1.216284916666667, 1, 1, 1, 1, 0, 1, 0, 1
1.216284958333333, 0, 1, 1, 1, 0, 1, 0, 1
1.216285041666667, 1, 1, 1, 1, 0, 1, 0, 1
1.216285083333333, 0, 1, 1, 1, 0, 1, 0, 1
1.216285166666667, 1, 1, 1, 1, 0, 1, 0, 1
1.216285208333333, 0, 1, 1, 1, 0, 1, 0, 1
1.216285291666667, 1, 1, 1, 1, 0, 1, 0, 1
1.216285333333333, 0, 1, 1, 1, 1, 1, 0, 1
1.216286291666667, 0, 1, 1, 1, 0, 1, 0, 1
1.216286333333333, 1, 1, 1, 1, 0, 1, 0, 1
1.216286416666667, 0, 1, 1, 1, 0, 1, 0, 1
1.216286458333333, 1, 1, 1, 1, 0, 1, 0, 1
1.216286541666667, 0, 1, 1, 1, 0, 1, 0, 1
1.216286583333333, 1, 1, 1, 1, 0, 1, 0, 1
1.216286666666667, 0, 1, 1, 1, 1, 1, 0, 1
1.216286708333333, 1, 1, 1, 1, 1, 1, 0, 1
1.216286791666667, 0, 1, 1, 1, 1, 1, 0, 1
1.216286833333333, 1, 1, 1, 1, 1, 1, 0, 1
1.216286916666667, 0, 1, 1, 1, 1, 1, 0, 1
1.216286958333333, 1, 1, 1, 1, 1, 1, 0, 1
1.216287041666667, 0, 1, 1, 1, 1, 1, 0, 1
1.216287083333333, 1, 1, 1, 1, 1, 1, 0, 1
1.216287166666667, 0, 1, 1, 1, 1, 1, 0, 1
1.216287208333333, 1, 1, 1, 1, 1, 1, 0, 1
1.216287291666667, 0, 1, 1, 1, 1, 1, 0, 1
1.216288916666667, 0, 1, 1, 1, 0, 1, 0, 1
1.216288958333333, 1, 1, 1, 1, 0, 1, 0, 1
1.216289041666667, 0, 1, 1, 1, 0, 1, 0, 1
1.216289083333333, 1, 1, 1, 1, 0, 1, 0, 1
1.216289166666667, 0, 1, 1, 1, 0, 1, 0, 1
1.216289208333333, 1, 1, 1, 1, 0, 1, 0, 1
1.216289291666667, 0, 1, 1, 1, 0, 1, 0, 1
1.216289333333333, 1, 1, 1, 1, 0, 1, 0, 1
1.216289416666667, 0, 1, 1, 1, 0, 1, 0, 1
1.216289458333333, 1, 1, 1, 1, 0, 1, 0, 1
1.216289541666667, 0, 1, 1, 1, 0, 1, 0, 1
1.216289583333333, 1, 1, 1, 1, 0, 1, 0, 1
1.216289666666667, 0, 1, 1, 1, 0, 1, 0, 1
1.216289708333333, 1, 1, 1, 1, 0, 1, 0, 1
1.216289791666667, 0, 1, 1, 1, 0, 1, 0, 1
1.216289833333333, 1, 1, 1, 1, 0, 1, 0, 1
1.216289916666667, 0, 1, 1, 1, 1, 1, 0, 1
1.216290833333333, 0, 1, 1, 1, 0, 1, 0, 1
1.216290916666667, 1, 1, 1, 1, 0, 1, 0, 1
1.216290958333333, 0, 1, 1, 1, 0, 1, 0, 1
1.216291041666667, 1, 1, 1, 1, 0, 1, 0, 1
1.216291083333333, 0, 1, 1, 1, 0, 1, 0, 1
1.216291166666667, 1, 1, 1, 1, 0, 1, 0, 1
1.216291208333333, 0, 1, 1, 1, 1, 1, 0, 1
1.216291291666667, 1, 1, 1, 1, 1, 1, 0, 1
1.216291333333333, 0, 1, 1, 1, 1, 1, 0, 1
1.216291416666667, 1, 1, 1, 1, 1, 1, 0, 1
1.216291458333333, 0, 1, 1, 1, 1, 1, 0, 1
1.216291541666667, 1, 1, 1, 1, 1, 1, 0, 1
1.216291583333333, 0, 1, 1, 1, 1, 1, 0, 1
1.216291666666667, 1, 1, 1, 1, 1, 1, 0, 1
1.216291708333333, 0, 1, 1, 1, 1, 1, 0, 1
1.216291791666667, 1, 1, 1, 1, 1, 1, 0, 1
1.216291833333333, 0, 1, 1, 1, 1, 1, 0, 1
1.216293458333333, 0, 1, 1, 1, 0, 1, 0, 1
1.216293541666667, 1, 1, 1, 1, 0, 1, 0, 1
1.216293583333333, 0, 1, 1, 1, 0, 1, 0, 1
1.216293666666667, 1, 1, 1, 1, 0, 1, 0, 1
1.216293708333333, 0, 1, 1, 1, 0, 1, 0, 1
1.216293791666667, 1, 1, 1, 1, 0, 1, 0, 1
1.216293833333333, 0, 1, 1, 1, 0, 1, 0, 1
1.216293916666667, 1, 1, 1, 1, 0, 1, 0, 1
1.216293958333333, 0, 1, 1, 1, 0, 1, 0, 1
1.216294041666667, 1, 1, 1, 1, 0, 1, 0, 1
1.216294083333333, 0, 1, 1, 1, 0, 1, 0, 1
1.216294166666667, 1, 1, 1, 1, 0, 1, 0, 1
1.216294208333333, 0, 1, 1, 1, 0, 1, 0, 1
1.216294291666667, 1, 1, 1, 1, 0, 1, 0, 1
1.216294333333333, 0, 1, 1, 1, 0, 1, 0, 1
1.216294416666667, 1, 1, 1, 1, 0, 1, 0, 1
1.216294458333333, 0, 1, 1, 1, 1, 1, 0, 1
1.216295416666667, 0, 1, 1, 1, 0, 1, 0, 1
1.216295458333333, 1, 1, 1, 1, 0, 1, 0, 1
1.216295541666667, 0, 1, 1, 1, 0, 1, 0, 1
1.216295583333333, 1, 1, 1, 1, 0, 1, 0, 1
1.216295666666667, 0, 1, 1, 1, 0, 1, 0, 1
1.216295708333333, 1, 1, 1, 1, 0, 1, 0, 1
1.216295791666667, 0, 1, 1, 1, 1, 1, 0, 1
1.216295833333333, 1, 1, 1, 1, 1, 1, 0, 1
1.216295916666667, 0, 1, 1, 1, 1, 1, 0, 1
1.216295958333333, 1, 1, 1, 1, 1, 1, 0, 1
1.216296041666667, 0, 1, 1, 1, 1, 1, 0, 1
1.216296083333333, 1, 1, 1, 1, 1, 1, 0, 1
1.216296166666667, 0, 1, 1, 1, 1, 1, 0, 1
1.216296208333334, 1, 1, 1, 1, 1, 1, 0, 1
1.216296291666667, 0, 1, 1, 1, 1, 1, 0, 1
1.216296333333333, 1, 1, 1, 1, 1, 1, 0, 1
1.216296416666667, 0, 1, 1, 1, 1, 1, 0, 1
1.216298041666667, 0, 1, 1, 1, 0, 1, 0, 1
1.216298083333333, 1, 1, 1, 1, 0, 1, 0, 1
1.216298166666667, 0, 1, 1, 1, 0, 1, 0, 1
1.216298208333333, 1, 1, 1, 1, 0, 1, 0, 1
1.216298291666667, 0, 1, 1, 1, 0, 1, 0, 1
1.216298333333333, 1, 1, 1, 1, 0, 1, 0, 1
1.216298416666667, 0, 1, 1, 1, 0, 1, 0, 1
1.216298458333333, 1, 1, 1, 1, 0, 1, 0, 1
1.216298541666667, 0, 1, 1, 1, 0, 1, 0, 1
1.216298583333334, 1, 1, 1, 1, 0, 1, 0, 1
1.216298666666667, 0, 1, 1, 1, 0, 1, 0, 1
1.216298708333333, 1, 1, 1, 1, 0, 1, 0, 1
1.216298791666667, 0, 1, 1, 1, 0, 1, 0, 1
1.216298833333333, 1, 1, 1, 1, 0, 1, 0, 1
1.216298916666667, 0, 1, 1, 1, 0, 1, 0, 1
1.216298958333333, 1, 1, 1, 1, 0, 1, 0, 1
1.216299041666667, 0, 1, 1, 1, 1, 1, 0, 1
1.216299958333333, 0, 1, 1, 1, 0, 1, 0, 1
1.216300041666667, 1, 1, 1, 1, 0, 1, 0, 1
1.216300083333334, 0, 1, 1, 1, 0, 1, 0, 1
1.216300166666667, 1, 1, 1, 1, 0, 1, 0, 1
1.216300208333333, 0, 1, 1, 1, 0, 1, 0, 1
1.216300291666667, 1, 1, 1, 1, 0, 1, 0, 1
1.216300333333333, 0, 1, 1, 1, 1, 1, 0, 1
1.216300416666667, 1, 1, 1, 1, 1, 1, 0, 1
1.216300458333333, 0, 1, 1, 1, 1, 1, 0, 1
1.216300541666667, 1, 1, 1, 1, 1, 1, 0, 1
1.216300583333333, 0, 1, 1, 1, 1, 1, 0, 1
1.216300666666667, 1, 1, 1, 1, 1, 1, 0, 1
1.216300708333333, 0, 1, 1, 1, 1, 1, 0, 1
1.216300791666667, 1, 1, 1, 1, 1, 1, 0, 1
1.216300833333333, 0, 1, 1, 1, 1, 1, 0, 1
1.216300916666667, 1, 1, 1, 1, 1, 1, 0, 1
1.216300958333334, 0, 1, 1, 1, 1, 1, 0, 1
1.216302583333333, 0, 1, 1, 1, 0, 1, 0, 1
1.216302666666667, 1, 1, 1, 1, 0, 1, 0, 1
1.216302708333333, 0, 1, 1, 1, 0, 1, 0, 1
1.216302791666667, 1, 1, 1, 1, 0, 1, 0, 1
1.216302833333333, 0, 1, 1, 1, 0, 1, 0, 1
1.216302916666667, 1, 1, 1, 1, 0, 1, 0, 1
1.216302958333333, 0, 1, 1, 1, 0, 1, 0, 1
1.216303041666667, 1, 1, 1, 1, 0, 1, 0, 1
1.216303083333333, 0, 1, 1, 1, 0, 1, 0, 1
1.216303166666667, 1, 1, 1, 1, 0, 1, 0, 1
1.216303208333333, 0, 1, 1, 1, 0, 1, 0, 1
1.216303291666667, 1, 1, 1, 1, 0, 1, 0, 1
1.216303333333334, 0, 1, 1, 1, 0, 1, 0, 1
1.216303416666667, 1, 1, 1, 1, 0, 1, 0, 1
1.216303458333333, 0, 1, 1, 1, 0, 1, 0, 1
1.216303541666667, 1, 1, 1, 1, 0, 1, 0, 1
1.216303583333333, 0, 1, 1, 1, 1, 1, 0, 1
1.216304541666667, 0, 1, 1, 1, 0, 1, 0, 1
1.216304583333333, 1, 1, 1, 1, 0, 1, 0, 1
1.216304666666667, 0, 1, 1, 1, 0, 1, 0, 1
1.216304708333333, 1, 1, 1, 1, 0, 1, 0, 1
1.216304791666667, 0, 1, 1, 1, 0, 1, 0, 1
1.216304833333334, 1, 1, 1, 1, 0, 1, 0, 1
1.216304916666667, 0, 1, 1, 1, 1, 1, 0, 1
1.216304958333333, 1, 1, 1, 1, 1, 1, 0, 1
1.216305041666667, 0, 1, 1, 1, 1, 1, 0, 1
1.216305083333333, 1, 1, 1, 1, 1, 1, 0, 1
1.216305166666667, 0, 1, 1, 1, 1, 1, 0, 1
1.216305208333333, 1, 1, 1, 1, 1, 1, 0, 1
1.216305291666667, 0, 1, 1, 1, 1, 1, 0, 1
1.216305333333333, 1, 1, 1, 1, 1, 1, 0, 1
1.216305416666667, 0, 1, 1, 1, 1, 1, 0, 1
1.216305458333333, 1, 1, 1, 1, 1, 1, 0, 1
1.216305541666667, 0, 1, 1, 1, 1, 1, 0, 1
1.216307166666667, 0, 1, 1, 1, 0, 1, 0, 1
1.216307208333334, 1, 1, 1, 1, 0, 1, 0, 1
1.216307291666667, 0, 1, 1, 1, 0, 1, 0, 1
1.216307333333333, 1, 1, 1, 1, 0, 1, 0, 1
1.216307416666667, 0, 1, 1, 1, 0, 1, 0, 1
1.216307458333333, 1, 1, 1, 1, 0, 1, 0, 1
1.216307541666667, 0, 1, 1, 1, 0, 1, 0, 1
1.216307583333333, 1, 1, 1, 1, 0, 1, 0, 1
1.216307666666667, 0, 1, 1, 1, 0, 1, 0, 1
1.216307708333333, 1, 1, 1, 1, 0, 1, 0, 1
1.216307791666667, 0, 1, 1, 1, 0, 1, 0, 1
1.216307833333333, 1, 1, 1, 1, 0, 1, 0, 1
1.216307916666667, 0, 1, 1, 1, 0, 1, 0, 1
1.216307958333333, 1, 1, 1, 1, 0, 1, 0, 1
1.216308041666667, 0, 1, 1, 1, 0, 1, 0, 1
1.216308083333334, 1, 1, 1, 1, 0, 1, 0, 1
1.216308166666667, 0, 1, 1, 1, 1, 1, 0, 1
1.216309083333333, 0, 1, 1, 1, 0, 1, 0, 1
1.216309166666667, 1, 1, 1, 1, 0, 1, 0, 1
1.216309208333333, 0, 1, 1, 1, 0, 1, 0, 1
1.216309291666667, 1, 1, 1, 1, 0, 1, 0, 1
1.216309333333333, 0, 1, 1, 1, 0, 1, 0, 1
1.216309416666667, 1, 1, 1, 1, 0, 1, 0, 1
1.216309458333333, 0, 1, 1, 1, 1, 1, 0, 1
1.216309541666667, 1, 1, 1, 1, 1, 1, 0, 1
1.216309583333333, 0, 1, 1, 1, 1, 1, 0, 1
1.216309666666667, 1, 1, 1, 1, 1, 1, 0, 1
1.216309708333333, 0, 1, 1, 1, 1, 1, 0, 1
1.216309791666667, 1, 1, 1, 1, 1, 1, 0, 1
1.216309833333333, 0, 1, 1, 1, 1, 1, 0, 1
1.216309916666667, 1, 1, 1, 1, 1, 1, 0, 1
1.216309958333333, 0, 1, 1, 1, 1, 1, 0, 1
1.216310041666667, 1, 1, 1, 1, 1, 1, 0, 1
1.216310083333333, 0, 1, 1, 1, 1, 1, 0, 1
1.216311708333333, 0, 1, 1, 1, 0, 1, 0, 1
1.216311791666667, 1, 1, 1, 1, 0, 1, 0, 1
1.216311833333333, 0, 1, 1, 1, 0, 1, 0, 1
1.216311916666667, 1, 1, 1, 1, 0, 1, 0, 1
1.216311958333333, 0, 1, 1, 1, 0, 1, 0, 1
1.216312041666667, 1, 1, 1, 1, 0, 1, 0, 1
1.216312083333333, 0, 1, 1, 1, 0, 1, 0, 1
1.216312166666667, 1, 1, 1, 1, 0, 1, 0, 1
1.216312208333333, 0, 1, 1, 1, 0, 1, 0, 1
1.216312291666667, 1, 1, 1, 1, 0, 1, 0, 1
1.216312333333333, 0, 1, 1, 1, 0, 1, 0, 1
1.216312416666667, 1, 1, 1, 1, 0, 1, 0, 1
1.216312458333333, 0, 1, 1, 1, 0, 1, 0, 1
1.216312541666667, 1, 1, 1, 1, 0, 1, 0, 1
1.216312583333333, 0, 1, 1, 1, 0, 1, 0, 1
1.216312666666667, 1, 1, 1, 1, 0, 1, 0, 1
1.216312708333333, 0, 1, 1, 1, 1, 1, 0, 1
1.216313666666667, 0, 1, 1, 1, 0, 1, 0, 1
1.216313708333333, 1, 1, 1, 1, 0, 1, 0, 1
1.216313791666667, 0, 1, 1, 1, 0, 1, 0, 1
1.216313833333333, 1, 1, 1, 1, 0, 1, 0, 1
1.216313916666667, 0, 1, 1, 1, 0, 1, 0, 1
1.216313958333333, 1, 1, 1, 1, 0, 1, 0, 1
1.216314041666667, 0, 1, 1, 1, 1, 1, 0, 1
1.216314083333333, 1, 1, 1, 1, 1, 1, 0, 1
1.216314166666667, 0, 1, 1, 1, 1, 1, 0, 1
1.216314208333333, 1, 1, 1, 1, 1, 1, 0, 1
1.216314291666667, 0, 1, 1, 1, 1, 1, 0, 1
1.216314333333333, 1, 1, 1, 1, 1, 1, 0, 1
1.216314416666667, 0, 1, 1, 1, 1, 1, 0, 1
1.216314458333333, 1, 1, 1, 1, 1, 1, 0, 1
1.216314541666667, 0, 1, 1, 1, 1, 1, 0, 1
1.216314583333333, 1, 1, 1, 1, 1, 1, 0, 1
1.216314666666667, 0, 1, 1, 1, 1, 1, 0, 1
1.216316291666667, 0, 1, 1, 1, 0, 1, 0, 1
1.216316333333333, 1, 1, 1, 1, 0, 1, 0, 1
1.216316416666667, 0, 1, 1, 1, 0, 1, 0, 1
1.216316458333333, 1, 1, 1, 1, 0, 1, 0, 1
1.216316541666667, 0, 1, 1, 1, 0, 1, 0, 1
1.216316583333333, 1, 1, 1, 1, 0, 1, 0, 1
1.216316666666667, 0, 1, 1, 1, 0, 1, 0, 1
1.216316708333333, 1, 1, 1, 1, 0, 1, 0, 1
1.216316791666667, 0, 1, 1, 1, 0, 1, 0, 1
1.216316833333333, 1, 1, 1, 1, 0, 1, 0, 1
1.216316916666667, 0, 1, 1, 1, 0, 1, 0, 1
1.216316958333333, 1, 1, 1, 1, 0, 1, 0, 1
1.216317041666667, 0, 1, 1, 1, 0, 1, 0, 1
1.216317083333333, 1, 1, 1, 1, 0, 1, 0, 1
1.216317166666667, 0, 1, 1, 1, 0, 1, 0, 1
1.216317208333333, 1, 1, 1, 1, 0, 1, 0, 1
1.216317291666667, 0, 1, 1, 1, 1, 1, 0, 1
1.216318208333333, 0, 1, 1, 1, 0, 1, 0, 1
1.216318291666667, 1, 1, 1, 1, 0, 1, 0, 1
1.216318333333333, 0, 1, 1, 1, 0, 1, 0, 1
1.216318416666667, 1, 1, 1, 1, 0, 1, 0, 1
1.216318458333333, 0, 1, 1, 1, 0, 1, 0, 1
1.216318541666667, 1, 1, 1, 1, 0, 1, 0, 1
1.216318583333333, 0, 1, 1, 1, 1, 1, 0, 1
1.216318666666667, 1, 1, 1, 1, 1, 1, 0, 1
1.216318708333333, 0, 1, 1, 1, 1, 1, 0, 1
1.216318791666667, 1, 1, 1, 1, 1, 1, 0, 1
1.216318833333333, 0, 1, 1, 1, 1, 1, 0, 1
1.216318916666667, 1, 1, 1, 1, 1, 1, 0, 1
1.216318958333333, 0, 1, 1, 1, 1, 1, 0, 1
1.216319041666667, 1, 1, 1, 1, 1, 1, 0, 1
1.216319083333333, 0, 1, 1, 1, 1, 1, 0, 1
1.216319166666667, 1, 1, 1, 1, 1, 1, 0, 1
1.216319208333333, 0, 1, 1, 1, 1, 1, 0, 1
1.216320833333334, 0, 1, 1, 1, 0, 1, 0, 1
1.216320916666667, 1, 1, 1, 1, 0, 1, 0, 1
1.216320958333333, 0, 1, 1, 1, 0, 1, 0, 1
1.216321041666667, 1, 1, 1, 1, 0, 1, 0, 1
1.216321083333333, 0, 1, 1, 1, 0, 1, 0, 1
1.216321166666667, 1, 1, 1, 1, 0, 1, 0, 1
1.216321208333333, 0, 1, 1, 1, 0, 1, 0, 1
1.216321291666667, 1, 1, 1, 1, 0, 1, 0, 1
1.216321333333333, 0, 1, 1, 1, 0, 1, 0, 1
1.216321416666667, 1, 1, 1, 1, 0, 1, 0, 1
1.216321458333333, 0, 1, 1, 1, 0, 1, 0, 1
1.216321541666667, 1, 1, 1, 1, 0, 1, 0, 1
1.216321583333333, 0, 1, 1, 1, 0, 1, 0, 1
1.216321666666667, 1, 1, 1, 1, 0, 1, 0, 1
1.216321708333333, 0, 1, 1, 1, 0, 1, 0, 1
1.216321791666667, 1, 1, 1, 1, 0, 1, 0, 1
1.216321833333333, 0, 1, 1, 1, 1, 1, 0, 1
1.216322791666667, 0, 1, 1, 1, 0, 1, 0, 1
1.216322833333333, 1, 1, 1, 1, 0, 1, 0, 1
1.216322916666667, 0, 1, 1, 1, 0, 1, 0, 1
1.216322958333333, 1, 1, 1, 1, 0, 1, 0, 1
1.216323041666667, 0, 1, 1, 1, 0, 1, 0, 1
1.216323083333333, 1, 1, 1, 1, 0, 1, 0, 1
1.216323166666667, 0, 1, 1, 1, 1, 1, 0, 1
1.216323208333334, 1, 1, 1, 1, 1, 1, 0, 1
1.216323291666667, 0, 1, 1, 1, 1, 1, 0, 1
1.216323333333333, 1, 1, 1, 1, 1, 1, 0, 1
1.216323416666667, 0, 1, 1, 1, 1, 1, 0, 1
1.216323458333333, 1, 1, 1, 1, 1, 1, 0, 1
1.216323541666667, 0, 1, 1, 1, 1, 1, 0, 1
1.216323583333333, 1, 1, 1, 1, 1, 1, 0, 1
1.216323666666667, 0, 1, 1, 1, 1, 1, 0, 1
1.216323708333333, 1, 1, 1, 1, 1, 1, 0, 1
1.216323791666667, 0, 1, 1, 1, 1, 1, 0, 1
1.216325416666667, 0, 1, 1, 1, 0, 1, 0, 1
1.216325458333333, 1, 1, 1, 1, 0, 1, 0, 1
1.216325541666667, 0, 1, 1, 1, 0, 1, 0, 1
1.216325583333334, 1, 1, 1, 1, 0, 1, 0, 1
1.216325666666667, 0, 1, 1, 1, 0, 1, 0, 1
1.216325708333333, 1, 1, 1, 1, 0, 1, 0, 1
1.216325791666667, 0, 1, 1, 1, 0, 1, 0, 1
1.216325833333333, 1, 1, 1, 1, 0, 1, 0, 1
1.216325916666667, 0, 1, 1, 1, 0, 1, 0, 1
1.216325958333333, 1, 1, 1, 1, 0, 1, 0, 1
1.216326041666667, 0, 1, 1, 1, 0, 1, 0, 1
1.216326083333333, 1, 1, 1, 1, 0, 1, 0, 1
1.216326166666667, 0, 1, 1, 1, 0, 1, 0, 1
1.216326208333333, 1, 1, 1, 1, 0, 1, 0, 1
1.216326291666667, 0, 1, 1, 1, 0, 1, 0, 1
1.216326333333333, 1, 1, 1, 1, 0, 1, 0, 1
1.216326416666667, 0, 1, 1, 1, 1, 1, 0, 1
1.216327333333333, 0, 1, 1, 1, 0, 1, 0, 1
1.216327416666667, 1, 1, 1, 1, 0, 1, 0, 1
1.216327458333333, 0, 1, 1, 1, 0, 1, 0, 1
1.216327541666667, 1, 1, 1, 1, 0, 1, 0, 1
1.216327583333333, 0, 1, 1, 1, 0, 1, 0, 1
1.216327666666667, 1, 1, 1, 1, 0, 1, 0, 1
1.216327708333333, 0, 1, 1, 1, 1, 1, 0, 1
1.216327791666667, 1, 1, 1, 1, 1, 1, 0, 1
1.216327833333333, 0, 1, 1, 1, 1, 1, 0, 1
1.216327916666667, 1, 1, 1, 1, 1, 1, 0, 1
1.216327958333334, 0, 1, 1, 1, 1, 1, 0, 1
1.216328041666667, 1, 1, 1, 1, 1, 1, 0, 1
1.216328083333333, 0, 1, 1, 1, 1, 1, 0, 1
1.216328166666667, 1, 1, 1, 1, 1, 1, 0, 1
1.216328208333333, 0, 1, 1, 1, 1, 1, 0, 1
1.216328291666667, 1, 1, 1, 1, 1, 1, 0, 1
1.216328333333333, 0, 1, 1, 1, 1, 1, 0, 1
1.216329958333333, 0, 1, 1, 1, 0, 1, 0, 1
1.216330041666667, 1, 1, 1, 1, 0, 1, 0, 1
1.216330083333333, 0, 1, 1, 1, 0, 1, 0, 1
1.216330166666667, 1, 1, 1, 1, 0, 1, 0, 1
1.216330208333333, 0, 1, 1, 1, 0, 1, 0, 1
1.216330291666667, 1, 1, 1, 1, 0, 1, 0, 1
1.216330333333334, 0, 1, 1, 1, 0, 1, 0, 1
1.216330416666667, 1, 1, 1, 1, 0, 1, 0, 1
1.216330458333333, 0, 1, 1, 1, 0, 1, 0, 1
1.216330541666667, 1, 1, 1, 1, 0, 1, 0, 1
1.216330583333333, 0, 1, 1, 1, 0, 1, 0, 1
1.216330666666667, 1, 1, 1, 1, 0, 1, 0, 1
1.216330708333333, 0, 1, 1, 1, 0, 1, 0, 1
1.216330791666667, 1, 1, 1, 1, 0, 1, 0, 1
1.216330833333333, 0, 1, 1, 1, 0, 1, 0, 1
1.216330916666667, 1, 1, 1, 1, 0, 1, 0, 1
1.216330958333333, 0, 1, 1, 1, 1, 1, 0, 1
1.216331916666667, 0, 1, 1, 1, 0, 1, 0, 1
1.216331958333333, 1, 1, 1, 1, 0, 1, 0, 1
1.216332041666667, 0, 1, 1, 1, 0, 1, 0, 1
1.216332083333333, 1, 1, 1, 1, 0, 1, 0, 1
1.216332166666667, 0, 1, 1, 1, 0, 1, 0, 1
1.216332208333333, 1, 1, 1, 1, 0, 1, 0, 1
1.216332291666667, 0, 1, 1, 1, 1, 1, 0, 1
1.216332333333333, 1, 1, 1, 1, 1, 1, 0, 1
1.216332416666667, 0, 1, 1, 1, 1, 1, 0, 1
1.216332458333333, 1, 1, 1, 1, 1, 1, 0, 1
1.216332541666667, 0, 1, 1, 1, 1, 1, 0, 1
1.216332583333333, 1, 1, 1, 1, 1, 1, 0, 1
1.216332666666667, 0, 1, 1, 1, 1, 1, 0, 1
1.216332708333334, 1, 1, 1, 1, 1, 1, 0, 1
1.216332791666667, 0, 1, 1, 1, 1, 1, 0, 1
1.216332833333333, 1, 1, 1, 1, 1, 1, 0, 1
1.216332916666667, 0, 1, 1, 1, 1, 1, 0, 1
1.216334541666667, 0, 1, 1, 1, 0, 1, 0, 1
1.216334583333333, 1, 1, 1, 1, 0, 1, 0, 1
1.216334666666667, 0, 1, 1, 1, 0, 1, 0, 1
1.216334708333333, 1, 1, 1, 1, 0, 1, 0, 1
1.216334791666667, 0, 1, 1, 1, 0, 1, 0, 1
1.216334833333333, 1, 1, 1, 1, 0, 1, 0, 1
1.216334916666667, 0, 1, 1, 1, 0, 1, 0, 1
1.216334958333333, 1, 1, 1, 1, 0, 1, 0, 1
1.216335041666667, 0, 1, 1, 1, 0, 1, 0, 1
1.216335083333334, 1, 1, 1, 1, 0, 1, 0, 1
1.216335166666667, 0, 1, 1, 1, 0, 1, 0, 1
1.216335208333333, 1, 1, 1, 1, 0, 1, 0, 1
1.216335291666667, 0, 1, 1, 1, 0, 1, 0, 1
1.216335333333333, 1, 1, 1, 1, 0, 1, 0, 1
1.216335416666667, 0, 1, 1, 1, 0, 1, 0, 1
1.216335458333333, 1, 1, 1, 1, 0, 1, 0, 1
1.216335541666667, 0, 1, 1, 1, 1, 1, 0, 1
1.216336458333333, 0, 1, 1, 1, 0, 1, 0, 1
1.216336541666667, 1, 1, 1, 1, 0, 1, 0, 1
1.216336583333333, 0, 1, 1, 1, 0, 1, 0, 1
1.216336666666667, 1, 1, 1, 1, 0, 1, 0, 1
1.216336708333333, 0, 1, 1, 1, 0, 1, 0, 1
1.216336791666667, 1, 1, 1, 1, 0, 1, 0, 1
1.216336833333333, 0, 1, 1, 1, 1, 1, 0, 1
1.216336916666667, 1, 1, 1, 1, 1, 1, 0, 1
1.216336958333333, 0, 1, 1, 1, 1, 1, 0, 1
1.216337041666667, 1, 1, 1, 1, 1, 1, 0, 1
1.216337083333333, 0, 1, 1, 1, 1, 1, 0, 1
1.216337166666667, 1, 1, 1, 1, 1, 1, 0, 1
1.216337208333333, 0, 1, 1, 1, 1, 1, 0, 1
1.216337291666667, 1, 1, 1, 1, 1, 1, 0, 1
1.216337333333333, 0, 1, 1, 1, 1, 1, 0, 1
1.216337416666667, 1, 1, 1, 1, 1, 1, 0, 1
1.216337458333334, 0, 1, 1, 1, 1, 1, 0, 1
1.216339083333333, 0, 1, 1, 1, 0, 1, 0, 1
1.216339166666667, 1, 1, 1, 1, 0, 1, 0, 1
1.216339208333333, 0, 1, 1, 1, 0, 1, 0, 1
1.216339291666667, 1, 1, 1, 1, 0, 1, 0, 1
1.216339333333333, 0, 1, 1, 1, 0, 1, 0, 1
1.216339416666667, 1, 1, 1, 1, 0, 1, 0, 1
1.216339458333333, 0, 1, 1, 1, 0, 1, 0, 1
1.216339541666667, 1, 1, 1, 1, 0, 1, 0, 1
1.216339583333333, 0, 1, 1, 1, 0, 1, 0, 1
1.216339666666667, 1, 1, 1, 1, 0, 1, 0, 1
1.216339708333333, 0, 1, 1, 1, 0, 1, 0, 1
1.216339791666667, 1, 1, 1, 1, 0, 1, 0, 1
1.216339833333334, 0, 1, 1, 1, 0, 1, 0, 1
1.216339916666667, 1, 1, 1, 1, 0, 1, 0, 1
1.216339958333333, 0, 1, 1, 1, 0, 1, 0, 1
1.216340041666667, 1, 1, 1, 1, 0, 1, 0, 1
1.216340083333333, 0, 1, 1, 1, 1, 1, 0, 1
1.216341041666667, 0, 1, 1, 1, 0, 1, 0, 1
1.216341083333333, 1, 1, 1, 1, 0, 1, 0, 1
1.216341166666667, 0, 1, 1, 1, 0, 1, 0, 1
1.216341208333333, 1, 1, 1, 1, 0, 1, 0, 1
1.216341291666667, 0, 1, 1, 1, 0, 1, 0, 1
1.216341333333333, 1, 1, 1, 1, 0, 1, 0, 1
1.216341416666667, 0, 1, 1, 1, 1, 1, 0, 1
1.216341458333333, 1, 1, 1, 1, 1, 1, 0, 1
1.216341541666667, 0, 1, 1, 1, 1, 1, 0, 1
1.216341583333333, 1, 1, 1, 1, 1, 1, 0, 1
1.216341666666667, 0, 1, 1, 1, 1, 1, 0, 1
1.216341708333333, 1, 1, 1, 1, 1, 1, 0, 1
1.216341791666667, 0, 1, 1, 1, 1, 1, 0, 1
1.216341833333333, 1, 1, 1, 1, 1, 1, 0, 1
1.216341916666667, 0, 1, 1, 1, 1, 1, 0, 1
1.216341958333333, 1, 1, 1, 1, 1, 1, 0, 1
1.216342041666667, 0, 1, 1, 1, 1, 1, 0, 1
1.216343666666667, 0, 1, 1, 1, 0, 1, 0, 1
1.216343708333333, 1, 1, 1, 1, 0, 1, 0, 1
1.216343791666667, 0, 1, 1, 1, 0, 1, 0, 1
1.216343833333333, 1, 1, 1, 1, 0, 1, 0, 1
1.216343916666667, 0, 1, 1, 1, 0, 1, 0, 1
1.216343958333333, 1, 1, 1, 1, 0, 1, 0, 1
1.216344041666667, 0, 1, 1, 1, 0, 1, 0, 1
1.216344083333333, 1, 1, 1, 1, 0, 1, 0, 1
1.216344166666667, 0, 1, 1, 1, 0, 1, 0, 1
1.216344208333333, 1, 1, 1, 1, 0, 1, 0, 1
1.216344291666667, 0, 1, 1, 1, 0, 1, 0, 1
1.216344333333333, 1, 1, 1, 1, 0, 1, 0, 1
1.216344416666667, 0, 1, 1, 1, 0, 1, 0, 1
1.216344458333333, 1, 1, 1, 1, 0, 1, 0, 1
1.216344541666667, 0, 1, 1, 1, 0, 1, 0, 1
1.216344583333334, 1, 1, 1, 1, 0, 1, 0, 1
1.216344666666667, 0, 1, 1, 1, 1, 1, 0, 1
1.216345583333333, 0, 1, 1, 1, 0, 1, 0, 1
1.216345666666667, 1, 1, 1, 1, 0, 1, 0, 1
1.216345708333333, 0, 1, 1, 1, 0, 1, 0, 1
1.216345791666667, 1, 1, 1, 1, 0, 1, 0, 1
1.216345833333333, 0, 1, 1, 1, 0, 1, 0, 1
1.216345916666667, 1, 1, 1, 1, 0, 1, 0, 1
1.216345958333333, 0, 1, 1, 1, 1, 1, 0, 1
1.216346041666667, 1, 1, 1, 1, 1, 1, 0, 1
1.216346083333333, 0, 1, 1, 1, 1, 1, 0, 1
1.216346166666667, 1, 1, 1, 1, 1, 1, 0, 1
1.216346208333333, 0, 1, 1, 1, 1, 1, 0, 1
1.216346291666667, 1, 1, 1, 1, 1, 1, 0, 1
1.216346333333333, 0, 1, 1, 1, 1, 1, 0, 1
1.216346416666667, 1, 1, 1, 1, 1, 1, 0, 1
1.216346458333333, 0, 1, 1, 1, 1, 1, 0, 1
1.216346541666667, 1, 1, 1, 1, 1, 1, 0, 1
1.216346583333333, 0, 1, 1, 1, 1, 1, 0, 1
1.216348208333333, 0, 1, 1, 1, 0, 1, 0, 1
1.216348291666667, 1, 1, 1, 1, 0, 1, 0, 1
1.216348333333333, 0, 1, 1, 1, 0, 1, 0, 1
1.216348416666667, 1, 1, 1, 1, 0, 1, 0, 1
1.216348458333333, 0, 1, 1, 1, 0, 1, 0, 1
1.216348541666667, 1, 1, 1, 1, 0, 1, 0, 1
1.216348583333333, 0, 1, 1, 1, 0, 1, 0, 1
1.216348666666667, 1, 1, 1, 1, 0, 1, 0, 1
1.216348708333333, 0, 1, 1, 1, 0, 1, 0, 1
1.216348791666667, 1, 1, 1, 1, 0, 1, 0, 1
1.216348833333333, 0, 1, 1, 1, 0, 1, 0, 1
1.216348916666667, 1, 1, 1, 1, 0, 1, 0, 1
1.216348958333333, 0, 1, 1, 1, 0, 1, 0, 1
1.216349041666667, 1, 1, 1, 1, 0, 1, 0, 1
1.216349083333333, 0, 1, 1, 1, 0, 1, 0, 1
1.216349166666667, 1, 1, 1, 1, 0, 1, 0, 1
1.216349208333333, 0, 1, 1, 1, 1, 1, 0, 1
1.216350166666667, 0, 1, 1, 1, 0, 1, 0, 1
1.216350208333334, 1, 1, 1, 1, 0, 1, 0, 1
1.216350291666667, 0, 1, 1, 1, 0, 1, 0, 1
1.216350333333333, 1, 1, 1, 1, 0, 1, 0, 1
1.216350416666667, 0, 1, 1, 1, 0, 1, 0, 1
1.216350458333333, 1, 1, 1, 1, 0, 1, 0, 1
1.216350541666667, 0, 1, 1, 1, 1, 1, 0, 1
1.216350583333333, 1, 1, 1, 1, 1, 1, 0, 1
1.216350666666667, 0, 1, 1, 1, 1, 1, 0, 1
1.216350708333333, 1, 1, 1, 1, 1, 1, 0, 1
1.216350791666667, 0, 1, 1, 1, 1, 1, 0, 1
1.216350833333333, 1, 1, 1, 1, 1, 1, 0, 1
1.216350916666667, 0, 1, 1, 1, 1, 1, 0, 1
1.216350958333333, 1, 1, 1, 1, 1, 1, 0, 1
1.216351041666667, 0, 1, 1, 1, 1, 1, 0, 1
1.216351083333333, 1, 1, 1, 1, 1, 1, 0, 1
1.216351166666667, 0, 1, 1, 1, 1, 1, 0, 1
1.216352791666667, 0, 1, 1, 1, 0, 1, 0, 1
1.216352833333333, 1, 1, 1, 1, 0, 1, 0, 1
1.216352916666667, 0, 1, 1, 1, 0, 1, 0, 1
1.216352958333333, 1, 1, 1, 1, 0, 1, 0, 1
1.216353041666667, 0, 1, 1, 1, 0, 1, 0, 1
1.216353083333333, 1, 1, 1, 1, 0, 1, 0, 1
1.216353166666667, 0, 1, 1, 1, 0, 1, 0, 1
1.216353208333333, 1, 1, 1, 1, 0, 1, 0, 1
1.216353291666667, 0, 1, 1, 1, 0, 1, 0, 1
1.216353333333333, 1, 1, 1, 1, 0, 1, 0, 1
1.216353416666667, 0, 1, 1, 1, 0, 1, 0, 1
1.216353458333333, 1, 1, 1, 1, 0, 1, 0, 1
1.216353541666667, 0, 1, 1, 1, 0, 1, 0, 1
1.216353583333333, 1, 1, 1, 1, 0, 1, 0, 1
1.216353666666667, 0, 1, 1, 1, 0, 1, 0, 1
1.216353708333333, 1, 1, 1, 1, 0, 1, 0, 1
1.216353791666667, 0, 1, 1, 1, 1, 1, 0, 1
1.216354708333333, 0, 1, 1, 1, 0, 1, 0, 1
1.216354791666667, 1, 1, 1, 1, 0, 1, 0, 1
1.216354833333333, 0, 1, 1, 1, 0, 1, 0, 1
1.216354916666667, 1, 1, 1, 1, 0, 1, 0, 1
1.216354958333334, 0, 1, 1, 1, 0, 1, 0, 1
1.216355041666667, 1, 1, 1, 1, 0, 1, 0, 1
1.216355083333333, 0, 1, 1, 1, 1, 1, 0, 1
1.216355166666667, 1, 1, 1, 1, 1, 1, 0, 1
1.216355208333333, 0, 1, 1, 1, 1, 1, 0, 1
1.216355291666667, 1, 1, 1, 1, 1, 1, 0, 1
1.216355333333333, 0, 1, 1, 1, 1, 1, 0, 1
1.216355416666667, 1, 1, 1, 1, 1, 1, 0, 1
1.216355458333333, 0, 1, 1, 1, 1, 1, 0, 1
1.216355541666667, 1, 1, 1, 1, 1, 1, 0, 1
1.216355583333333, 0, 1, 1, 1, 1, 1, 0, 1
1.216355666666667, 1, 1, 1, 1, 1, 1, 0, 1
1.216355708333333, 0, 1, 1, 1, 1, 1, 0, 1
1.216357333333334, 0, 1, 1, 1, 0, 1, 0, 1
1.216357416666667, 1, 1, 1, 1, 0, 1, 0, 1
1.216357458333333, 0, 1, 1, 1, 0, 1, 0, 1
1.216357541666667, 1, 1, 1, 1, 0, 1, 0, 1
1.216357583333333, 0, 1, 1, 1, 0, 1, 0, 1
1.216357666666667, 1, 1, 1, 1, 0, 1, 0, 1
1.216357708333333, 0, 1, 1, 1, 0, 1, 0, 1
1.216357791666667, 1, 1, 1, 1, 0, 1, 0, 1
1.216357833333333, 0, 1, 1, 1, 0, 1, 0, 1
1.216357916666667, 1, 1, 1, 1, 0, 1, 0, 1
1.216357958333333, 0, 1, 1, 1, 0, 1, 0, 1
1.216358041666667, 1, 1, 1, 1, 0, 1, 0, 1
1.216358083333333, 0, 1, 1, 1, 0, 1, 0, 1
1.216358166666667, 1, 1, 1, 1, 0, 1, 0, 1
1.216358208333333, 0, 1, 1, 1, 0, 1, 0, 1
1.216358291666667, 1, 1, 1, 1, 0, 1, 0, 1
1.216358333333333, 0, 1, 1, 1, 1, 1, 0, 1
1.216359291666667, 0, 1, 1, 1, 0, 1, 0, 1
1.216359333333333, 1, 1, 1, 1, 0, 1, 0, 1
1.216359416666667, 0, 1, 1, 1, 0, 1, 0, 1
1.216359458333333, 1, 1, 1, 1, 0, 1, 0, 1
1.216359541666667, 0, 1, 1, 1, 0, 1, 0, 1
1.216359583333333, 1, 1, 1, 1, 0, 1, 0, 1
1.216359666666667, 0, 1, 1, 1, 1, 1, 0, 1
1.216359708333334, 1, 1, 1, 1, 1, 1, 0, 1
1.216359791666667, 0, 1, 1, 1, 1, 1, 0, 1
1.216359833333333, 1, 1, 1, 1, 1, 1, 0, 1
1.216359916666667, 0, 1, 1, 1, 1, 1, 0, 1
1.216359958333333, 1, 1, 1, 1, 1, 1, 0, 1
1.216360041666667, 0, 1, 1, 1, 1, 1, 0, 1
1.216360083333333, 1, 1, 1, 1, 1, 1, 0, 1
1.216360166666667, 0, 1, 1, 1, 1, 1, 0, 1
1.216360208333333, 1, 1, 1, 1, 1, 1, 0, 1
1.216360291666667, 0, 1, 1, 1, 1, 1, 0, 1
1.216361916666667, 0, 1, 1, 1, 0, 1, 0, 1
1.216361958333333, 1, 1, 1, 1, 0, 1, 0, 1
1.216362041666667, 0, 1, 1, 1, 0, 1, 0, 1
1.216362083333334, 1, 1, 1, 1, 0, 1, 0, 1
1.216362166666667, 0, 1, 1, 1, 0, 1, 0, 1
1.216362208333333, 1, 1, 1, 1, 0, 1, 0, 1
1.216362291666667, 0, 1, 1, 1, 0, 1, 0, 1
1.216362333333333, 1, 1, 1, 1, 0, 1, 0, 1
1.216362416666667, 0, 1, 1, 1, 0, 1, 0, 1
1.216362458333333, 1, 1, 1, 1, 0, 1, 0, 1
1.216362541666667, 0, 1, 1, 1, 0, 1, 0, 1
1.216362583333333, 1, 1, 1, 1, 0, 1, 0, 1
1.216362666666667, 0, 1, 1, 1, 0, 1, 0, 1
1.216362708333333, 1, 1, 1, 1, 0, 1, 0, 1
1.216362791666667, 0, 1, 1, 1, 0, 1, 0, 1
1.216362833333333, 1, 1, 1, 1, 0, 1, 0, 1
1.216362916666667, 0, 1, 1, 1, 1, 1, 0, 1
1.216363833333333, 0, 1, 1, 1, 0, 1, 0, 1
1.216363916666667, 1, 1, 1, 1, 0, 1, 0, 1
1.216363958333333, 0, 1, 1, 1, 0, 1, 0, 1
1.216364041666667, 1, 1, 1, 1, 0, 1, 0, 1
1.216364083333333, 0, 1, 1, 1, 0, 1, 0, 1
1.216364166666667, 1, 1, 1, 1, 0, 1, 0, 1
1.216364208333333, 0, 1, 1, 1, 1, 1, 0, 1
1.216364291666667, 1, 1, 1, 1, 1, 1, 0, 1
1.216364333333333, 0, 1, 1, 1, 1, 1, 0, 1
1.216364416666667, 1, 1, 1, 1, 1, 1, 0, 1
1.216364458333334, 0, 1, 1, 1, 1, 1, 0, 1
1.216364541666667, 1, 1, 1, 1, 1, 1, 0, 1
1.216364583333333, 0, 1, 1, 1, 1, 1, 0, 1
1.216364666666667, 1, 1, 1, 1, 1, 1, 0, 1
1.216364708333333, 0, 1, 1, 1, 1, 1, 0, 1
1.216364791666667, 1, 1, 1, 1, 1, 1, 0, 1
1.216364833333333, 0, 1, 1, 1, 1, 1, 0, 1
1.216366458333333, 0, 1, 1, 1, 0, 1, 0, 1
1.216366541666667, 1, 1, 1, 1, 0, 1, 0, 1
1.216366583333333, 0, 1, 1, 1, 0, 1, 0, 1
1.216366666666667, 1, 1, 1, 1, 0, 1, 0, 1
1.216366708333333, 0, 1, 1, 1, 0, 1, 0, 1
1.216366791666667, 1, 1, 1, 1, 0, 1, 0, 1
1.216366833333334, 0, 1, 1, 1, 0, 1, 0, 1
1.216366916666667, 1, 1, 1, 1, 0, 1, 0, 1
1.216366958333333, 0, 1, 1, 1, 0, 1, 0, 1
1.216367041666667, 1, 1, 1, 1, 0, 1, 0, 1
1.216367083333333, 0, 1, 1, 1, 0, 1, 0, 1
1.216367166666667, 1, 1, 1, 1, 0, 1, 0, 1
1.216367208333333, 0, 1, 1, 1, 0, 1, 0, 1
1.216367291666667, 1, 1, 1, 1, 0, 1, 0, 1
1.216367333333333, 0, 1, 1, 1, 0, 1, 0, 1
1.216367416666667, 1, 1, 1, 1, 0, 1, 0, 1
1.216367458333333, 0, 1, 1, 1, 1, 1, 0, 1
1.216368416666667, 0, 1, 1, 1, 0, 1, 0, 1
1.216368458333333, 1, 1, 1, 1, 0, 1, 0, 1
1.216368541666667, 0, 1, 1, 1, 0, 1, 0, 1
1.216368583333333, 1, 1, 1, 1, 0, 1, 0, 1
1.216368666666667, 0, 1, 1, 1, 0, 1, 0, 1
1.216368708333333, 1, 1, 1, 1, 0, 1, 0, 1
1.216368791666667, 0, 1, 1, 1, 1, 1, 0, 1
1.216368833333333, 1, 1, 1, 1, 1, 1, 0, 1
1.216368916666667, 0, 1, 1, 1, 1, 1, 0, 1
1.216368958333333, 1, 1, 1, 1, 1, 1, 0, 1
1.216369041666667, 0, 1, 1, 1, 1, 1, 0, 1
1.216369083333333, 1, 1, 1, 1, 1, 1, 0, 1
1.216369166666667, 0, 1, 1, 1, 1, 1, 0, 1
1.216369208333334, 1, 1, 1, 1, 1, 1, 0, 1
1.216369291666667, 0, 1, 1, 1, 1, 1, 0, 1
1.216369333333333, 1, 1, 1, 1, 1, 1, 0, 1
1.216369416666667, 0, 1, 1, 1, 1, 1, 0, 1
1.216371041666667, 0, 1, 1, 1, 0, 1, 0, 1
1.216371083333333, 1, 1, 1, 1, 0, 1, 0, 1
1.216371166666667, 0, 1, 1, 1, 0, 1, 0, 1
1.216371208333333, 1, 1, 1, 1, 0, 1, 0, 1
1.216371291666667, 0, 1, 1, 1, 0, 1, 0, 1
1.216371333333333, 1, 1, 1, 1, 0, 1, 0, 1
1.216371416666667, 0, 1, 1, 1, 0, 1, 0, 1
1.216371458333333, 1, 1, 1, 1, 0, 1, 0, 1
1.216371541666667, 0, 1, 1, 1, 0, 1, 0, 1
1.216371583333334, 1, 1, 1, 1, 0, 1, 0, 1
1.216371666666667, 0, 1, 1, 1, 0, 1, 0, 1
1.216371708333333, 1, 1, 1, 1, 0, 1, 0, 1
1.216371791666667, 0, 1, 1, 1, 0, 1, 0, 1
1.216371833333333, 1, 1, 1, 1, 0, 1, 0, 1
1.216371916666667, 0, 1, 1, 1, 0, 1, 0, 1
1.216371958333333, 1, 1, 1, 1, 0, 1, 0, 1
1.216372041666667, 0, 1, 1, 1, 1, 1, 0, 1
1.216372958333333, 0, 1, 1, 1, 0, 1, 0, 1
1.216373041666667, 1, 1, 1, 1, 0, 1, 0, 1
1.216373083333333, 0, 1, 1, 1, 0, 1, 0, 1
1.216373166666667, 1, 1, 1, 1, 0, 1, 0, 1
1.216373208333333, 0, 1, 1, 1, 0, 1, 0, 1
1.216373291666667, 1, 1, 1, 1, 0, 1, 0, 1
1.216373333333333, 0, 1, 1, 1, 1, 1, 0, 1
1.216373416666667, 1, 1, 1, 1, 1, 1, 0, 1
1.216373458333333, 0, 1, 1, 1, 1, 1, 0, 1
1.216373541666667, 1, 1, 1, 1, 1, 1, 0, 1
1.216373583333333, 0, 1, 1, 1, 1, 1, 0, 1
1.216373666666667, 1, 1, 1, 1, 1, 1, 0, 1
1.216373708333333, 0, 1, 1, 1, 1, 1, 0, 1
1.216373791666667, 1, 1, 1, 1, 1, 1, 0, 1
1.216373833333333, 0, 1, 1, 1, 1, 1, 0, 1
1.216373916666667, 1, 1, 1, 1, 1, 1, 0, 1
1.216373958333334, 0, 1, 1, 1, 1, 1, 0, 1
1.216375583333333, 0, 1, 1, 1, 0, 1, 0, 1
1.216375666666667, 1, 1, 1, 1, 0, 1, 0, 1
1.216375708333333, 0, 1, 1, 1, 0, 1, 0, 1
1.216375791666667, 1, 1, 1, 1, 0, 1, 0, 1
1.216375833333333, 0, 1, 1, 1, 0, 1, 0, 1
1.216375916666667, 1, 1, 1, 1, 0, 1, 0, 1
1.216375958333333, 0, 1, 1, 1, 0, 1, 0, 1
1.216376041666667, 1, 1, 1, 1, 0, 1, 0, 1
1.216376083333333, 0, 1, 1, 1, 0, 1, 0, 1
1.216376166666667, 1, 1, 1, 1, 0, 1, 0, 1
1.216376208333333, 0, 1, 1, 1, 0, 1, 0, 1
1.216376291666667, 1, 1, 1, 1, 0, 1, 0, 1
1.216376333333334, 0, 1, 1, 1, 0, 1, 0, 1
1.216376416666667, 1, 1, 1, 1, 0, 1, 0, 1
1.216376458333333, 0, 1, 1, 1, 0, 1, 0, 1
1.216376541666667, 1, 1, 1, 1, 0, 1, 0, 1
1.216376583333333, 0, 1, 1, 1, 1, 1, 0, 1
1.216377541666667, 0, 1, 1, 1, 0, 1, 0, 1
1.216377583333333, 1, 1, 1, 1, 0, 1, 0, 1
1.216377666666667, 0, 1, 1, 1, 0, 1, 0, 1
1.216377708333333, 1, 1, 1, 1, 0, 1, 0, 1
1.216377791666667, 0, 1, 1, 1, 0, 1, 0, 1
1.216377833333333, 1, 1, 1, 1, 0, 1, 0, 1
1.216377916666667, 0, 1, 1, 1, 1, 1, 0, 1
1.216377958333333, 1, 1, 1, 1, 1, 1, 0, 1
1.216378041666667, 0, 1, 1, 1, 1, 1, 0, 1
1.216378083333333, 1, 1, 1, 1, 1, 1, 0, 1
1.216378166666667, 0, 1, 1, 1, 1, 1, 0, 1
1.216378208333333, 1, 1, 1, 1, 1, 1, 0, 1
1.216378291666667, 0, 1, 1, 1, 1, 1, 0, 1
1.216378333333333, 1, 1, 1, 1, 1, 1, 0, 1
1.216378416666667, 0, 1, 1, 1, 1, 1, 0, 1
1.216378458333333, 1, 1, 1, 1, 1, 1, 0, 1
1.216378541666667, 0, 1, 1, 1, 1, 1, 0, 1
1.216380166666667, 0, 1, 1, 1, 0, 1, 0, 1
1.216380208333333, 1, 1, 1, 1, 0, 1, 0, 1
1.216380291666667, 0, 1, 1, 1, 0, 1, 0, 1
1.216380333333333, 1, 1, 1, 1, 0, 1, 0, 1
1.216380416666667, 0, 1, 1, 1, 0, 1, 0, 1
1.216380458333333, 1, 1, 1, 1, 0, 1, 0, 1
1.216380541666667, 0, 1, 1, 1, 0, 1, 0, 1
1.216380583333333, 1, 1, 1, 1, 0, 1, 0, 1
1.216380666666667, 0, 1, 1, 1, 0, 1, 0, 1
1.216380708333333, 1, 1, 1, 1, 0, 1, 0, 1
1.216380791666667, 0, 1, 1, 1, 0, 1, 0, 1
1.216380833333333, 1, 1, 1, 1, 0, 1, 0, 1
1.216380916666667, 0, 1, 1, 1, 0, 1, 0, 1
1.216380958333333, 1, 1, 1, 1, 0, 1, 0, 1
1.216381041666667, 0, 1, 1, 1, 0, 1, 0, 1
1.216381083333334, 1, 1, 1, 1, 0, 1, 0, 1
1.216381166666667, 0, 1, 1, 1, 1, 1, 0, 1
1.216382083333333, 0, 1, 1, 1, 0, 1, 0, 1
1.216382166666667, 1, 1, 1, 1, 0, 1, 0, 1
1.216382208333333, 0, 1, 1, 1, 0, 1, 0, 1
1.216382291666667, 1, 1, 1, 1, 0, 1, 0, 1
1.216382333333333, 0, 1, 1, 1, 0, 1, 0, 1
1.216382416666667, 1, 1, 1, 1, 0, 1, 0, 1
1.216382458333333, 0, 1, 1, 1, 1, 1, 0, 1
1.216382541666667, 1, 1, 1, 1, 1, 1, 0, 1
1.216382583333333, 0, 1, 1, 1, 1, 1, 0, 1
1.216382666666667, 1, 1, 1, 1, 1, 1, 0, 1
1.216382708333333, 0, 1, 1, 1, 1, 1, 0, 1
1.216382791666667, 1, 1, 1, 1, 1, 1, 0, 1
1.216382833333333, 0, 1, 1, 1, 1, 1, 0, 1
1.216382916666667, 1, 1, 1, 1, 1, 1, 0, 1
1.216382958333333, 0, 1, 1, 1, 1, 1, 0, 1
1.216383041666667, 1, 1, 1, 1, 1, 1, 0, 1
1.216383083333333, 0, 1, 1, 1, 1, 1, 0, 1
1.216384708333333, 0, 1, 1, 1, 0, 1, 0, 1
1.216384791666667, 1, 1, 1, 1, 0, 1, 0, 1
1.216384833333333, 0, 1, 1, 1, 0, 1, 0, 1
1.216384916666667, 1, 1, 1, 1, 0, 1, 0, 1
1.216384958333333, 0, 1, 1, 1, 0, 1, 0, 1
1.216385041666667, 1, 1, 1, 1, 0, 1, 0, 1
1.216385083333333, 0, 1, 1, 1, 0, 1, 0, 1
1.216385166666667, 1, 1, 1, 1, 0, 1, 0, 1
1.216385208333333, 0, 1, 1, 1, 0, 1, 0, 1
1.216385291666667, 1, 1, 1, 1, 0, 1, 0, 1
1.216385333333333, 0, 1, 1, 1, 0, 1, 0, 1
1.216385416666667, 1, 1, 1, 1, 0, 1, 0, 1
1.216385458333333, 0, 1, 1, 1, 0, 1, 0, 1
1.216385541666667, 1, 1, 1, 1, 0, 1, 0, 1
1.216385583333333, 0, 1, 1, 1, 0, 1, 0, 1
1.216385666666667, 1, 1, 1, 1, 0, 1, 0, 1
1.216385708333333, 0, 1, 1, 1, 1, 1, 0, 1
1.216386666666667, 0, 1, 1, 1, 0, 1, 0, 1
1.216386708333334, 1, 1, 1, 1, 0, 1, 0, 1
1.216386791666667, 0, 1, 1, 1, 0, 1, 0, 1
1.216386833333333, 1, 1, 1, 1, 0, 1, 0, 1
1.216386916666667, 0, 1, 1, 1, 0, 1, 0, 1
1.216386958333333, 1, 1, 1, 1, 0, 1, 0, 1
1.216387041666667, 0, 1, 1, 1, 1, 1, 0, 1
1.216387083333333, 1, 1, 1, 1, 1, 1, 0, 1
1.216387166666667, 0, 1, 1, 1, 1, 1, 0, 1
1.216387208333333, 1, 1, 1, 1, 1, 1, 0, 1
1.216387291666667, 0, 1, 1, 1, 1, 1, 0, 1
1.216387333333333, 1, 1, 1, 1, 1, 1, 0, 1
1.216387416666667, 0, 1, 1, 1, 1, 1, 0, 1
1.216387458333333, 1, 1, 1, 1, 1, 1, 0, 1
1.216387541666667, 0, 1, 1, 1, 1, 1, 0, 1
1.216387583333333, 1, 1, 1, 1, 1, 1, 0, 1
1.216387666666667, 0, 1, 1, 1, 1, 1, 0, 1
1.216389291666667, 0, 1, 1, 1, 0, 1, 0, 1
1.216389333333333, 1, 1, 1, 1, 0, 1, 0, 1
1.216389416666667, 0, 1, 1, 1, 0, 1, 0, 1
1.216389458333333, 1, 1, 1, 1, 0, 1, 0, 1
1.216389541666667, 0, 1, 1, 1, 0, 1, 0, 1
1.216389583333333, 1, 1, 1, 1, 0, 1, 0, 1
1.216389666666667, 0, 1, 1, 1, 0, 1, 0, 1
1.216389708333333, 1, 1, 1, 1, 0, 1, 0, 1
1.216389791666667, 0, 1, 1, 1, 0, 1, 0, 1
1.216389833333333, 1, 1, 1, 1, 0, 1, 0, 1
1.216389916666667, 0, 1, 1, 1, 0, 1, 0, 1
1.216389958333333, 1, 1, 1, 1, 0, 1, 0, 1
1.216390041666667, 0, 1, 1, 1, 0, 1, 0, 1
1.216390083333333, 1, 1, 1, 1, 0, 1, 0, 1
1.216390166666667, 0, 1, 1, 1, 0, 1, 0, 1
1.216390208333333, 1, 1, 1, 1, 0, 1, 0, 1
1.216390291666667, 0, 1, 1, 1, 1, 1, 0, 1
1.216391208333333, 0, 1, 1, 1, 0, 1, 0, 1
1.216391291666667, 1, 1, 1, 1, 0, 1, 0, 1
1.216391375000000, 0, 1, 1, 1, 0, 1, 0, 1
1.216391416666667, 1, 1, 1, 1, 0, 1, 0, 1
1.216391500000000, 0, 1, 1, 1, 0, 1, 0, 1
1.216391541666667, 1, 1, 1, 1, 0, 1, 0, 1
1.216391583333333, 0, 1, 1, 1, 1, 1, 0, 1
1.216391666666667, 1, 1, 1, 1, 1, 1, 0, 1
1.216391750000000, 0, 1, 1, 1, 1, 1, 0, 1
1.216391791666667, 1, 1, 1, 1, 1, 1, 0, 1
1.216391833333333, 0, 1, 1, 1, 1, 1, 0, 1
1.216391916666667, 1, 1, 1, 1, 1, 1, 0, 1
1.216392000000000, 0, 1, 1, 1, 1, 1, 0, 1
1.216392041666667, 1, 1, 1, 1, 1, 1, 0, 1
1.216392083333333, 0, 1, 1, 1, 1, 1, 0, 1
1.216392166666667, 1, 1, 1, 1, 1, 1, 0, 1
1.216392250000000, 0, 1, 1, 1, 1, 1, 0, 1
1.216393833333334, 0, 1, 1, 1, 0, 1, 0, 1
1.216393916666667, 1, 1, 1, 1, 0, 1, 0, 1
1.216394000000000, 0, 1, 1, 1, 0, 1, 0, 1
1.216394041666667, 1, 1, 1, 1, 0, 1, 0, 1
1.216394125000000, 0, 1, 1, 1, 0, 1, 0, 1
1.216394166666667, 1, 1, 1, 1, 0, 1, 0, 1
1.216394250000000, 0, 1, 1, 1, 0, 1, 0, 1
1.216394291666667, 1, 1, 1, 1, 0, 1, 0, 1
1.216394375000000, 0, 1, 1, 1, 0, 1, 0, 1
1.216394416666667, 1, 1, 1, 1, 0, 1, 0, 1
1.216394500000000, 0, 1, 1, 1, 0, 1, 0, 1
1.216394541666667, 1, 1, 1, 1, 0, 1, 0, 1
1.216394625000000, 0, 1, 1, 1, 0, 1, 0, 1
1.216394666666667, 1, 1, 1, 1, 0, 1, 0, 1
1.216394750000000, 0, 1, 1, 1, 0, 1, 0, 1
1.216394791666667, 1, 1, 1, 1, 0, 1, 0, 1
1.216394833333333, 0, 1, 1, 1, 1, 1, 0, 1
1.216395791666667, 0, 1, 1, 1, 0, 1, 0, 1
1.216395833333333, 1, 1, 1, 1, 0, 1, 0, 1
1.216395916666667, 0, 1, 1, 1, 0, 1, 0, 1
1.216395958333333, 1, 1, 1, 1, 0, 1, 0, 1
1.216396041666667, 0, 1, 1, 1, 0, 1, 0, 1
1.216396083333333, 1, 1, 1, 1, 0, 1, 0, 1
1.216396166666667, 0, 1, 1, 1, 1, 1, 0, 1
1.216396208333334, 1, 1, 1, 1, 1, 1, 0, 1
1.216396291666667, 0, 1, 1, 1, 1, 1, 0, 1
1.216396333333333, 1, 1, 1, 1, 1, 1, 0, 1
1.216396416666667, 0, 1, 1, 1, 1, 1, 0, 1
1.216396458333333, 1, 1, 1, 1, 1, 1, 0, 1
1.216396541666667, 0, 1, 1, 1, 1, 1, 0, 1
1.216396583333333, 1, 1, 1, 1, 1, 1, 0, 1
1.216396666666667, 0, 1, 1, 1, 1, 1, 0, 1
1.216396708333333, 1, 1, 1, 1, 1, 1, 0, 1
1.216396791666667, 0, 1, 1, 1, 1, 1, 0, 1
1.216398416666667, 0, 1, 1, 1, 0, 1, 0, 1
1.216398458333333, 1, 1, 1, 1, 0, 1, 0, 1
1.216398541666667, 0, 1, 1, 1, 0, 1, 0, 1
1.216398583333334, 1, 1, 1, 1, 0, 1, 0, 1
1.216398666666667, 0, 1, 1, 1, 0, 1, 0, 1
1.216398708333333, 1, 1, 1, 1, 0, 1, 0, 1
1.216398791666667, 0, 1, 1, 1, 0, 1, 0, 1
1.216398833333333, 1, 1, 1, 1, 0, 1, 0, 1
1.216398916666667, 0, 1, 1, 1, 0, 1, 0, 1
1.216398958333333, 1, 1, 1, 1, 0, 1, 0, 1
1.216399041666667, 0, 1, 1, 1, 0, 1, 0, 1
1.216399083333333, 1, 1, 1, 1, 0, 1, 0, 1
1.216399166666667, 0, 1, 1, 1, 0, 1, 0, 1
1.216399208333333, 1, 1, 1, 1, 0, 1, 0, 1
1.216399291666667, 0, 1, 1, 1, 0, 1, 0, 1
1.216399333333333, 1, 1, 1, 1, 0, 1, 0, 1
1.216399416666667, 0, 1, 1, 1, 1, 1, 0, 1
1.216400333333333, 0, 1, 1, 1, 0, 1, 0, 1
1.216400416666667, 1, 1, 1, 1, 0, 1, 0, 1
1.216400500000000, 0, 1, 1, 1, 0, 1, 0, 1
1.216400541666667, 1, 1, 1, 1, 0, 1, 0, 1
1.216400625000000, 0, 1, 1, 1, 0, 1, 0, 1
1.216400666666667, 1, 1, 1, 1, 0, 1, 0, 1
1.216400708333333, 0, 1, 1, 1, 1, 1, 0, 1
1.216400791666667, 1, 1, 1, 1, 1, 1, 0, 1
1.216400875000000, 0, 1, 1, 1, 1, 1, 0, 1
1.216400916666667, 1, 1, 1, 1, 1, 1, 0, 1
1.216401000000000, 0, 1, 1, 1, 1, 1, 0, 1
1.216401041666667, 1, 1, 1, 1, 1, 1, 0, 1
1.216401125000000, 0, 1, 1, 1, 1, 1, 0, 1
1.216401166666667, 1, 1, 1, 1, 1, 1, 0, 1
1.216401250000000, 0, 1, 1, 1, 1, 1, 0, 1
1.216401291666667, 1, 1, 1, 1, 1, 1, 0, 1
1.216401375000000, 0, 1, 1, 1, 1, 1, 0, 1
1.216402958333333, 0, 1, 1, 1, 0, 1, 0, 1
1.216403041666667, 1, 1, 1, 1, 0, 1, 0, 1
1.216403125000000, 0, 1, 1, 1, 0, 1, 0, 1
1.216403166666667, 1, 1, 1, 1, 0, 1, 0, 1
1.216403250000000, 0, 1, 1, 1, 0, 1, 0, 1
1.216403291666667, 1, 1, 1, 1, 0, 1, 0, 1
1.216403375000000, 0, 1, 1, 1, 0, 1, 0, 1
1.216403416666667, 1, 1, 1, 1, 0, 1, 0, 1
1.216403500000000, 0, 1, 1, 1, 0, 1, 0, 1
1.216403541666667, 1, 1, 1, 1, 0, 1, 0, 1
1.216403625000000, 0, 1, 1, 1, 0, 1, 0, 1
1.216403666666667, 1, 1, 1, 1, 0, 1, 0, 1
1.216403750000000, 0, 1, 1, 1, 0, 1, 0, 1
1.216403791666667, 1, 1, 1, 1, 0, 1, 0, 1
1.216403875000000, 0, 1, 1, 1, 0, 1, 0, 1
1.216403916666667, 1, 1, 1, 1, 0, 1, 0, 1
1.216403958333333, 0, 1, 1, 1, 1, 1, 0, 1
1.216404916666667, 0, 1, 1, 1, 0, 1, 0, 1
1.216404958333333, 1, 1, 1, 1, 0, 1, 0, 1
1.216405041666667, 0, 1, 1, 1, 0, 1, 0, 1
1.216405083333333, 1, 1, 1, 1, 0, 1, 0, 1
1.216405166666667, 0, 1, 1, 1, 0, 1, 0, 1
1.216405208333333, 1, 1, 1, 1, 0, 1, 0, 1
1.216405291666667, 0, 1, 1, 1, 1, 1, 0, 1
1.216405333333333, 1, 1, 1, 1, 1, 1, 0, 1
1.216405416666667, 0, 1, 1, 1, 1, 1, 0, 1
1.216405458333333, 1, 1, 1, 1, 1, 1, 0, 1
1.216405541666667, 0, 1, 1, 1, 1, 1, 0, 1
1.216405583333333, 1, 1, 1, 1, 1, 1, 0, 1
1.216405666666667, 0, 1, 1, 1, 1, 1, 0, 1
1.216405708333334, 1, 1, 1, 1, 1, 1, 0, 1
1.216405791666667, 0, 1, 1, 1, 1, 1, 0, 1
1.216405833333333, 1, 1, 1, 1, 1, 1, 0, 1
1.216405916666667, 0, 1, 1, 1, 1, 1, 0, 1
1.216407541666667, 0, 1, 1, 1, 0, 1, 0, 1
1.216407583333333, 1, 1, 1, 1, 0, 1, 0, 1
1.216407666666667, 0, 1, 1, 1, 0, 1, 0, 1
1.216407708333333, 1, 1, 1, 1, 0, 1, 0, 1
1.216407791666667, 0, 1, 1, 1, 0, 1, 0, 1
1.216407833333333, 1, 1, 1, 1, 0, 1, 0, 1
1.216407916666667, 0, 1, 1, 1, 0, 1, 0, 1
1.216407958333333, 1, 1, 1, 1, 0, 1, 0, 1
1.216408041666667, 0, 1, 1, 1, 0, 1, 0, 1
1.216408083333334, 1, 1, 1, 1, 0, 1, 0, 1
1.216408166666667, 0, 1, 1, 1, 0, 1, 0, 1
1.216408208333333, 1, 1, 1, 1, 0, 1, 0, 1
1.216408291666667, 0, 1, 1, 1, 0, 1, 0, 1
1.216408333333333, 1, 1, 1, 1, 0, 1, 0, 1
1.216408416666667, 0, 1, 1, 1, 0, 1, 0, 1
1.216408458333333, 1, 1, 1, 1, 0, 1, 0, 1
1.216408541666667, 0, 1, 1, 1, 1, 1, 0, 1
1.216409458333333, 0, 1, 1, 1, 0, 1, 0, 1
1.216409541666667, 1, 1, 1, 1, 0, 1, 0, 1
1.216409625000000, 0, 1, 1, 1, 0, 1, 0, 1
1.216409666666667, 1, 1, 1, 1, 0, 1, 0, 1
1.216409750000000, 0, 1, 1, 1, 0, 1, 0, 1
1.216409791666667, 1, 1, 1, 1, 0, 1, 0, 1
1.216409833333333, 1, 1, 1, 1, 1, 1, 0, 1
1.216409875000000, 0, 1, 1, 1, 1, 1, 0, 1
1.216409916666667, 1, 1, 1, 1, 1, 1, 0, 1
1.216410000000000, 0, 1, 1, 1, 1, 1, 0, 1
1.216410041666667, 1, 1, 1, 1, 1, 1, 0, 1
1.216410125000000, 0, 1, 1, 1, 1, 1, 0, 1
1.216410166666667, 1, 1, 1, 1, 1, 1, 0, 1
1.216410250000000, 0, 1, 1, 1, 1, 1, 0, 1
1.216410291666667, 1, 1, 1, 1, 1, 1, 0, 1
1.216410375000000, 0, 1, 1, 1, 1, 1, 0, 1
1.216410416666667, 1, 1, 1, 1, 1, 1, 0, 1
1.216410500000000, 0, 1, 1, 1, 1, 1, 0, 1
1.216412083333333, 0, 1, 1, 1, 0, 1, 0, 1
1.216412166666667, 1, 1, 1, 1, 0, 1, 0, 1
1.216412250000000, 0, 1, 1, 1, 0, 1, 0, 1
1.216412291666667, 1, 1, 1, 1, 0, 1, 0, 1
1.216412375000000, 0, 1, 1, 1, 0, 1, 0, 1
1.216412416666667, 1, 1, 1, 1, 0, 1, 0, 1
1.216412500000000, 0, 1, 1, 1, 0, 1, 0, 1
1.216412541666667, 1, 1, 1, 1, 0, 1, 0, 1
1.216412625000000, 0, 1, 1, 1, 0, 1, 0, 1
1.216412666666667, 1, 1, 1, 1, 0, 1, 0, 1
1.216412750000000, 0, 1, 1, 1, 0, 1, 0, 1
1.216412791666667, 1, 1, 1, 1, 0, 1, 0, 1
1.216412875000000, 0, 1, 1, 1, 0, 1, 0, 1
1.216412916666667, 1, 1, 1, 1, 0, 1, 0, 1
1.216413000000000, 0, 1, 1, 1, 0, 1, 0, 1
1.216413041666667, 1, 1, 1, 1, 0, 1, 0, 1
1.216413083333333, 1, 1, 1, 1, 1, 1, 0, 1
1.216413125000000, 0, 1, 1, 1, 1, 1, 0, 1
1.216414041666667, 0, 1, 1, 1, 0, 1, 0, 1
1.216414083333333, 1, 1, 1, 1, 0, 1, 0, 1
1.216414166666667, 0, 1, 1, 1, 0, 1, 0, 1
1.216414208333333, 1, 1, 1, 1, 0, 1, 0, 1
1.216414291666667, 0, 1, 1, 1, 0, 1, 0, 1
1.216414333333333, 1, 1, 1, 1, 0, 1, 0, 1
1.216414416666667, 0, 1, 1, 1, 1, 1, 0, 1
1.216414458333333, 1, 1, 1, 1, 1, 1, 0, 1
1.216414541666667, 0, 1, 1, 1, 1, 1, 0, 1
1.216414583333333, 1, 1, 1, 1, 1, 1, 0, 1
1.216414666666667, 0, 1, 1, 1, 1, 1, 0, 1
1.216414708333333, 1, 1, 1, 1, 1, 1, 0, 1
1.216414791666667, 0, 1, 1, 1, 1, 1, 0, 1
1.216414833333333, 1, 1, 1, 1, 1, 1, 0, 1
1.216414916666667, 0, 1, 1, 1, 1, 1, 0, 1
1.216414958333333, 1, 1, 1, 1, 1, 1, 0, 1
1.216415041666667, 0, 1, 1, 1, 1, 1, 0, 1
1.216416666666667, 0, 1, 1, 1, 0, 1, 0, 1
1.216416708333333, 1, 1, 1, 1, 0, 1, 0, 1
1.216416791666667, 0, 1, 1, 1, 0, 1, 0, 1
1.216416833333333, 1, 1, 1, 1, 0, 1, 0, 1
1.216416916666667, 0, 1, 1, 1, 0, 1, 0, 1
1.216416958333333, 1, 1, 1, 1, 0, 1, 0, 1
1.216417041666667, 0, 1, 1, 1, 0, 1, 0, 1
1.216417083333333, 1, 1, 1, 1, 0, 1, 0, 1
1.216417166666667, 0, 1, 1, 1, 0, 1, 0, 1
1.216417208333333, 1, 1, 1, 1, 0, 1, 0, 1
1.216417291666667, 0, 1, 1, 1, 0, 1, 0, 1
1.216417333333333, 1, 1, 1, 1, 0, 1, 0, 1
1.216417416666667, 0, 1, 1, 1, 0, 1, 0, 1
1.216417458333333, 1, 1, 1, 1, 0, 1, 0, 1
1.216417541666667, 0, 1, 1, 1, 0, 1, 0, 1
1.216417583333333, 1, 1, 1, 1, 0, 1, 0, 1
1.216417666666667, 0, 1, 1, 1, 1, 1, 0, 1
1.216418583333333, 0, 1, 1, 1, 0, 1, 0, 1
1.216418666666667, 1, 1, 1, 1, 0, 1, 0, 1
1.216418750000000, 0, 1, 1, 1, 0, 1, 0, 1
1.216418791666667, 1, 1, 1, 1, 0, 1, 0, 1
1.216418875000000, 0, 1, 1, 1, 0, 1, 0, 1
1.216418916666667, 1, 1, 1, 1, 0, 1, 0, 1
1.216418958333333, 1, 1, 1, 1, 1, 1, 0, 1
1.216419000000000, 0, 1, 1, 1, 1, 1, 0, 1
1.216419041666667, 1, 1, 1, 1, 1, 1, 0, 1
1.216419125000000, 0, 1, 1, 1, 1, 1, 0, 1
1.216419166666667, 1, 1, 1, 1, 1, 1, 0, 1
1.216419250000000, 0, 1, 1, 1, 1, 1, 0, 1
1.216419291666667, 1, 1, 1, 1, 1, 1, 0, 1
1.216419375000000, 0, 1, 1, 1, 1, 1, 0, 1
1.216419416666667, 1, 1, 1, 1, 1, 1, 0, 1
1.216419500000000, 0, 1, 1, 1, 1, 1, 0, 1
1.216419541666667, 1, 1, 1, 1, 1, 1, 0, 1
1.216419625000000, 0, 1, 1, 1, 1, 1, 0, 1
1.216421208333333, 0, 1, 1, 1, 0, 1, 0, 1
1.216421291666667, 1, 1, 1, 1, 0, 1, 0, 1
1.216421375000000, 0, 1, 1, 1, 0, 1, 0, 1
1.216421416666667, 1, 1, 1, 1, 0, 1, 0, 1
1.216421500000000, 0, 1, 1, 1, 0, 1, 0, 1
1.216421541666667, 1, 1, 1, 1, 0, 1, 0, 1
1.216421625000000, 0, 1, 1, 1, 0, 1, 0, 1
1.216421666666667, 1, 1, 1, 1, 0, 1, 0, 1
1.216421750000000, 0, 1, 1, 1, 0, 1, 0, 1
1.216421791666667, 1, 1, 1, 1, 0, 1, 0, 1
1.216421875000000, 0, 1, 1, 1, 0, 1, 0, 1
1.216421916666667, 1, 1, 1, 1, 0, 1, 0, 1
1.216422000000000, 0, 1, 1, 1, 0, 1, 0, 1
1.216422041666667, 1, 1, 1, 1, 0, 1, 0, 1
1.216422125000000, 0, 1, 1, 1, 0, 1, 0, 1
1.216422166666667, 1, 1, 1, 1, 0, 1, 0, 1
1.216422208333333, 1, 1, 1, 1, 1, 1, 0, 1
1.216422250000000, 0, 1, 1, 1, 1, 1, 0, 1
1.216423166666667, 0, 1, 1, 1, 0, 1, 0, 1
1.216423208333334, 1, 1, 1, 1, 0, 1, 0, 1
1.216423291666667, 0, 1, 1, 1, 0, 1, 0, 1
1.216423333333333, 1, 1, 1, 1, 0, 1, 0, 1
1.216423416666667, 0, 1, 1, 1, 0, 1, 0, 1
1.216423458333333, 1, 1, 1, 1, 0, 1, 0, 1
1.216423541666667, 0, 1, 1, 1, 1, 1, 0, 1
1.216423583333333, 1, 1, 1, 1, 1, 1, 0, 1
1.216423666666667, 0, 1, 1, 1, 1, 1, 0, 1
1.216423708333333, 1, 1, 1, 1, 1, 1, 0, 1
1.216423791666667, 0, 1, 1, 1, 1, 1, 0, 1
1.216423833333333, 1, 1, 1, 1, 1, 1, 0, 1
1.216423916666667, 0, 1, 1, 1, 1, 1, 0, 1
1.216423958333333, 1, 1, 1, 1, 1, 1, 0, 1
1.216424041666667, 0, 1, 1, 1, 1, 1, 0, 1
1.216424083333334, 1, 1, 1, 1, 1, 1, 0, 1
1.216424166666667, 0, 1, 1, 1, 1, 1, 0, 1
1.216425791666667, 0, 1, 1, 1, 0, 1, 0, 1
1.216425833333333, 1, 1, 1, 1, 0, 1, 0, 1
1.216425916666667, 0, 1, 1, 1, 0, 1, 0, 1
1.216425958333333, 1, 1, 1, 1, 0, 1, 0, 1
1.216426041666667, 0, 1, 1, 1, 0, 1, 0, 1
1.216426083333333, 1, 1, 1, 1, 0, 1, 0, 1
1.216426166666667, 0, 1, 1, 1, 0, 1, 0, 1
1.216426208333333, 1, 1, 1, 1, 0, 1, 0, 1
1.216426291666667, 0, 1, 1, 1, 0, 1, 0, 1
1.216426333333333, 1, 1, 1, 1, 0, 1, 0, 1
1.216426416666667, 0, 1, 1, 1, 0, 1, 0, 1
1.216426458333334, 1, 1, 1, 1, 0, 1, 0, 1
1.216426541666667, 0, 1, 1, 1, 0, 1, 0, 1
1.216426583333333, 1, 1, 1, 1, 0, 1, 0, 1
1.216426666666667, 0, 1, 1, 1, 0, 1, 0, 1
1.216426708333333, 1, 1, 1, 1, 0, 1, 0, 1
1.216426791666667, 0, 1, 1, 1, 1, 1, 0, 1
1.216427708333333, 0, 1, 1, 1, 0, 1, 0, 1
1.216427791666667, 1, 1, 1, 1, 0, 1, 0, 1
1.216427875000000, 0, 1, 1, 1, 0, 1, 0, 1
1.216427916666667, 1, 1, 1, 1, 0, 1, 0, 1
1.216428000000000, 0, 1, 1, 1, 0, 1, 0, 1
1.216428041666667, 1, 1, 1, 1, 0, 1, 0, 1
1.216428083333333, 1, 1, 1, 1, 1, 1, 0, 1
1.216428125000000, 0, 1, 1, 1, 1, 1, 0, 1
1.216428166666667, 1, 1, 1, 1, 1, 1, 0, 1
1.216428250000000, 0, 1, 1, 1, 1, 1, 0, 1
1.216428291666667, 1, 1, 1, 1, 1, 1, 0, 1
1.216428375000000, 0, 1, 1, 1, 1, 1, 0, 1
1.216428416666667, 1, 1, 1, 1, 1, 1, 0, 1
1.216428500000000, 0, 1, 1, 1, 1, 1, 0, 1
1.216428541666667, 1, 1, 1, 1, 1, 1, 0, 1
1.216428625000000, 0, 1, 1, 1, 1, 1, 0, 1
1.216428666666667, 1, 1, 1, 1, 1, 1, 0, 1
1.216428750000000, 0, 1, 1, 1, 1, 1, 0, 1
1.216430333333334, 0, 1, 1, 1, 0, 1, 0, 1
1.216430416666667, 1, 1, 1, 1, 0, 1, 0, 1
1.216430500000000, 0, 1, 1, 1, 0, 1, 0, 1
1.216430541666667, 1, 1, 1, 1, 0, 1, 0, 1
1.216430625000000, 0, 1, 1, 1, 0, 1, 0, 1
1.216430666666667, 1, 1, 1, 1, 0, 1, 0, 1
1.216430750000000, 0, 1, 1, 1, 0, 1, 0, 1
1.216430791666667, 1, 1, 1, 1, 0, 1, 0, 1
1.216430875000000, 0, 1, 1, 1, 0, 1, 0, 1
1.216430916666667, 1, 1, 1, 1, 0, 1, 0, 1
1.216431000000000, 0, 1, 1, 1, 0, 1, 0, 1
1.216431041666667, 1, 1, 1, 1, 0, 1, 0, 1
1.216431125000000, 0, 1, 1, 1, 0, 1, 0, 1
1.216431166666667, 1, 1, 1, 1, 0, 1, 0, 1
1.216431250000000, 0, 1, 1, 1, 0, 1, 0, 1
1.216431291666667, 1, 1, 1, 1, 0, 1, 0, 1
1.216431333333333, 1, 1, 1, 1, 1, 1, 0, 1
1.216431375000000, 0, 1, 1, 1, 1, 1, 0, 1
1.216432291666667, 0, 1, 1, 1, 0, 1, 0, 1
1.216432333333333, 1, 1, 1, 1, 0, 1, 0, 1
1.216432416666667, 0, 1, 1, 1, 0, 1, 0, 1
1.216432458333333, 1, 1, 1, 1, 0, 1, 0, 1
1.216432541666667, 0, 1, 1, 1, 0, 1, 0, 1
1.216432583333333, 1, 1, 1, 1, 0, 1, 0, 1
1.216432666666667, 0, 1, 1, 1, 1, 1, 0, 1
1.216432708333334, 1, 1, 1, 1, 1, 1, 0, 1
1.216432791666667, 0, 1, 1, 1, 1, 1, 0, 1
1.216432833333333, 1, 1, 1, 1, 1, 1, 0, 1
1.216432916666667, 0, 1, 1, 1, 1, 1, 0, 1
1.216432958333333, 1, 1, 1, 1, 1, 1, 0, 1
1.216433041666667, 0, 1, 1, 1, 1, 1, 0, 1
1.216433083333333, 1, 1, 1, 1, 1, 1, 0, 1
1.216433166666667, 0, 1, 1, 1, 1, 1, 0, 1
1.216433208333333, 1, 1, 1, 1, 1, 1, 0, 1
1.216433291666667, 0, 1, 1, 1, 1, 1, 0, 1
1.216434916666667, 0, 1, 1, 1, 0, 1, 0, 1
1.216434958333333, 1, 1, 1, 1, 0, 1, 0, 1
1.216435041666667, 0, 1, 1, 1, 0, 1, 0, 1
1.216435083333334, 1, 1, 1, 1, 0, 1, 0, 1
1.216435166666667, 0, 1, 1, 1, 0, 1, 0, 1
1.216435208333333, 1, 1, 1, 1, 0, 1, 0, 1
1.216435291666667, 0, 1, 1, 1, 0, 1, 0, 1
1.216435333333333, 1, 1, 1, 1, 0, 1, 0, 1
1.216435416666667, 0, 1, 1, 1, 0, 1, 0, 1
1.216435458333333, 1, 1, 1, 1, 0, 1, 0, 1
1.216435541666667, 0, 1, 1, 1, 0, 1, 0, 1
1.216435583333333, 1, 1, 1, 1, 0, 1, 0, 1
1.216435666666667, 0, 1, 1, 1, 0, 1, 0, 1
1.216435708333333, 1, 1, 1, 1, 0, 1, 0, 1
1.216435791666667, 0, 1, 1, 1, 0, 1, 0, 1
1.216435833333333, 1, 1, 1, 1, 0, 1, 0, 1
1.216435916666667, 0, 1, 1, 1, 1, 1, 0, 1
1.216436833333333, 0, 1, 1, 1, 0, 1, 0, 1
1.216436916666667, 1, 1, 1, 1, 0, 1, 0, 1
1.216437000000000, 0, 1, 1, 1, 0, 1, 0, 1
1.216437041666667, 1, 1, 1, 1, 0, 1, 0, 1
1.216437125000000, 0, 1, 1, 1, 0, 1, 0, 1
1.216437166666667, 1, 1, 1, 1, 0, 1, 0, 1
1.216437208333333, 1, 1, 1, 1, 1, 1, 0, 1
1.216437250000000, 0, 1, 1, 1, 1, 1, 0, 1
1.216437291666667, 1, 1, 1, 1, 1, 1, 0, 1
1.216437375000000, 0, 1, 1, 1, 1, 1, 0, 1
1.216437416666667, 1, 1, 1, 1, 1, 1, 0, 1
1.216437500000000, 0, 1, 1, 1, 1, 1, 0, 1
1.216437541666667, 1, 1, 1, 1, 1, 1, 0, 1
1.216437625000000, 0, 1, 1, 1, 1, 1, 0, 1
1.216437666666667, 1, 1, 1, 1, 1, 1, 0, 1
1.216437750000000, 0, 1, 1, 1, 1, 1, 0, 1
1.216437791666667, 1, 1, 1, 1, 1, 1, 0, 1
1.216437875000000, 0, 1, 1, 1, 1, 1, 0, 1
1.216439458333333, 0, 1, 1, 1, 0, 1, 0, 1
1.216439541666667, 1, 1, 1, 1, 0, 1, 0, 1
1.216439625000000, 0, 1, 1, 1, 0, 1, 0, 1
1.216439666666667, 1, 1, 1, 1, 0, 1, 0, 1
1.216439750000000, 0, 1, 1, 1, 0, 1, 0, 1
1.216439791666667, 1, 1, 1, 1, 0, 1, 0, 1
1.216439875000000, 0, 1, 1, 1, 0, 1, 0, 1
1.216439916666667, 1, 1, 1, 1, 0, 1, 0, 1
1.216440000000000, 0, 1, 1, 1, 0, 1, 0, 1
1.216440041666667, 1, 1, 1, 1, 0, 1, 0, 1
1.216440125000000, 0, 1, 1, 1, 0, 1, 0, 1
1.216440166666667, 1, 1, 1, 1, 0, 1, 0, 1
1.216440250000000, 0, 1, 1, 1, 0, 1, 0, 1
1.216440291666667, 1, 1, 1, 1, 0, 1, 0, 1
1.216440375000000, 0, 1, 1, 1, 0, 1, 0, 1
1.216440416666667, 1, 1, 1, 1, 0, 1, 0, 1
1.216440458333333, 1, 1, 1, 1, 1, 1, 0, 1
1.216440500000000, 0, 1, 1, 1, 1, 1, 0, 1
1.216441416666667, 0, 1, 1, 1, 0, 1, 0, 1
1.216441458333333, 1, 1, 1, 1, 0, 1, 0, 1
1.216441541666667, 0, 1, 1, 1, 0, 1, 0, 1
1.216441583333333, 1, 1, 1, 1, 0, 1, 0, 1
1.216441666666667, 0, 1, 1, 1, 0, 1, 0, 1
1.216441708333333, 1, 1, 1, 1, 0, 1, 0, 1
1.216441791666667, 0, 1, 1, 1, 1, 1, 0, 1
1.216441833333333, 1, 1, 1, 1, 1, 1, 0, 1
1.216441916666667, 0, 1, 1, 1, 1, 1, 0, 1
1.216441958333333, 1, 1, 1, 1, 1, 1, 0, 1
1.216442041666667, 0, 1, 1, 1, 1, 1, 0, 1
1.216442083333333, 1, 1, 1, 1, 1, 1, 0, 1
1.216442166666667, 0, 1, 1, 1, 1, 1, 0, 1
1.216442208333333, 1, 1, 1, 1, 1, 1, 0, 1
1.216442291666667, 0, 1, 1, 1, 1, 1, 0, 1
1.216442333333333, 1, 1, 1, 1, 1, 1, 0, 1
1.216442416666667, 0, 1, 1, 1, 1, 1, 0, 1
1.216444041666667, 0, 1, 1, 1, 0, 1, 0, 1
1.216444083333333, 1, 1, 1, 1, 0, 1, 0, 1
1.216444166666667, 0, 1, 1, 1, 0, 1, 0, 1
1.216444208333333, 1, 1, 1, 1, 0, 1, 0, 1
1.216444291666667, 0, 1, 1, 1, 0, 1, 0, 1
1.216444333333333, 1, 1, 1, 1, 0, 1, 0, 1
1.216444416666667, 0, 1, 1, 1, 0, 1, 0, 1
1.216444458333333, 1, 1, 1, 1, 0, 1, 0, 1
1.216444541666667, 0, 1, 1, 1, 0, 1, 0, 1
1.216444583333333, 1, 1, 1, 1, 0, 1, 0, 1
1.216444666666667, 0, 1, 1, 1, 0, 1, 0, 1
1.216444708333333, 1, 1, 1, 1, 0, 1, 0, 1
1.216444791666667, 0, 1, 1, 1, 0, 1, 0, 1
1.216444833333333, 1, 1, 1, 1, 0, 1, 0, 1
1.216444916666667, 0, 1, 1, 1, 0, 1, 0, 1
1.216444958333333, 1, 1, 1, 1, 0, 1, 0, 1
1.216445041666667, 0, 1, 1, 1, 1, 1, 0, 1
1.216445958333333, 0, 1, 1, 1, 0, 1, 0, 1
1.216446041666667, 1, 1, 1, 1, 0, 1, 0, 1
1.216446125000000, 0, 1, 1, 1, 0, 1, 0, 1
1.216446166666667, 1, 1, 1, 1, 0, 1, 0, 1
1.216446250000000, 0, 1, 1, 1, 0, 1, 0, 1
1.216446291666667, 1, 1, 1, 1, 0, 1, 0, 1
1.216446333333333, 1, 1, 1, 1, 1, 1, 0, 1
1.216446375000000, 0, 1, 1, 1, 1, 1, 0, 1
1.216446416666667, 1, 1, 1, 1, 1, 1, 0, 1
1.216446500000000, 0, 1, 1, 1, 1, 1, 0, 1
1.216446541666667, 1, 1, 1, 1, 1, 1, 0, 1
1.216446625000000, 0, 1, 1, 1, 1, 1, 0, 1
1.216446666666667, 1, 1, 1, 1, 1, 1, 0, 1
1.216446750000000, 0, 1, 1, 1, 1, 1, 0, 1
1.216446791666667, 1, 1, 1, 1, 1, 1, 0, 1
1.216446875000000, 0, 1, 1, 1, 1, 1, 0, 1
1.216446916666667, 1, 1, 1, 1, 1, 1, 0, 1
1.216447000000000, 0, 1, 1, 1, 1, 1, 0, 1
1.216448583333333, 0, 1, 1, 1, 0, 1, 0, 1
1.216448666666667, 1, 1, 1, 1, 0, 1, 0, 1
1.216448750000000, 0, 1, 1, 1, 0, 1, 0, 1
1.216448791666667, 1, 1, 1, 1, 0, 1, 0, 1
1.216448875000000, 0, 1, 1, 1, 0, 1, 0, 1
1.216448916666667, 1, 1, 1, 1, 0, 1, 0, 1
1.216449000000000, 0, 1, 1, 1, 0, 1, 0, 1
1.216449041666667, 1, 1, 1, 1, 0, 1, 0, 1
1.216449125000000, 0, 1, 1, 1, 0, 1, 0, 1
1.216449166666667, 1, 1, 1, 1, 0, 1, 0, 1
1.216449250000000, 0, 1, 1, 1, 0, 1, 0, 1
1.216449291666667, 1, 1, 1, 1, 0, 1, 0, 1
1.216449375000000, 0, 1, 1, 1, 0, 1, 0, 1
1.216449416666667, 1, 1, 1, 1, 0, 1, 0, 1
1.216449500000000, 0, 1, 1, 1, 0, 1, 0, 1
1.216449541666667, 1, 1, 1, 1, 0, 1, 0, 1
1.216449583333333, 1, 1, 1, 1, 1, 1, 0, 1
1.216449625000000, 0, 1, 1, 1, 1, 1, 0, 1
1.216450541666667, 0, 1, 1, 1, 0, 1, 0, 1
1.216450583333333, 1, 1, 1, 1, 0, 1, 0, 1
1.216450666666667, 0, 1, 1, 1, 0, 1, 0, 1
1.216450708333333, 1, 1, 1, 1, 0, 1, 0, 1
1.216450791666667, 0, 1, 1, 1, 0, 1, 0, 1
1.216450833333333, 1, 1, 1, 1, 0, 1, 0, 1
1.216450916666667, 0, 1, 1, 1, 1, 1, 0, 1
1.216450958333333, 1, 1, 1, 1, 1, 1, 0, 1
1.216451041666667, 0, 1, 1, 1, 1, 1, 0, 1
1.216451083333334, 1, 1, 1, 1, 1, 1, 0, 1
1.216451166666667, 0, 1, 1, 1, 1, 1, 0, 1
1.216451208333333, 1, 1, 1, 1, 1, 1, 0, 1
1.216451291666667, 0, 1, 1, 1, 1, 1, 0, 1
1.216451333333333, 1, 1, 1, 1, 1, 1, 0, 1
1.216451416666667, 0, 1, 1, 1, 1, 1, 0, 1
1.216451458333333, 1, 1, 1, 1, 1, 1, 0, 1
1.216451541666667, 0, 1, 1, 1, 1, 1, 0, 1
1.216453166666667, 0, 1, 1, 1, 0, 1, 0, 1
1.216453208333333, 1, 1, 1, 1, 0, 1, 0, 1
1.216453291666667, 0, 1, 1, 1, 0, 1, 0, 1
1.216453333333333, 1, 1, 1, 1, 0, 1, 0, 1
1.216453416666667, 0, 1, 1, 1, 0, 1, 0, 1
1.216453458333334, 1, 1, 1, 1, 0, 1, 0, 1
1.216453541666667, 0, 1, 1, 1, 0, 1, 0, 1
1.216453583333333, 1, 1, 1, 1, 0, 1, 0, 1
1.216453666666667, 0, 1, 1, 1, 0, 1, 0, 1
1.216453708333333, 1, 1, 1, 1, 0, 1, 0, 1
1.216453791666667, 0, 1, 1, 1, 0, 1, 0, 1
1.216453833333333, 1, 1, 1, 1, 0, 1, 0, 1
1.216453916666667, 0, 1, 1, 1, 0, 1, 0, 1
1.216453958333333, 1, 1, 1, 1, 0, 1, 0, 1
1.216454041666667, 0, 1, 1, 1, 0, 1, 0, 1
1.216454083333333, 1, 1, 1, 1, 0, 1, 0, 1
1.216454166666667, 0, 1, 1, 1, 1, 1, 0, 1
1.216455083333333, 0, 1, 1, 1, 0, 1, 0, 1
1.216455166666667, 1, 1, 1, 1, 0, 1, 0, 1
1.216455250000000, 0, 1, 1, 1, 0, 1, 0, 1
1.216455291666667, 1, 1, 1, 1, 0, 1, 0, 1
1.216455375000000, 0, 1, 1, 1, 0, 1, 0, 1
1.216455416666667, 1, 1, 1, 1, 0, 1, 0, 1
1.216455458333333, 1, 1, 1, 1, 1, 1, 0, 1
1.216455500000000, 0, 1, 1, 1, 1, 1, 0, 1
1.216455541666667, 1, 1, 1, 1, 1, 1, 0, 1
1.216455625000000, 0, 1, 1, 1, 1, 1, 0, 1
1.216455666666667, 1, 1, 1, 1, 1, 1, 0, 1
1.216455750000000, 0, 1, 1, 1, 1, 1, 0, 1
1.216455791666667, 1, 1, 1, 1, 1, 1, 0, 1
1.216455875000000, 0, 1, 1, 1, 1, 1, 0, 1
1.216455916666667, 1, 1, 1, 1, 1, 1, 0, 1
1.216456000000000, 0, 1, 1, 1, 1, 1, 0, 1
1.216456041666667, 1, 1, 1, 1, 1, 1, 0, 1
1.216456125000000, 0, 1, 1, 1, 1, 1, 0, 1
1.216457708333333, 0, 1, 1, 1, 0, 1, 0, 1
1.216457791666667, 1, 1, 1, 1, 0, 1, 0, 1
1.216457875000000, 0, 1, 1, 1, 0, 1, 0, 1
1.216457916666667, 1, 1, 1, 1, 0, 1, 0, 1
1.216458000000000, 0, 1, 1, 1, 0, 1, 0, 1
1.216458041666667, 1, 1, 1, 1, 0, 1, 0, 1
1.216458125000000, 0, 1, 1, 1, 0, 1, 0, 1
1.216458166666667, 1, 1, 1, 1, 0, 1, 0, 1
1.216458250000000, 0, 1, 1, 1, 0, 1, 0, 1
1.216458291666667, 1, 1, 1, 1, 0, 1, 0, 1
1.216458375000000, 0, 1, 1, 1, 0, 1, 0, 1
1.216458416666667, 1, 1, 1, 1, 0, 1, 0, 1
1.216458500000000, 0, 1, 1, 1, 0, 1, 0, 1
1.216458541666667, 1, 1, 1, 1, 0, 1, 0, 1
1.216458625000000, 0, 1, 1, 1, 0, 1, 0, 1
1.216458666666667, 1, 1, 1, 1, 0, 1, 0, 1
1.216458708333333, 1, 1, 1, 1, 1, 1, 0, 1
1.216458750000000, 0, 1, 1, 1, 1, 1, 0, 1
1.216459666666667, 0, 1, 1, 1, 0, 1, 0, 1
1.216459708333334, 1, 1, 1, 1, 0, 1, 0, 1
1.216459791666667, 0, 1, 1, 1, 0, 1, 0, 1
1.216459833333333, 1, 1, 1, 1, 0, 1, 0, 1
1.216459916666667, 0, 1, 1, 1, 0, 1, 0, 1
1.216459958333333, 1, 1, 1, 1, 0, 1, 0, 1
1.216460041666667, 0, 1, 1, 1, 1, 1, 0, 1
1.216460083333333, 1, 1, 1, 1, 1, 1, 0, 1
1.216460166666667, 0, 1, 1, 1, 1, 1, 0, 1
1.216460208333333, 1, 1, 1, 1, 1, 1, 0, 1
1.216460291666667, 0, 1, 1, 1, 1, 1, 0, 1
1.216460333333333, 1, 1, 1, 1, 1, 1, 0, 1
1.216460416666667, 0, 1, 1, 1, 1, 1, 0, 1
1.216460458333333, 1, 1, 1, 1, 1, 1, 0, 1
1.216460541666667, 0, 1, 1, 1, 1, 1, 0, 1
1.216460583333334, 1, 1, 1, 1, 1, 1, 0, 1
1.216460666666667, 0, 1, 1, 1, 1, 1, 0, 1
1.216462291666667, 0, 1, 1, 1, 0, 1, 0, 1
1.216462333333333, 1, 1, 1, 1, 0, 1, 0, 1
1.216462416666667, 0, 1, 1, 1, 0, 1, 0, 1
1.216462458333333, 1, 1, 1, 1, 0, 1, 0, 1
1.216462541666667, 0, 1, 1, 1, 0, 1, 0, 1
1.216462583333333, 1, 1, 1, 1, 0, 1, 0, 1
1.216462666666667, 0, 1, 1, 1, 0, 1, 0, 1
1.216462708333333, 1, 1, 1, 1, 0, 1, 0, 1
1.216462791666667, 0, 1, 1, 1, 0, 1, 0, 1
1.216462833333333, 1, 1, 1, 1, 0, 1, 0, 1
1.216462916666667, 0, 1, 1, 1, 0, 1, 0, 1
1.216462958333334, 1, 1, 1, 1, 0, 1, 0, 1
1.216463041666667, 0, 1, 1, 1, 0, 1, 0, 1
1.216463083333333, 1, 1, 1, 1, 0, 1, 0, 1
1.216463166666667, 0, 1, 1, 1, 0, 1, 0, 1
1.216463208333333, 1, 1, 1, 1, 0, 1, 0, 1
1.216463291666667, 0, 1, 1, 1, 1, 1, 0, 1
1.216464208333333, 0, 1, 1, 1, 0, 1, 0, 1
1.216464291666667, 1, 1, 1, 1, 0, 1, 0, 1
1.216464375000000, 0, 1, 1, 1, 0, 1, 0, 1
1.216464416666667, 1, 1, 1, 1, 0, 1, 0, 1
1.216464500000000, 0, 1, 1, 1, 0, 1, 0, 1
1.216464541666667, 1, 1, 1, 1, 0, 1, 0, 1
1.216464583333333, 1, 1, 1, 1, 1, 1, 0, 1
1.216464625000000, 0, 1, 1, 1, 1, 1, 0, 1
1.216464666666667, 1, 1, 1, 1, 1, 1, 0, 1
1.216464750000000, 0, 1, 1, 1, 1, 1, 0, 1
1.216464791666667, 1, 1, 1, 1, 1, 1, 0, 1
1.216464875000000, 0, 1, 1, 1, 1, 1, 0, 1
1.216464916666667, 1, 1, 1, 1, 1, 1, 0, 1
1.216465000000000, 0, 1, 1, 1, 1, 1, 0, 1
1.216465041666667, 1, 1, 1, 1, 1, 1, 0, 1
1.216465125000000, 0, 1, 1, 1, 1, 1, 0, 1
1.216465166666667, 1, 1, 1, 1, 1, 1, 0, 1
1.216465250000000, 0, 1, 1, 1, 1, 1, 0, 1
1.216466833333333, 0, 1, 1, 1, 0, 1, 0, 1
1.216466916666667, 1, 1, 1, 1, 0, 1, 0, 1
1.216467000000000, 0, 1, 1, 1, 0, 1, 0, 1
1.216467041666667, 1, 1, 1, 1, 0, 1, 0, 1
1.216467125000000, 0, 1, 1, 1, 0, 1, 0, 1
1.216467166666667, 1, 1, 1, 1, 0, 1, 0, 1
1.216467250000000, 0, 1, 1, 1, 0, 1, 0, 1
1.216467291666667, 1, 1, 1, 1, 0, 1, 0, 1
1.216467375000000, 0, 1, 1, 1, 0, 1, 0, 1
1.216467416666667, 1, 1, 1, 1, 0, 1, 0, 1
1.216467500000000, 0, 1, 1, 1, 0, 1, 0, 1
1.216467541666667, 1, 1, 1, 1, 0, 1, 0, 1
1.216467625000000, 0, 1, 1, 1, 0, 1, 0, 1
1.216467666666667, 1, 1, 1, 1, 0, 1, 0, 1
1.216467750000000, 0, 1, 1, 1, 0, 1, 0, 1
1.216467791666667, 1, 1, 1, 1, 0, 1, 0, 1
1.216467833333333, 1, 1, 1, 1, 1, 1, 0, 1
1.216467875000000, 0, 1, 1, 1, 1, 1, 0, 1
1.216468791666667, 0, 1, 1, 1, 0, 1, 0, 1
1.216468833333333, 1, 1, 1, 1, 0, 1, 0, 1
1.216468916666667, 0, 1, 1, 1, 0, 1, 0, 1
1.216468958333333, 1, 1, 1, 1, 0, 1, 0, 1
1.216469041666667, 0, 1, 1, 1, 0, 1, 0, 1
1.216469083333333, 1, 1, 1, 1, 0, 1, 0, 1
1.216469166666667, 0, 1, 1, 1, 1, 1, 0, 1
1.216469208333333, 1, 1, 1, 1, 1, 1, 0, 1
1.216469291666667, 0, 1, 1, 1, 1, 1, 0, 1
1.216469333333333, 1, 1, 1, 1, 1, 1, 0, 1
1.216469416666667, 0, 1, 1, 1, 1, 1, 0, 1
1.216469458333333, 1, 1, 1, 1, 1, 1, 0, 1
1.216469541666667, 0, 1, 1, 1, 1, 1, 0, 1
1.216469583333333, 1, 1, 1, 1, 1, 1, 0, 1
1.216469666666667, 0, 1, 1, 1, 1, 1, 0, 1
1.216469708333333, 1, 1, 1, 1, 1, 1, 0, 1
1.216469791666667, 0, 1, 1, 1, 1, 1, 0, 1
1.216471416666667, 0, 1, 1, 1, 0, 1, 0, 1
1.216471458333333, 1, 1, 1, 1, 0, 1, 0, 1
1.216471541666667, 0, 1, 1, 1, 0, 1, 0, 1
1.216471583333333, 1, 1, 1, 1, 0, 1, 0, 1
1.216471666666667, 0, 1, 1, 1, 0, 1, 0, 1
1.216471708333333, 1, 1, 1, 1, 0, 1, 0, 1
1.216471791666667, 0, 1, 1, 1, 0, 1, 0, 1
1.216471833333333, 1, 1, 1, 1, 0, 1, 0, 1
1.216471916666667, 0, 1, 1, 1, 0, 1, 0, 1
1.216471958333333, 1, 1, 1, 1, 0, 1, 0, 1
1.216472041666667, 0, 1, 1, 1, 0, 1, 0, 1
1.216472083333333, 1, 1, 1, 1, 0, 1, 0, 1
1.216472166666667, 0, 1, 1, 1, 0, 1, 0, 1
1.216472208333333, 1, 1, 1, 1, 0, 1, 0, 1
1.216472291666667, 0, 1, 1, 1, 0, 1, 0, 1
1.216472333333333, 1, 1, 1, 1, 0, 1, 0, 1
1.216472416666667, 0, 1, 1, 1, 1, 1, 0, 1
1.216473333333334, 0, 1, 1, 1, 0, 1, 0, 1
1.216473416666667, 1, 1, 1, 1, 0, 1, 0, 1
1.216473500000000, 0, 1, 1, 1, 0, 1, 0, 1
1.216473541666667, 1, 1, 1, 1, 0, 1, 0, 1
1.216473625000000, 0, 1, 1, 1, 0, 1, 0, 1
1.216473666666667, 1, 1, 1, 1, 0, 1, 0, 1
1.216473708333333, 1, 1, 1, 1, 1, 1, 0, 1
1.216473750000000, 0, 1, 1, 1, 1, 1, 0, 1
1.216473791666667, 1, 1, 1, 1, 1, 1, 0, 1
1.216473875000000, 0, 1, 1, 1, 1, 1, 0, 1
1.216473916666667, 1, 1, 1, 1, 1, 1, 0, 1
1.216474000000000, 0, 1, 1, 1, 1, 1, 0, 1
1.216474041666667, 1, 1, 1, 1, 1, 1, 0, 1
1.216474125000000, 0, 1, 1, 1, 1, 1, 0, 1
1.216474166666667, 1, 1, 1, 1, 1, 1, 0, 1
1.216474250000000, 0, 1, 1, 1, 1, 1, 0, 1
1.216474291666667, 1, 1, 1, 1, 1, 1, 0, 1
1.216474375000000, 0, 1, 1, 1, 1, 1, 0, 1
1.216475958333333, 0, 1, 1, 1, 0, 1, 0, 1
1.216476041666667, 1, 1, 1, 1, 0, 1, 0, 1
1.216476125000000, 0, 1, 1, 1, 0, 1, 0, 1
1.216476166666667, 1, 1, 1, 1, 0, 1, 0, 1
1.216476250000000, 0, 1, 1, 1, 0, 1, 0, 1
1.216476291666667, 1, 1, 1, 1, 0, 1, 0, 1
1.216476375000000, 0, 1, 1, 1, 0, 1, 0, 1
1.216476416666667, 1, 1, 1, 1, 0, 1, 0, 1
1.216476500000000, 0, 1, 1, 1, 0, 1, 0, 1
1.216476541666667, 1, 1, 1, 1, 0, 1, 0, 1
1.216476625000000, 0, 1, 1, 1, 0, 1, 0, 1
1.216476666666667, 1, 1, 1, 1, 0, 1, 0, 1
1.216476750000000, 0, 1, 1, 1, 0, 1, 0, 1
1.216476791666667, 1, 1, 1, 1, 0, 1, 0, 1
1.216476875000000, 0, 1, 1, 1, 0, 1, 0, 1
1.216476916666667, 1, 1, 1, 1, 0, 1, 0, 1
1.216476958333333, 1, 1, 1, 1, 1, 1, 0, 1
1.216477000000000, 0, 1, 1, 1, 1, 1, 0, 1
1.216477916666667, 0, 1, 1, 1, 0, 1, 0, 1
1.216477958333333, 1, 1, 1, 1, 0, 1, 0, 1
1.216478041666667, 0, 1, 1, 1, 0, 1, 0, 1
1.216478083333334, 1, 1, 1, 1, 0, 1, 0, 1
1.216478166666667, 0, 1, 1, 1, 0, 1, 0, 1
1.216478208333333, 1, 1, 1, 1, 0, 1, 0, 1
1.216478291666667, 0, 1, 1, 1, 1, 1, 0, 1
1.216478333333333, 1, 1, 1, 1, 1, 1, 0, 1
1.216478416666667, 0, 1, 1, 1, 1, 1, 0, 1
1.216478458333333, 1, 1, 1, 1, 1, 1, 0, 1
1.216478541666667, 0, 1, 1, 1, 1, 1, 0, 1
1.216478583333333, 1, 1, 1, 1, 1, 1, 0, 1
1.216478666666667, 0, 1, 1, 1, 1, 1, 0, 1
1.216478708333333, 1, 1, 1, 1, 1, 1, 0, 1
1.216478791666667, 0, 1, 1, 1, 1, 1, 0, 1
1.216478833333333, 1, 1, 1, 1, 1, 1, 0, 1
1.216478916666667, 0, 1, 1, 1, 1, 1, 0, 1
1.216480541666667, 0, 1, 1, 1, 0, 1, 0, 1
1.216480583333333, 1, 1, 1, 1, 0, 1, 0, 1
1.216480666666667, 0, 1, 1, 1, 0, 1, 0, 1
1.216480708333333, 1, 1, 1, 1, 0, 1, 0, 1
1.216480791666667, 0, 1, 1, 1, 0, 1, 0, 1
1.216480833333333, 1, 1, 1, 1, 0, 1, 0, 1
1.216480916666667, 0, 1, 1, 1, 0, 1, 0, 1
1.216480958333333, 1, 1, 1, 1, 0, 1, 0, 1
1.216481041666667, 0, 1, 1, 1, 0, 1, 0, 1
1.216481083333333, 1, 1, 1, 1, 0, 1, 0, 1
1.216481166666667, 0, 1, 1, 1, 0, 1, 0, 1
1.216481208333333, 1, 1, 1, 1, 0, 1, 0, 1
1.216481291666667, 0, 1, 1, 1, 0, 1, 0, 1
1.216481333333333, 1, 1, 1, 1, 0, 1, 0, 1
1.216481416666667, 0, 1, 1, 1, 0, 1, 0, 1
1.216481458333333, 1, 1, 1, 1, 0, 1, 0, 1
1.216481541666667, 0, 1, 1, 1, 1, 1, 0, 1
1.216482458333333, 0, 1, 1, 1, 0, 1, 0, 1
1.216482541666667, 1, 1, 1, 1, 0, 1, 0, 1
1.216482625000000, 0, 1, 1, 1, 0, 1, 0, 1
1.216482666666667, 1, 1, 1, 1, 0, 1, 0, 1
1.216482750000000, 0, 1, 1, 1, 0, 1, 0, 1
1.216482791666667, 1, 1, 1, 1, 0, 1, 0, 1
1.216482833333334, 1, 1, 1, 1, 1, 1, 0, 1
1.216482875000000, 0, 1, 1, 1, 1, 1, 0, 1
1.216482916666667, 1, 1, 1, 1, 1, 1, 0, 1
1.216483000000000, 0, 1, 1, 1, 1, 1, 0, 1
1.216483041666667, 1, 1, 1, 1, 1, 1, 0, 1
1.216483125000000, 0, 1, 1, 1, 1, 1, 0, 1
1.216483166666667, 1, 1, 1, 1, 1, 1, 0, 1
1.216483250000000, 0, 1, 1, 1, 1, 1, 0, 1
1.216483291666667, 1, 1, 1, 1, 1, 1, 0, 1
1.216483375000000, 0, 1, 1, 1, 1, 1, 0, 1
1.216483416666667, 1, 1, 1, 1, 1, 1, 0, 1
1.216483500000000, 0, 1, 1, 1, 1, 1, 0, 1
1.216485125000000, 0, 1, 1, 1, 0, 1, 0, 1
1.216485166666667, 1, 1, 1, 1, 0, 1, 0, 1
1.216485250000000, 0, 1, 1, 1, 0, 1, 0, 1
1.216485291666667, 1, 1, 1, 1, 0, 1, 0, 1
1.216485375000000, 0, 1, 1, 1, 0, 1, 0, 1
1.216485416666667, 1, 1, 1, 1, 0, 1, 0, 1
1.216485500000000, 0, 1, 1, 1, 0, 1, 0, 1
1.216485541666667, 1, 1, 1, 1, 0, 1, 0, 1
1.216485625000000, 0, 1, 1, 1, 0, 1, 0, 1
1.216485666666667, 1, 1, 1, 1, 0, 1, 0, 1
1.216485750000000, 0, 1, 1, 1, 0, 1, 0, 1
1.216485791666667, 1, 1, 1, 1, 0, 1, 0, 1
1.216485875000000, 0, 1, 1, 1, 0, 1, 0, 1
1.216485916666667, 1, 1, 1, 1, 0, 1, 0, 1
1.216486000000000, 0, 1, 1, 1, 0, 1, 0, 1
1.216486041666667, 1, 1, 1, 1, 0, 1, 0, 1
1.216486083333333, 1, 1, 1, 1, 1, 1, 0, 1
1.216486125000000, 0, 1, 1, 1, 1, 1, 0, 1
1.216487041666667, 0, 1, 1, 1, 0, 1, 0, 1
1.216487083333333, 1, 1, 1, 1, 0, 1, 0, 1
1.216487166666667, 0, 1, 1, 1, 0, 1, 0, 1
1.216487208333333, 1, 1, 1, 1, 0, 1, 0, 1
1.216487291666667, 0, 1, 1, 1, 0, 1, 0, 1
1.216487333333333, 1, 1, 1, 1, 0, 1, 0, 1
1.216487416666667, 0, 1, 1, 1, 1, 1, 0, 1
1.216487458333333, 1, 1, 1, 1, 1, 1, 0, 1
1.216487541666667, 0, 1, 1, 1, 1, 1, 0, 1
1.216487583333334, 1, 1, 1, 1, 1, 1, 0, 1
1.216487666666667, 0, 1, 1, 1, 1, 1, 0, 1
1.216487708333333, 1, 1, 1, 1, 1, 1, 0, 1
1.216487791666667, 0, 1, 1, 1, 1, 1, 0, 1
1.216487833333333, 1, 1, 1, 1, 1, 1, 0, 1
1.216487916666667, 0, 1, 1, 1, 1, 1, 0, 1
1.216487958333333, 1, 1, 1, 1, 1, 1, 0, 1
1.216488041666667, 0, 1, 1, 1, 1, 1, 0, 1
1.216489666666667, 0, 1, 1, 1, 0, 1, 0, 1
1.216489708333333, 1, 1, 1, 1, 0, 1, 0, 1
1.216489791666667, 0, 1, 1, 1, 0, 1, 0, 1
1.216489833333333, 1, 1, 1, 1, 0, 1, 0, 1
1.216489916666667, 0, 1, 1, 1, 0, 1, 0, 1
1.216489958333334, 1, 1, 1, 1, 0, 1, 0, 1
1.216490041666667, 0, 1, 1, 1, 0, 1, 0, 1
1.216490083333333, 1, 1, 1, 1, 0, 1, 0, 1
1.216490166666667, 0, 1, 1, 1, 0, 1, 0, 1
1.216490208333333, 1, 1, 1, 1, 0, 1, 0, 1
1.216490291666667, 0, 1, 1, 1, 0, 1, 0, 1
1.216490333333333, 1, 1, 1, 1, 0, 1, 0, 1
1.216490416666667, 0, 1, 1, 1, 0, 1, 0, 1
1.216490458333333, 1, 1, 1, 1, 0, 1, 0, 1
1.216490541666667, 0, 1, 1, 1, 0, 1, 0, 1
1.216490583333333, 1, 1, 1, 1, 0, 1, 0, 1
1.216490666666667, 0, 1, 1, 1, 1, 1, 0, 1
1.216491583333333, 0, 1, 1, 1, 0, 1, 0, 1
1.216491666666667, 1, 1, 1, 1, 0, 1, 0, 1
1.216491750000000, 0, 1, 1, 1, 0, 1, 0, 1
1.216491791666667, 1, 1, 1, 1, 0, 1, 0, 1
1.216491875000000, 0, 1, 1, 1, 0, 1, 0, 1
1.216491916666667, 1, 1, 1, 1, 0, 1, 0, 1
1.216491958333333, 1, 1, 1, 1, 1, 1, 0, 1
1.216492000000000, 0, 1, 1, 1, 1, 1, 0, 1
1.216492041666667, 1, 1, 1, 1, 1, 1, 0, 1
1.216492125000000, 0, 1, 1, 1, 1, 1, 0, 1
1.216492166666667, 1, 1, 1, 1, 1, 1, 0, 1
1.216492250000000, 0, 1, 1, 1, 1, 1, 0, 1
1.216492291666667, 1, 1, 1, 1, 1, 1, 0, 1
1.216492375000000, 0, 1, 1, 1, 1, 1, 0, 1
1.216492416666667, 1, 1, 1, 1, 1, 1, 0, 1
1.216492500000000, 0, 1, 1, 1, 1, 1, 0, 1
1.216492541666667, 1, 1, 1, 1, 1, 1, 0, 1
1.216492625000000, 0, 1, 1, 1, 1, 1, 0, 1
1.216494250000000, 0, 1, 1, 1, 0, 1, 0, 1
1.216494291666667, 1, 1, 1, 1, 0, 1, 0, 1
1.216494375000000, 0, 1, 1, 1, 0, 1, 0, 1
1.216494416666667, 1, 1, 1, 1, 0, 1, 0, 1
1.216494500000000, 0, 1, 1, 1, 0, 1, 0, 1
1.216494541666667, 1, 1, 1, 1, 0, 1, 0, 1
1.216494625000000, 0, 1, 1, 1, 0, 1, 0, 1
1.216494666666667, 1, 1, 1, 1, 0, 1, 0, 1
1.216494750000000, 0, 1, 1, 1, 0, 1, 0, 1
1.216494791666667, 1, 1, 1, 1, 0, 1, 0, 1
1.216494875000000, 0, 1, 1, 1, 0, 1, 0, 1
1.216494916666667, 1, 1, 1, 1, 0, 1, 0, 1
1.216495000000000, 0, 1, 1, 1, 0, 1, 0, 1
1.216495041666667, 1, 1, 1, 1, 0, 1, 0, 1
1.216495125000000, 0, 1, 1, 1, 0, 1, 0, 1
1.216495166666667, 1, 1, 1, 1, 0, 1, 0, 1
1.216495208333333, 1, 1, 1, 1, 1, 1, 0, 1
1.216495250000000, 0, 1, 1, 1, 1, 1, 0, 1
1.216496166666667, 0, 1, 1, 1, 0, 1, 0, 1
1.216496208333333, 1, 1, 1, 1, 0, 1, 0, 1
1.216496291666667, 0, 1, 1, 1, 0, 1, 0, 1
1.216496333333333, 1, 1, 1, 1, 0, 1, 0, 1
1.216496416666667, 0, 1, 1, 1, 0, 1, 0, 1
1.216496458333333, 1, 1, 1, 1, 0, 1, 0, 1
1.216496541666667, 0, 1, 1, 1, 1, 1, 0, 1
1.216496583333333, 1, 1, 1, 1, 1, 1, 0, 1
1.216496666666667, 0, 1, 1, 1, 1, 1, 0, 1
1.216496708333333, 1, 1, 1, 1, 1, 1, 0, 1
1.216496791666667, 0, 1, 1, 1, 1, 1, 0, 1
1.216496833333333, 1, 1, 1, 1, 1, 1, 0, 1
1.216496916666667, 0, 1, 1, 1, 1, 1, 0, 1
1.216496958333333, 1, 1, 1, 1, 1, 1, 0, 1
1.216497041666667, 0, 1, 1, 1, 1, 1, 0, 1
1.216497083333334, 1, 1, 1, 1, 1, 1, 0, 1
1.216497166666667, 0, 1, 1, 1, 1, 1, 0, 1
1.216498791666667, 0, 1, 1, 1, 0, 1, 0, 1
1.216498833333333, 1, 1, 1, 1, 0, 1, 0, 1
1.216498916666667, 0, 1, 1, 1, 0, 1, 0, 1
1.216498958333333, 1, 1, 1, 1, 0, 1, 0, 1
1.216499041666667, 0, 1, 1, 1, 0, 1, 0, 1
1.216499083333333, 1, 1, 1, 1, 0, 1, 0, 1
1.216499166666667, 0, 1, 1, 1, 0, 1, 0, 1
1.216499208333333, 1, 1, 1, 1, 0, 1, 0, 1
1.216499291666667, 0, 1, 1, 1, 0, 1, 0, 1
1.216499333333333, 1, 1, 1, 1, 0, 1, 0, 1
1.216499416666667, 0, 1, 1, 1, 0, 1, 0, 1
1.216499458333334, 1, 1, 1, 1, 0, 1, 0, 1
1.216499541666667, 0, 1, 1, 1, 0, 1, 0, 1
1.216499583333333, 1, 1, 1, 1, 0, 1, 0, 1
1.216499666666667, 0, 1, 1, 1, 0, 1, 0, 1
1.216499708333333, 1, 1, 1, 1, 0, 1, 0, 1
1.216499791666667, 0, 1, 1, 1, 1, 1, 0, 1
1.216500750000000, 0, 1, 1, 1, 0, 1, 0, 1
1.216500791666667, 1, 1, 1, 1, 0, 1, 0, 1
1.216500875000000, 0, 1, 1, 1, 0, 1, 0, 1
1.216500916666667, 1, 1, 1, 1, 0, 1, 0, 1
1.216501000000000, 0, 1, 1, 1, 0, 1, 0, 1
1.216501041666667, 1, 1, 1, 1, 0, 1, 0, 1
1.216501083333333, 1, 1, 1, 1, 1, 1, 0, 1
1.216501125000000, 0, 1, 1, 1, 1, 1, 0, 1
1.216501166666667, 1, 1, 1, 1, 1, 1, 0, 1
1.216501250000000, 0, 1, 1, 1, 1, 1, 0, 1
1.216501291666667, 1, 1, 1, 1, 1, 1, 0, 1
1.216501375000000, 0, 1, 1, 1, 1, 1, 0, 1
1.216501416666667, 1, 1, 1, 1, 1, 1, 0, 1
1.216501500000000, 0, 1, 1, 1, 1, 1, 0, 1
1.216501541666667, 1, 1, 1, 1, 1, 1, 0, 1
1.216501625000000, 0, 1, 1, 1, 1, 1, 0, 1
1.216501666666667, 1, 1, 1, 1, 1, 1, 0, 1
1.216501750000000, 0, 1, 1, 1, 1, 1, 0, 1
1.216503375000000, 0, 1, 1, 1, 0, 1, 0, 1
1.216503416666667, 1, 1, 1, 1, 0, 1, 0, 1
1.216503500000000, 0, 1, 1, 1, 0, 1, 0, 1
1.216503541666667, 1, 1, 1, 1, 0, 1, 0, 1
1.216503625000000, 0, 1, 1, 1, 0, 1, 0, 1
1.216503666666667, 1, 1, 1, 1, 0, 1, 0, 1
1.216503750000000, 0, 1, 1, 1, 0, 1, 0, 1
1.216503791666667, 1, 1, 1, 1, 0, 1, 0, 1
1.216503875000000, 0, 1, 1, 1, 0, 1, 0, 1
1.216503916666667, 1, 1, 1, 1, 0, 1, 0, 1
1.216504000000000, 0, 1, 1, 1, 0, 1, 0, 1
1.216504041666667, 1, 1, 1, 1, 0, 1, 0, 1
1.216504125000000, 0, 1, 1, 1, 0, 1, 0, 1
1.216504166666667, 1, 1, 1, 1, 0, 1, 0, 1
1.216504250000000, 0, 1, 1, 1, 0, 1, 0, 1
1.216504291666667, 1, 1, 1, 1, 0, 1, 0, 1
1.216504333333333, 1, 1, 1, 1, 1, 1, 0, 1
1.216504375000000, 0, 1, 1, 1, 1, 1, 0, 1
1.216505291666667, 0, 1, 1, 1, 0, 1, 0, 1
1.216505333333333, 1, 1, 1, 1, 0, 1, 0, 1
1.216505416666667, 0, 1, 1, 1, 0, 1, 0, 1
1.216505458333333, 1, 1, 1, 1, 0, 1, 0, 1
1.216505541666667, 0, 1, 1, 1, 0, 1, 0, 1
1.216505583333333, 1, 1, 1, 1, 0, 1, 0, 1
1.216505666666667, 0, 1, 1, 1, 1, 1, 0, 1
1.216505708333333, 1, 1, 1, 1, 1, 1, 0, 1
1.216505791666667, 0, 1, 1, 1, 1, 1, 0, 1
1.216505833333333, 1, 1, 1, 1, 1, 1, 0, 1
1.216505916666667, 0, 1, 1, 1, 1, 1, 0, 1
1.216505958333333, 1, 1, 1, 1, 1, 1, 0, 1
1.216506041666667, 0, 1, 1, 1, 1, 1, 0, 1
1.216506083333333, 1, 1, 1, 1, 1, 1, 0, 1
1.216506166666667, 0, 1, 1, 1, 1, 1, 0, 1
1.216506208333333, 1, 1, 1, 1, 1, 1, 0, 1
1.216506291666667, 0, 1, 1, 1, 1, 1, 0, 1
1.216507916666667, 0, 1, 1, 1, 0, 1, 0, 1
1.216507958333333, 1, 1, 1, 1, 0, 1, 0, 1
1.216508041666667, 0, 1, 1, 1, 0, 1, 0, 1
1.216508083333333, 1, 1, 1, 1, 0, 1, 0, 1
1.216508166666667, 0, 1, 1, 1, 0, 1, 0, 1
1.216508208333333, 1, 1, 1, 1, 0, 1, 0, 1
1.216508291666667, 0, 1, 1, 1, 0, 1, 0, 1
1.216508333333333, 1, 1, 1, 1, 0, 1, 0, 1
1.216508416666667, 0, 1, 1, 1, 0, 1, 0, 1
1.216508458333333, 1, 1, 1, 1, 0, 1, 0, 1
1.216508541666667, 0, 1, 1, 1, 0, 1, 0, 1
1.216508583333333, 1, 1, 1, 1, 0, 1, 0, 1
1.216508666666667, 0, 1, 1, 1, 0, 1, 0, 1
1.216508708333333, 1, 1, 1, 1, 0, 1, 0, 1
1.216508791666667, 0, 1, 1, 1, 0, 1, 0, 1
1.216508833333333, 1, 1, 1, 1, 0, 1, 0, 1
1.216508916666667, 0, 1, 1, 1, 1, 1, 0, 1
1.216509875000000, 0, 1, 1, 1, 0, 1, 0, 1
1.216509916666667, 1, 1, 1, 1, 0, 1, 0, 1
1.216510000000000, 0, 1, 1, 1, 0, 1, 0, 1
1.216510041666667, 1, 1, 1, 1, 0, 1, 0, 1
1.216510125000000, 0, 1, 1, 1, 0, 1, 0, 1
1.216510166666667, 1, 1, 1, 1, 0, 1, 0, 1
1.216510208333333, 1, 1, 1, 1, 1, 1, 0, 1
1.216510250000000, 0, 1, 1, 1, 1, 1, 0, 1
1.216510291666667, 1, 1, 1, 1, 1, 1, 0, 1
1.216510375000000, 0, 1, 1, 1, 1, 1, 0, 1
1.216510416666667, 1, 1, 1, 1, 1, 1, 0, 1
1.216510500000000, 0, 1, 1, 1, 1, 1, 0, 1
1.216510541666667, 1, 1, 1, 1, 1, 1, 0, 1
1.216510625000000, 0, 1, 1, 1, 1, 1, 0, 1
1.216510666666667, 1, 1, 1, 1, 1, 1, 0, 1
1.216510750000000, 0, 1, 1, 1, 1, 1, 0, 1
1.216510791666667, 1, 1, 1, 1, 1, 1, 0, 1
1.216510875000000, 0, 1, 1, 1, 1, 1, 0, 1
1.216512500000000, 0, 1, 1, 1, 0, 1, 0, 1
1.216512541666667, 1, 1, 1, 1, 0, 1, 0, 1
1.216512625000000, 0, 1, 1, 1, 0, 1, 0, 1
1.216512666666667, 1, 1, 1, 1, 0, 1, 0, 1
1.216512750000000, 0, 1, 1, 1, 0, 1, 0, 1
1.216512791666667, 1, 1, 1, 1, 0, 1, 0, 1
1.216512875000000, 0, 1, 1, 1, 0, 1, 0, 1
1.216512916666667, 1, 1, 1, 1, 0, 1, 0, 1
1.216513000000000, 0, 1, 1, 1, 0, 1, 0, 1
1.216513041666667, 1, 1, 1, 1, 0, 1, 0, 1
1.216513125000000, 0, 1, 1, 1, 0, 1, 0, 1
1.216513166666667, 1, 1, 1, 1, 0, 1, 0, 1
1.216513250000000, 0, 1, 1, 1, 0, 1, 0, 1
1.216513291666667, 1, 1, 1, 1, 0, 1, 0, 1
1.216513375000000, 0, 1, 1, 1, 0, 1, 0, 1
1.216513416666667, 1, 1, 1, 1, 0, 1, 0, 1
1.216513458333333, 1, 1, 1, 1, 1, 1, 0, 1
1.216513500000000, 0, 1, 1, 1, 1, 1, 0, 1
1.216514416666667, 0, 1, 1, 1, 0, 1, 0, 1
1.216514458333333, 1, 1, 1, 1, 0, 1, 0, 1
1.216514541666667, 0, 1, 1, 1, 0, 1, 0, 1
1.216514583333334, 1, 1, 1, 1, 0, 1, 0, 1
1.216514666666667, 0, 1, 1, 1, 0, 1, 0, 1
1.216514708333333, 1, 1, 1, 1, 0, 1, 0, 1
1.216514791666667, 0, 1, 1, 1, 1, 1, 0, 1
1.216514833333333, 1, 1, 1, 1, 1, 1, 0, 1
1.216514916666667, 0, 1, 1, 1, 1, 1, 0, 1
1.216514958333333, 1, 1, 1, 1, 1, 1, 0, 1
1.216515041666667, 0, 1, 1, 1, 1, 1, 0, 1
1.216515083333333, 1, 1, 1, 1, 1, 1, 0, 1
1.216515166666667, 0, 1, 1, 1, 1, 1, 0, 1
1.216515208333333, 1, 1, 1, 1, 1, 1, 0, 1
1.216515291666667, 0, 1, 1, 1, 1, 1, 0, 1
1.216515333333333, 1, 1, 1, 1, 1, 1, 0, 1
1.216515416666667, 0, 1, 1, 1, 1, 1, 0, 1
1.216517041666667, 0, 1, 1, 1, 0, 1, 0, 1
1.216517083333333, 1, 1, 1, 1, 0, 1, 0, 1
1.216517166666667, 0, 1, 1, 1, 0, 1, 0, 1
1.216517208333333, 1, 1, 1, 1, 0, 1, 0, 1
1.216517291666667, 0, 1, 1, 1, 0, 1, 0, 1
1.216517333333333, 1, 1, 1, 1, 0, 1, 0, 1
1.216517416666667, 0, 1, 1, 1, 0, 1, 0, 1
1.216517458333333, 1, 1, 1, 1, 0, 1, 0, 1
1.216517541666667, 0, 1, 1, 1, 0, 1, 0, 1
1.216517583333333, 1, 1, 1, 1, 0, 1, 0, 1
1.216517666666667, 0, 1, 1, 1, 0, 1, 0, 1
1.216517708333333, 1, 1, 1, 1, 0, 1, 0, 1
1.216517791666667, 0, 1, 1, 1, 0, 1, 0, 1
1.216517833333333, 1, 1, 1, 1, 0, 1, 0, 1
1.216517916666667, 0, 1, 1, 1, 0, 1, 0, 1
1.216517958333333, 1, 1, 1, 1, 0, 1, 0, 1
1.216518041666667, 0, 1, 1, 1, 1, 1, 0, 1
1.216519000000000, 0, 1, 1, 1, 0, 1, 0, 1
1.216519041666667, 1, 1, 1, 1, 0, 1, 0, 1
1.216519125000000, 0, 1, 1, 1, 0, 1, 0, 1
1.216519166666667, 1, 1, 1, 1, 0, 1, 0, 1
1.216519250000000, 0, 1, 1, 1, 0, 1, 0, 1
1.216519291666667, 1, 1, 1, 1, 0, 1, 0, 1
1.216519333333334, 1, 1, 1, 1, 1, 1, 0, 1
1.216519375000000, 0, 1, 1, 1, 1, 1, 0, 1
1.216519416666667, 1, 1, 1, 1, 1, 1, 0, 1
1.216519500000000, 0, 1, 1, 1, 1, 1, 0, 1
1.216519541666667, 1, 1, 1, 1, 1, 1, 0, 1
1.216519625000000, 0, 1, 1, 1, 1, 1, 0, 1
1.216519666666667, 1, 1, 1, 1, 1, 1, 0, 1
1.216519750000000, 0, 1, 1, 1, 1, 1, 0, 1
1.216519791666667, 1, 1, 1, 1, 1, 1, 0, 1
1.216519875000000, 0, 1, 1, 1, 1, 1, 0, 1
1.216519916666667, 1, 1, 1, 1, 1, 1, 0, 1
1.216520000000000, 0, 1, 1, 1, 1, 1, 0, 1
1.216521625000000, 0, 1, 1, 1, 0, 1, 0, 1
1.216521666666667, 1, 1, 1, 1, 0, 1, 0, 1
1.216521750000000, 0, 1, 1, 1, 0, 1, 0, 1
1.216521791666667, 1, 1, 1, 1, 0, 1, 0, 1
1.216521875000000, 0, 1, 1, 1, 0, 1, 0, 1
1.216521916666667, 1, 1, 1, 1, 0, 1, 0, 1
1.216522000000000, 0, 1, 1, 1, 0, 1, 0, 1
1.216522041666667, 1, 1, 1, 1, 0, 1, 0, 1
1.216522125000000, 0, 1, 1, 1, 0, 1, 0, 1
1.216522166666667, 1, 1, 1, 1, 0, 1, 0, 1
1.216522250000000, 0, 1, 1, 1, 0, 1, 0, 1
1.216522291666667, 1, 1, 1, 1, 0, 1, 0, 1
1.216522375000000, 0, 1, 1, 1, 0, 1, 0, 1
1.216522416666667, 1, 1, 1, 1, 0, 1, 0, 1
1.216522500000000, 0, 1, 1, 1, 0, 1, 0, 1
1.216522541666667, 1, 1, 1, 1, 0, 1, 0, 1
1.216522583333333, 1, 1, 1, 1, 1, 1, 0, 1
1.216522625000000, 0, 1, 1, 1, 1, 1, 0, 1
1.216523541666667, 0, 1, 1, 1, 0, 1, 0, 1
1.216523583333333, 1, 1, 1, 1, 0, 1, 0, 1
1.216523666666667, 0, 1, 1, 1, 0, 1, 0, 1
1.216523708333333, 1, 1, 1, 1, 0, 1, 0, 1
1.216523791666667, 0, 1, 1, 1, 0, 1, 0, 1
1.216523833333333, 1, 1, 1, 1, 0, 1, 0, 1
1.216523916666667, 0, 1, 1, 1, 1, 1, 0, 1
1.216523958333333, 1, 1, 1, 1, 1, 1, 0, 1
1.216524041666667, 0, 1, 1, 1, 1, 1, 0, 1
1.216524083333334, 1, 1, 1, 1, 1, 1, 0, 1
1.216524166666667, 0, 1, 1, 1, 1, 1, 0, 1
1.216524208333333, 1, 1, 1, 1, 1, 1, 0, 1
1.216524291666667, 0, 1, 1, 1, 1, 1, 0, 1
1.216524333333333, 1, 1, 1, 1, 1, 1, 0, 1
1.216524416666667, 0, 1, 1, 1, 1, 1, 0, 1
1.216524458333333, 1, 1, 1, 1, 1, 1, 0, 1
1.216524541666667, 0, 1, 1, 1, 1, 1, 0, 1
1.216526166666667, 0, 1, 1, 1, 0, 1, 0, 1
1.216526208333333, 1, 1, 1, 1, 0, 1, 0, 1
1.216526291666667, 0, 1, 1, 1, 0, 1, 0, 1
1.216526333333333, 1, 1, 1, 1, 0, 1, 0, 1
1.216526416666667, 0, 1, 1, 1, 0, 1, 0, 1
1.216526458333334, 1, 1, 1, 1, 0, 1, 0, 1
1.216526541666667, 0, 1, 1, 1, 0, 1, 0, 1
1.216526583333333, 1, 1, 1, 1, 0, 1, 0, 1
1.216526666666667, 0, 1, 1, 1, 0, 1, 0, 1
1.216526708333333, 1, 1, 1, 1, 0, 1, 0, 1
1.216526791666667, 0, 1, 1, 1, 0, 1, 0, 1
1.216526833333333, 1, 1, 1, 1, 0, 1, 0, 1
1.216526916666667, 0, 1, 1, 1, 0, 1, 0, 1
1.216526958333333, 1, 1, 1, 1, 0, 1, 0, 1
1.216527041666667, 0, 1, 1, 1, 0, 1, 0, 1
1.216527083333333, 1, 1, 1, 1, 0, 1, 0, 1
1.216527166666667, 0, 1, 1, 1, 1, 1, 0, 1
1.216528125000000, 0, 1, 1, 1, 0, 1, 0, 1
1.216528166666667, 1, 1, 1, 1, 0, 1, 0, 1
1.216528250000000, 0, 1, 1, 1, 0, 1, 0, 1
1.216528291666667, 1, 1, 1, 1, 0, 1, 0, 1
1.216528375000000, 0, 1, 1, 1, 0, 1, 0, 1
1.216528416666667, 1, 1, 1, 1, 0, 1, 0, 1
1.216528458333333, 1, 1, 1, 1, 1, 1, 0, 1
1.216528500000000, 0, 1, 1, 1, 1, 1, 0, 1
1.216528541666667, 1, 1, 1, 1, 1, 1, 0, 1
1.216528625000000, 0, 1, 1, 1, 1, 1, 0, 1
1.216528666666667, 1, 1, 1, 1, 1, 1, 0, 1
1.216528750000000, 0, 1, 1, 1, 1, 1, 0, 1
1.216528791666667, 1, 1, 1, 1, 1, 1, 0, 1
1.216528875000000, 0, 1, 1, 1, 1, 1, 0, 1
1.216528916666667, 1, 1, 1, 1, 1, 1, 0, 1
1.216529000000000, 0, 1, 1, 1, 1, 1, 0, 1
1.216529041666667, 1, 1, 1, 1, 1, 1, 0, 1
1.216529125000000, 0, 1, 1, 1, 1, 1, 0, 1
1.216530750000000, 0, 1, 1, 1, 0, 1, 0, 1
1.216530791666667, 1, 1, 1, 1, 0, 1, 0, 1
1.216530875000000, 0, 1, 1, 1, 0, 1, 0, 1
1.216530916666667, 1, 1, 1, 1, 0, 1, 0, 1
1.216531000000000, 0, 1, 1, 1, 0, 1, 0, 1
1.216531041666667, 1, 1, 1, 1, 0, 1, 0, 1
1.216531125000000, 0, 1, 1, 1, 0, 1, 0, 1
1.216531166666667, 1, 1, 1, 1, 0, 1, 0, 1
1.216531250000000, 0, 1, 1, 1, 0, 1, 0, 1
1.216531291666667, 1, 1, 1, 1, 0, 1, 0, 1
1.216531375000000, 0, 1, 1, 1, 0, 1, 0, 1
1.216531416666667, 1, 1, 1, 1, 0, 1, 0, 1
1.216531500000000, 0, 1, 1, 1, 0, 1, 0, 1
1.216531541666667, 1, 1, 1, 1, 0, 1, 0, 1
1.216531625000000, 0, 1, 1, 1, 0, 1, 0, 1
1.216531666666667, 1, 1, 1, 1, 0, 1, 0, 1
1.216531708333333, 1, 1, 1, 1, 1, 1, 0, 1
1.216531750000000, 0, 1, 1, 1, 1, 1, 0, 1
1.216532666666667, 0, 1, 1, 1, 0, 1, 0, 1
1.216532708333333, 1, 1, 1, 1, 0, 1, 0, 1
1.216532791666667, 0, 1, 1, 1, 0, 1, 0, 1
1.216532833333333, 1, 1, 1, 1, 0, 1, 0, 1
1.216532916666667, 0, 1, 1, 1, 0, 1, 0, 1
1.216532958333333, 1, 1, 1, 1, 0, 1, 0, 1
1.216533041666667, 0, 1, 1, 1, 1, 1, 0, 1
1.216533083333333, 1, 1, 1, 1, 1, 1, 0, 1
1.216533166666667, 0, 1, 1, 1, 1, 1, 0, 1
1.216533208333333, 1, 1, 1, 1, 1, 1, 0, 1
1.216533291666667, 0, 1, 1, 1, 1, 1, 0, 1
1.216533333333333, 1, 1, 1, 1, 1, 1, 0, 1
1.216533416666667, 0, 1, 1, 1, 1, 1, 0, 1
1.216533458333333, 1, 1, 1, 1, 1, 1, 0, 1
1.216533541666667, 0, 1, 1, 1, 1, 1, 0, 1
1.216533583333334, 1, 1, 1, 1, 1, 1, 0, 1
1.216533666666667, 0, 1, 1, 1, 1, 1, 0, 1
1.216535291666667, 0, 1, 1, 1, 0, 1, 0, 1
1.216535333333333, 1, 1, 1, 1, 0, 1, 0, 1
1.216535416666667, 0, 1, 1, 1, 0, 1, 0, 1
1.216535458333333, 1, 1, 1, 1, 0, 1, 0, 1
1.216535541666667, 0, 1, 1, 1, 0, 1, 0, 1
1.216535583333333, 1, 1, 1, 1, 0, 1, 0, 1
1.216535666666667, 0, 1, 1, 1, 0, 1, 0, 1
1.216535708333333, 1, 1, 1, 1, 0, 1, 0, 1
1.216535791666667, 0, 1, 1, 1, 0, 1, 0, 1
1.216535833333333, 1, 1, 1, 1, 0, 1, 0, 1
1.216535916666667, 0, 1, 1, 1, 0, 1, 0, 1
1.216535958333334, 1, 1, 1, 1, 0, 1, 0, 1
1.216536041666667, 0, 1, 1, 1, 0, 1, 0, 1
1.216536083333333, 1, 1, 1, 1, 0, 1, 0, 1
1.216536166666667, 0, 1, 1, 1, 0, 1, 0, 1
1.216536208333333, 1, 1, 1, 1, 0, 1, 0, 1
1.216536291666667, 0, 1, 1, 1, 1, 1, 0, 1
1.216537250000000, 0, 1, 1, 1, 0, 1, 0, 1
1.216537291666667, 1, 1, 1, 1, 0, 1, 0, 1
1.216537375000000, 0, 1, 1, 1, 0, 1, 0, 1
1.216537416666667, 1, 1, 1, 1, 0, 1, 0, 1
1.216537500000000, 0, 1, 1, 1, 0, 1, 0, 1
1.216537541666667, 1, 1, 1, 1, 0, 1, 0, 1
1.216537583333333, 1, 1, 1, 1, 1, 1, 0, 1
1.216537625000000, 0, 1, 1, 1, 1, 1, 0, 1
1.216537666666667, 1, 1, 1, 1, 1, 1, 0, 1
1.216537750000000, 0, 1, 1, 1, 1, 1, 0, 1
1.216537791666667, 1, 1, 1, 1, 1, 1, 0, 1
1.216537875000000, 0, 1, 1, 1, 1, 1, 0, 1
1.216537916666667, 1, 1, 1, 1, 1, 1, 0, 1
1.216538000000000, 0, 1, 1, 1, 1, 1, 0, 1
1.216538041666667, 1, 1, 1, 1, 1, 1, 0, 1
1.216538125000000, 0, 1, 1, 1, 1, 1, 0, 1
1.216538166666667, 1, 1, 1, 1, 1, 1, 0, 1
1.216538250000000, 0, 1, 1, 1, 1, 1, 0, 1
1.216539875000000, 0, 1, 1, 1, 0, 1, 0, 1
1.216539916666667, 1, 1, 1, 1, 0, 1, 0, 1
1.216540000000000, 0, 1, 1, 1, 0, 1, 0, 1
1.216540041666667, 1, 1, 1, 1, 0, 1, 0, 1
1.216540125000000, 0, 1, 1, 1, 0, 1, 0, 1
1.216540166666667, 1, 1, 1, 1, 0, 1, 0, 1
1.216540250000000, 0, 1, 1, 1, 0, 1, 0, 1
1.216540291666667, 1, 1, 1, 1, 0, 1, 0, 1
1.216540375000000, 0, 1, 1, 1, 0, 1, 0, 1
1.216540416666667, 1, 1, 1, 1, 0, 1, 0, 1
1.216540500000000, 0, 1, 1, 1, 0, 1, 0, 1
1.216540541666667, 1, 1, 1, 1, 0, 1, 0, 1
1.216540625000000, 0, 1, 1, 1, 0, 1, 0, 1
1.216540666666667, 1, 1, 1, 1, 0, 1, 0, 1
1.216540750000000, 0, 1, 1, 1, 0, 1, 0, 1
1.216540791666667, 1, 1, 1, 1, 0, 1, 0, 1
1.216540833333333, 1, 1, 1, 1, 1, 1, 0, 1
1.216540875000000, 0, 1, 1, 1, 1, 1, 0, 1
1.216541791666667, 0, 1, 1, 1, 0, 1, 0, 1
1.216541833333333, 1, 1, 1, 1, 0, 1, 0, 1
1.216541916666667, 0, 1, 1, 1, 0, 1, 0, 1
1.216541958333333, 1, 1, 1, 1, 0, 1, 0, 1
1.216542041666667, 0, 1, 1, 1, 0, 1, 0, 1
1.216542083333333, 1, 1, 1, 1, 0, 1, 0, 1
1.216542166666667, 0, 1, 1, 1, 1, 1, 0, 1
1.216542208333333, 1, 1, 1, 1, 1, 1, 0, 1
1.216542291666667, 0, 1, 1, 1, 1, 1, 0, 1
1.216542333333333, 1, 1, 1, 1, 1, 1, 0, 1
1.216542416666667, 0, 1, 1, 1, 1, 1, 0, 1
1.216542458333333, 1, 1, 1, 1, 1, 1, 0, 1
1.216542541666667, 0, 1, 1, 1, 1, 1, 0, 1
1.216542583333333, 1, 1, 1, 1, 1, 1, 0, 1
1.216542666666667, 0, 1, 1, 1, 1, 1, 0, 1
1.216542708333333, 1, 1, 1, 1, 1, 1, 0, 1
1.216542791666667, 0, 1, 1, 1, 1, 1, 0, 1
1.216544416666667, 0, 1, 1, 1, 0, 1, 0, 1
1.216544458333333, 1, 1, 1, 1, 0, 1, 0, 1
1.216544541666667, 0, 1, 1, 1, 0, 1, 0, 1
1.216544583333333, 1, 1, 1, 1, 0, 1, 0, 1
1.216544666666667, 0, 1, 1, 1, 0, 1, 0, 1
1.216544708333333, 1, 1, 1, 1, 0, 1, 0, 1
1.216544791666667, 0, 1, 1, 1, 0, 1, 0, 1
1.216544833333333, 1, 1, 1, 1, 0, 1, 0, 1
1.216544916666667, 0, 1, 1, 1, 0, 1, 0, 1
1.216544958333333, 1, 1, 1, 1, 0, 1, 0, 1
1.216545041666667, 0, 1, 1, 1, 0, 1, 0, 1
1.216545083333333, 1, 1, 1, 1, 0, 1, 0, 1
1.216545166666667, 0, 1, 1, 1, 0, 1, 0, 1
1.216545208333333, 1, 1, 1, 1, 0, 1, 0, 1
1.216545291666667, 0, 1, 1, 1, 0, 1, 0, 1
1.216545333333333, 1, 1, 1, 1, 0, 1, 0, 1
1.216545416666667, 0, 1, 1, 1, 1, 1, 0, 1
1.216546375000000, 0, 1, 1, 1, 0, 1, 0, 1
1.216546416666667, 1, 1, 1, 1, 0, 1, 0, 1
1.216546500000000, 0, 1, 1, 1, 0, 1, 0, 1
1.216546541666667, 1, 1, 1, 1, 0, 1, 0, 1
1.216546625000000, 0, 1, 1, 1, 0, 1, 0, 1
1.216546666666667, 1, 1, 1, 1, 0, 1, 0, 1
1.216546708333333, 1, 1, 1, 1, 1, 1, 0, 1
1.216546750000000, 0, 1, 1, 1, 1, 1, 0, 1
1.216546791666667, 1, 1, 1, 1, 1, 1, 0, 1
1.216546875000000, 0, 1, 1, 1, 1, 1, 0, 1
1.216546916666667, 1, 1, 1, 1, 1, 1, 0, 1
1.216547000000000, 0, 1, 1, 1, 1, 1, 0, 1
1.216547041666667, 1, 1, 1, 1, 1, 1, 0, 1
1.216547125000000, 0, 1, 1, 1, 1, 1, 0, 1
1.216547166666667, 1, 1, 1, 1, 1, 1, 0, 1
1.216547250000000, 0, 1, 1, 1, 1, 1, 0, 1
1.216547291666667, 1, 1, 1, 1, 1, 1, 0, 1
1.216547375000000, 0, 1, 1, 1, 1, 1, 0, 1
1.216549000000000, 0, 1, 1, 1, 0, 1, 0, 1
1.216549041666667, 1, 1, 1, 1, 0, 1, 0, 1
1.216549125000000, 0, 1, 1, 1, 0, 1, 0, 1
1.216549166666667, 1, 1, 1, 1, 0, 1, 0, 1
1.216549250000000, 0, 1, 1, 1, 0, 1, 0, 1
1.216549291666667, 1, 1, 1, 1, 0, 1, 0, 1
1.216549375000000, 0, 1, 1, 1, 0, 1, 0, 1
1.216549416666667, 1, 1, 1, 1, 0, 1, 0, 1
1.216549500000000, 0, 1, 1, 1, 0, 1, 0, 1
1.216549541666667, 1, 1, 1, 1, 0, 1, 0, 1
1.216549625000000, 0, 1, 1, 1, 0, 1, 0, 1
1.216549666666667, 1, 1, 1, 1, 0, 1, 0, 1
1.216549750000000, 0, 1, 1, 1, 0, 1, 0, 1
1.216549791666667, 1, 1, 1, 1, 0, 1, 0, 1
1.216549875000000, 0, 1, 1, 1, 0, 1, 0, 1
1.216549916666667, 1, 1, 1, 1, 0, 1, 0, 1
1.216549958333333, 1, 1, 1, 1, 1, 1, 0, 1
1.216550000000000, 0, 1, 1, 1, 1, 1, 0, 1
1.216550916666667, 0, 1, 1, 1, 0, 1, 0, 1
1.216550958333333, 1, 1, 1, 1, 0, 1, 0, 1
1.216551041666667, 0, 1, 1, 1, 0, 1, 0, 1
1.216551083333334, 1, 1, 1, 1, 0, 1, 0, 1
1.216551166666667, 0, 1, 1, 1, 0, 1, 0, 1
1.216551208333333, 1, 1, 1, 1, 0, 1, 0, 1
1.216551291666667, 0, 1, 1, 1, 1, 1, 0, 1
1.216551333333333, 1, 1, 1, 1, 1, 1, 0, 1
1.216551416666667, 0, 1, 1, 1, 1, 1, 0, 1
1.216551458333333, 1, 1, 1, 1, 1, 1, 0, 1
1.216551541666667, 0, 1, 1, 1, 1, 1, 0, 1
1.216551583333333, 1, 1, 1, 1, 1, 1, 0, 1
1.216551666666667, 0, 1, 1, 1, 1, 1, 0, 1
1.216551708333333, 1, 1, 1, 1, 1, 1, 0, 1
1.216551791666667, 0, 1, 1, 1, 1, 1, 0, 1
1.216551833333333, 1, 1, 1, 1, 1, 1, 0, 1
1.216551916666667, 0, 1, 1, 1, 1, 1, 0, 1
1.216553541666667, 0, 1, 1, 1, 0, 1, 0, 1
1.216553583333333, 1, 1, 1, 1, 0, 1, 0, 1
1.216553666666667, 0, 1, 1, 1, 0, 1, 0, 1
1.216553708333333, 1, 1, 1, 1, 0, 1, 0, 1
1.216553791666667, 0, 1, 1, 1, 0, 1, 0, 1
1.216553833333333, 1, 1, 1, 1, 0, 1, 0, 1
1.216553916666667, 0, 1, 1, 1, 0, 1, 0, 1
1.216553958333333, 1, 1, 1, 1, 0, 1, 0, 1
1.216554041666667, 0, 1, 1, 1, 0, 1, 0, 1
1.216554083333333, 1, 1, 1, 1, 0, 1, 0, 1
1.216554166666667, 0, 1, 1, 1, 0, 1, 0, 1
1.216554208333333, 1, 1, 1, 1, 0, 1, 0, 1
1.216554291666667, 0, 1, 1, 1, 0, 1, 0, 1
1.216554333333334, 1, 1, 1, 1, 0, 1, 0, 1
1.216554416666667, 0, 1, 1, 1, 0, 1, 0, 1
1.216554458333333, 1, 1, 1, 1, 0, 1, 0, 1
1.216554541666667, 0, 1, 1, 1, 1, 1, 0, 1
1.216555500000000, 0, 1, 1, 1, 0, 1, 0, 1
1.216555541666667, 1, 1, 1, 1, 0, 1, 0, 1
1.216555625000000, 0, 1, 1, 1, 0, 1, 0, 1
1.216555666666667, 1, 1, 1, 1, 0, 1, 0, 1
1.216555750000000, 0, 1, 1, 1, 0, 1, 0, 1
1.216555791666667, 1, 1, 1, 1, 0, 1, 0, 1
1.216555833333334, 1, 1, 1, 1, 1, 1, 0, 1
1.216555875000000, 0, 1, 1, 1, 1, 1, 0, 1
1.216555916666667, 1, 1, 1, 1, 1, 1, 0, 1
1.216556000000000, 0, 1, 1, 1, 1, 1, 0, 1
1.216556041666667, 1, 1, 1, 1, 1, 1, 0, 1
1.216556125000000, 0, 1, 1, 1, 1, 1, 0, 1
1.216556166666667, 1, 1, 1, 1, 1, 1, 0, 1
1.216556250000000, 0, 1, 1, 1, 1, 1, 0, 1
1.216556291666667, 1, 1, 1, 1, 1, 1, 0, 1
1.216556375000000, 0, 1, 1, 1, 1, 1, 0, 1
1.216556416666667, 1, 1, 1, 1, 1, 1, 0, 1
1.216556500000000, 0, 1, 1, 1, 1, 1, 0, 1
1.216558125000000, 0, 1, 1, 1, 0, 1, 0, 1
1.216558166666667, 1, 1, 1, 1, 0, 1, 0, 1
1.216558250000000, 0, 1, 1, 1, 0, 1, 0, 1
1.216558291666667, 1, 1, 1, 1, 0, 1, 0, 1
1.216558375000000, 0, 1, 1, 1, 0, 1, 0, 1
1.216558416666667, 1, 1, 1, 1, 0, 1, 0, 1
1.216558500000000, 0, 1, 1, 1, 0, 1, 0, 1
1.216558541666667, 1, 1, 1, 1, 0, 1, 0, 1
1.216558625000000, 0, 1, 1, 1, 0, 1, 0, 1
1.216558666666667, 1, 1, 1, 1, 0, 1, 0, 1
1.216558750000000, 0, 1, 1, 1, 0, 1, 0, 1
1.216558791666667, 1, 1, 1, 1, 0, 1, 0, 1
1.216558875000000, 0, 1, 1, 1, 0, 1, 0, 1
1.216558916666667, 1, 1, 1, 1, 0, 1, 0, 1
1.216559000000000, 0, 1, 1, 1, 0, 1, 0, 1
1.216559041666667, 1, 1, 1, 1, 0, 1, 0, 1
1.216559125000000, 0, 1, 1, 1, 1, 1, 0, 1
1.216560041666667, 0, 1, 1, 1, 0, 1, 0, 1
1.216560083333333, 1, 1, 1, 1, 0, 1, 0, 1
1.216560166666667, 0, 1, 1, 1, 0, 1, 0, 1
1.216560208333333, 1, 1, 1, 1, 0, 1, 0, 1
1.216560291666667, 0, 1, 1, 1, 0, 1, 0, 1
1.216560333333333, 1, 1, 1, 1, 0, 1, 0, 1
1.216560416666667, 0, 1, 1, 1, 1, 1, 0, 1
1.216560458333333, 1, 1, 1, 1, 1, 1, 0, 1
1.216560541666667, 0, 1, 1, 1, 1, 1, 0, 1
1.216560583333334, 1, 1, 1, 1, 1, 1, 0, 1
1.216560666666667, 0, 1, 1, 1, 1, 1, 0, 1
1.216560708333333, 1, 1, 1, 1, 1, 1, 0, 1
1.216560791666667, 0, 1, 1, 1, 1, 1, 0, 1
1.216560833333333, 1, 1, 1, 1, 1, 1, 0, 1
1.216560916666667, 0, 1, 1, 1, 1, 1, 0, 1
1.216560958333333, 1, 1, 1, 1, 1, 1, 0, 1
1.216561041666667, 0, 1, 1, 1, 1, 1, 0, 1
1.216562666666667, 0, 1, 1, 1, 0, 1, 0, 1
1.216562708333333, 1, 1, 1, 1, 0, 1, 0, 1
1.216562791666667, 0, 1, 1, 1, 0, 1, 0, 1
1.216562833333333, 1, 1, 1, 1, 0, 1, 0, 1
1.216562916666667, 0, 1, 1, 1, 0, 1, 0, 1
1.216562958333333, 1, 1, 1, 1, 0, 1, 0, 1
1.216563041666667, 0, 1, 1, 1, 0, 1, 0, 1
1.216563083333333, 1, 1, 1, 1, 0, 1, 0, 1
1.216563166666667, 0, 1, 1, 1, 0, 1, 0, 1
1.216563208333333, 1, 1, 1, 1, 0, 1, 0, 1
1.216563291666667, 0, 1, 1, 1, 0, 1, 0, 1
1.216563333333333, 1, 1, 1, 1, 0, 1, 0, 1
1.216563416666667, 0, 1, 1, 1, 0, 1, 0, 1
1.216563458333333, 1, 1, 1, 1, 0, 1, 0, 1
1.216563541666667, 0, 1, 1, 1, 0, 1, 0, 1
1.216563583333333, 1, 1, 1, 1, 0, 1, 0, 1
1.216563666666667, 0, 1, 1, 1, 1, 1, 0, 1
1.216564625000000, 0, 1, 1, 1, 0, 1, 0, 1
1.216564666666667, 1, 1, 1, 1, 0, 1, 0, 1
1.216564750000000, 0, 1, 1, 1, 0, 1, 0, 1
1.216564791666667, 1, 1, 1, 1, 0, 1, 0, 1
1.216564875000000, 0, 1, 1, 1, 0, 1, 0, 1
1.216564916666667, 1, 1, 1, 1, 0, 1, 0, 1
1.216564958333333, 1, 1, 1, 1, 1, 1, 0, 1
1.216565000000000, 0, 1, 1, 1, 1, 1, 0, 1
1.216565041666667, 1, 1, 1, 1, 1, 1, 0, 1
1.216565125000000, 0, 1, 1, 1, 1, 1, 0, 1
1.216565166666667, 1, 1, 1, 1, 1, 1, 0, 1
1.216565250000000, 0, 1, 1, 1, 1, 1, 0, 1
1.216565291666667, 1, 1, 1, 1, 1, 1, 0, 1
1.216565375000000, 0, 1, 1, 1, 1, 1, 0, 1
1.216565416666667, 1, 1, 1, 1, 1, 1, 0, 1
1.216565500000000, 0, 1, 1, 1, 1, 1, 0, 1
1.216565541666667, 1, 1, 1, 1, 1, 1, 0, 1
1.216565625000000, 0, 1, 1, 1, 1, 1, 0, 1
1.216567250000000, 0, 1, 1, 1, 0, 1, 0, 1
1.216567291666667, 1, 1, 1, 1, 0, 1, 0, 1
1.216567375000000, 0, 1, 1, 1, 0, 1, 0, 1
1.216567416666667, 1, 1, 1, 1, 0, 1, 0, 1
1.216567500000000, 0, 1, 1, 1, 0, 1, 0, 1
1.216567541666667, 1, 1, 1, 1, 0, 1, 0, 1
1.216567625000000, 0, 1, 1, 1, 0, 1, 0, 1
1.216567666666667, 1, 1, 1, 1, 0, 1, 0, 1
1.216567750000000, 0, 1, 1, 1, 0, 1, 0, 1
1.216567791666667, 1, 1, 1, 1, 0, 1, 0, 1
1.216567875000000, 0, 1, 1, 1, 0, 1, 0, 1
1.216567916666667, 1, 1, 1, 1, 0, 1, 0, 1
1.216568000000000, 0, 1, 1, 1, 0, 1, 0, 1
1.216568041666667, 1, 1, 1, 1, 0, 1, 0, 1
1.216568125000000, 0, 1, 1, 1, 0, 1, 0, 1
1.216568166666667, 1, 1, 1, 1, 0, 1, 0, 1
1.216568250000000, 0, 1, 1, 1, 1, 1, 0, 1
1.216569166666667, 0, 1, 1, 1, 0, 1, 0, 1
1.216569208333333, 1, 1, 1, 1, 0, 1, 0, 1
1.216569291666667, 0, 1, 1, 1, 0, 1, 0, 1
1.216569333333333, 1, 1, 1, 1, 0, 1, 0, 1
1.216569416666667, 0, 1, 1, 1, 0, 1, 0, 1
1.216569458333333, 1, 1, 1, 1, 0, 1, 0, 1
1.216569541666667, 0, 1, 1, 1, 1, 1, 0, 1
1.216569583333333, 1, 1, 1, 1, 1, 1, 0, 1
1.216569666666667, 0, 1, 1, 1, 1, 1, 0, 1
1.216569708333333, 1, 1, 1, 1, 1, 1, 0, 1
1.216569791666667, 0, 1, 1, 1, 1, 1, 0, 1
1.216569833333333, 1, 1, 1, 1, 1, 1, 0, 1
1.216569916666667, 0, 1, 1, 1, 1, 1, 0, 1
1.216569958333333, 1, 1, 1, 1, 1, 1, 0, 1
1.216570041666667, 0, 1, 1, 1, 1, 1, 0, 1
1.216570083333333, 1, 1, 1, 1, 1, 1, 0, 1
1.216570166666667, 0, 1, 1, 1, 1, 1, 0, 1
1.216571791666667, 0, 1, 1, 1, 0, 1, 0, 1
1.216571833333333, 1, 1, 1, 1, 0, 1, 0, 1
1.216571916666667, 0, 1, 1, 1, 0, 1, 0, 1
1.216572000000000, 1, 1, 1, 1, 0, 1, 0, 1
1.216572041666667, 0, 1, 1, 1, 0, 1, 0, 1
1.216572125000000, 1, 1, 1, 1, 0, 1, 0, 1
1.216572166666667, 0, 1, 1, 1, 0, 1, 0, 1
1.216572250000000, 1, 1, 1, 1, 0, 1, 0, 1
1.216572291666667, 0, 1, 1, 1, 0, 1, 0, 1
1.216572375000000, 1, 1, 1, 1, 0, 1, 0, 1
1.216572416666667, 0, 1, 1, 1, 0, 1, 0, 1
1.216572500000000, 1, 1, 1, 1, 0, 1, 0, 1
1.216572541666667, 0, 1, 1, 1, 0, 1, 0, 1
1.216572625000000, 1, 1, 1, 1, 0, 1, 0, 1
1.216572666666667, 0, 1, 1, 1, 0, 1, 0, 1
1.216572750000000, 1, 1, 1, 1, 0, 1, 0, 1
1.216572791666667, 0, 1, 1, 1, 1, 1, 0, 1
1.216579791666667, 0, 1, 1, 1, 0, 1, 0, 1
1.216579875000000, 1, 1, 1, 1, 0, 1, 0, 1
1.216579916666667, 0, 1, 1, 1, 0, 1, 0, 1
1.216580000000000, 1, 1, 1, 1, 0, 1, 0, 1
1.216580041666667, 0, 1, 1, 1, 0, 1, 0, 1
1.216580125000000, 1, 1, 1, 1, 0, 1, 0, 1
1.216580166666667, 0, 1, 1, 1, 1, 1, 0, 1
1.216580250000000, 1, 1, 1, 1, 1, 1, 0, 1
1.216580291666667, 0, 1, 1, 1, 1, 1, 0, 1
1.216580375000000, 1, 1, 1, 1, 1, 1, 0, 1
1.216580416666667, 0, 1, 1, 1, 1, 1, 0, 1
1.216580500000000, 1, 1, 1, 1, 1, 1, 0, 1
1.216580541666667, 0, 1, 1, 1, 1, 1, 0, 1
1.216580625000000, 1, 1, 1, 1, 1, 1, 0, 1
1.216580666666667, 0, 1, 1, 1, 1, 1, 0, 1
1.216580750000000, 1, 1, 1, 1, 1, 1, 0, 1
1.216580791666667, 0, 1, 1, 1, 1, 1, 0, 1
1.216582416666667, 0, 1, 1, 1, 0, 1, 0, 1
1.216582500000000, 1, 1, 1, 1, 0, 1, 0, 1
1.216582541666667, 0, 1, 1, 1, 0, 1, 0, 1
1.216582625000000, 1, 1, 1, 1, 0, 1, 0, 1
1.216582666666667, 0, 1, 1, 1, 0, 1, 0, 1
1.216582750000000, 1, 1, 1, 1, 0, 1, 0, 1
1.216582791666667, 0, 1, 1, 1, 0, 1, 0, 1
1.216582875000000, 1, 1, 1, 1, 0, 1, 0, 1
1.216582916666667, 0, 1, 1, 1, 0, 1, 0, 1
1.216583000000000, 1, 1, 1, 1, 0, 1, 0, 1
1.216583041666667, 0, 1, 1, 1, 0, 1, 0, 1
1.216583125000000, 1, 1, 1, 1, 0, 1, 0, 1
1.216583166666667, 0, 1, 1, 1, 0, 1, 0, 1
1.216583250000000, 1, 1, 1, 1, 0, 1, 0, 1
1.216583291666667, 0, 1, 1, 1, 0, 1, 0, 1
1.216583375000000, 1, 1, 1, 1, 0, 1, 0, 1
1.216583416666667, 0, 1, 1, 1, 1, 1, 0, 1
1.216584375000000, 0, 1, 1, 1, 0, 1, 0, 1
1.216584416666667, 1, 1, 1, 1, 0, 1, 0, 1
1.216584500000000, 0, 1, 1, 1, 0, 1, 0, 1
1.216584541666667, 1, 1, 1, 1, 0, 1, 0, 1
1.216584625000000, 0, 1, 1, 1, 0, 1, 0, 1
1.216584666666667, 1, 1, 1, 1, 0, 1, 0, 1
1.216584750000000, 0, 1, 1, 1, 1, 1, 0, 1
1.216584791666667, 1, 1, 1, 1, 1, 1, 0, 1
1.216584875000000, 0, 1, 1, 1, 1, 1, 0, 1
1.216584916666667, 1, 1, 1, 1, 1, 1, 0, 1
1.216585000000000, 0, 1, 1, 1, 1, 1, 0, 1
1.216585041666667, 1, 1, 1, 1, 1, 1, 0, 1
1.216585125000000, 0, 1, 1, 1, 1, 1, 0, 1
1.216585166666667, 1, 1, 1, 1, 1, 1, 0, 1
1.216585250000000, 0, 1, 1, 1, 1, 1, 0, 1
1.216585291666667, 1, 1, 1, 1, 1, 1, 0, 1
1.216585375000000, 0, 1, 1, 1, 1, 1, 0, 1
1.216587000000000, 0, 1, 1, 1, 0, 1, 0, 1
1.216587041666667, 1, 1, 1, 1, 0, 1, 0, 1
1.216587125000000, 0, 1, 1, 1, 0, 1, 0, 1
1.216587166666667, 1, 1, 1, 1, 0, 1, 0, 1
1.216587250000000, 0, 1, 1, 1, 0, 1, 0, 1
1.216587291666667, 1, 1, 1, 1, 0, 1, 0, 1
1.216587375000000, 0, 1, 1, 1, 0, 1, 0, 1
1.216587416666667, 1, 1, 1, 1, 0, 1, 0, 1
1.216587500000000, 0, 1, 1, 1, 0, 1, 0, 1
1.216587541666667, 1, 1, 1, 1, 0, 1, 0, 1
1.216587625000000, 0, 1, 1, 1, 0, 1, 0, 1
1.216587666666667, 1, 1, 1, 1, 0, 1, 0, 1
1.216587750000000, 0, 1, 1, 1, 0, 1, 0, 1
1.216587791666667, 1, 1, 1, 1, 0, 1, 0, 1
1.216587875000000, 0, 1, 1, 1, 0, 1, 0, 1
1.216587916666667, 1, 1, 1, 1, 0, 1, 0, 1
1.216588000000000, 0, 1, 1, 1, 1, 1, 0, 1
1.216588916666667, 0, 1, 1, 1, 0, 1, 0, 1
1.216589000000000, 1, 1, 1, 1, 0, 1, 0, 1
1.216589041666667, 0, 1, 1, 1, 0, 1, 0, 1
1.216589125000000, 1, 1, 1, 1, 0, 1, 0, 1
1.216589166666667, 0, 1, 1, 1, 0, 1, 0, 1
1.216589250000000, 1, 1, 1, 1, 0, 1, 0, 1
1.216589291666667, 0, 1, 1, 1, 1, 1, 0, 1
1.216589375000000, 1, 1, 1, 1, 1, 1, 0, 1
1.216589416666667, 0, 1, 1, 1, 1, 1, 0, 1
1.216589500000000, 1, 1, 1, 1, 1, 1, 0, 1
1.216589541666667, 0, 1, 1, 1, 1, 1, 0, 1
1.216589625000000, 1, 1, 1, 1, 1, 1, 0, 1
1.216589666666667, 0, 1, 1, 1, 1, 1, 0, 1
1.216589750000000, 1, 1, 1, 1, 1, 1, 0, 1
1.216589791666667, 0, 1, 1, 1, 1, 1, 0, 1
1.216589875000000, 1, 1, 1, 1, 1, 1, 0, 1
1.216589916666667, 0, 1, 1, 1, 1, 1, 0, 1
1.216591541666667, 0, 1, 1, 1, 0, 1, 0, 1
1.216591625000000, 1, 1, 1, 1, 0, 1, 0, 1
1.216591666666667, 0, 1, 1, 1, 0, 1, 0, 1
1.216591750000000, 1, 1, 1, 1, 0, 1, 0, 1
1.216591791666667, 0, 1, 1, 1, 0, 1, 0, 1
1.216591875000000, 1, 1, 1, 1, 0, 1, 0, 1
1.216591916666667, 0, 1, 1, 1, 0, 1, 0, 1
1.216592000000000, 1, 1, 1, 1, 0, 1, 0, 1
1.216592041666667, 0, 1, 1, 1, 0, 1, 0, 1
1.216592125000000, 1, 1, 1, 1, 0, 1, 0, 1
1.216592166666667, 0, 1, 1, 1, 0, 1, 0, 1
1.216592250000000, 1, 1, 1, 1, 0, 1, 0, 1
1.216592291666667, 0, 1, 1, 1, 0, 1, 0, 1
1.216592375000000, 1, 1, 1, 1, 0, 1, 0, 1
1.216592416666667, 0, 1, 1, 1, 0, 1, 0, 1
1.216592500000000, 1, 1, 1, 1, 0, 1, 0, 1
1.216592541666667, 0, 1, 1, 1, 1, 1, 0, 1
1.216593500000000, 0, 1, 1, 1, 0, 1, 0, 1
1.216593541666667, 1, 1, 1, 1, 0, 1, 0, 1
1.216593625000000, 0, 1, 1, 1, 0, 1, 0, 1
1.216593666666667, 1, 1, 1, 1, 0, 1, 0, 1
1.216593750000000, 0, 1, 1, 1, 0, 1, 0, 1
1.216593791666667, 1, 1, 1, 1, 0, 1, 0, 1
1.216593875000000, 0, 1, 1, 1, 1, 1, 0, 1
1.216593916666667, 1, 1, 1, 1, 1, 1, 0, 1
1.216594000000000, 0, 1, 1, 1, 1, 1, 0, 1
1.216594041666667, 1, 1, 1, 1, 1, 1, 0, 1
1.216594125000000, 0, 1, 1, 1, 1, 1, 0, 1
1.216594166666667, 1, 1, 1, 1, 1, 1, 0, 1
1.216594250000000, 0, 1, 1, 1, 1, 1, 0, 1
1.216594291666667, 1, 1, 1, 1, 1, 1, 0, 1
1.216594375000000, 0, 1, 1, 1, 1, 1, 0, 1
1.216594416666667, 1, 1, 1, 1, 1, 1, 0, 1
1.216594500000000, 0, 1, 1, 1, 1, 1, 0, 1
1.216596125000000, 0, 1, 1, 1, 0, 1, 0, 1
1.216596166666667, 1, 1, 1, 1, 0, 1, 0, 1
1.216596250000000, 0, 1, 1, 1, 0, 1, 0, 1
1.216596291666667, 1, 1, 1, 1, 0, 1, 0, 1
1.216596375000000, 0, 1, 1, 1, 0, 1, 0, 1
1.216596416666667, 1, 1, 1, 1, 0, 1, 0, 1
1.216596500000000, 0, 1, 1, 1, 0, 1, 0, 1
1.216596541666667, 1, 1, 1, 1, 0, 1, 0, 1
1.216596625000000, 0, 1, 1, 1, 0, 1, 0, 1
1.216596666666667, 1, 1, 1, 1, 0, 1, 0, 1
1.216596750000000, 0, 1, 1, 1, 0, 1, 0, 1
1.216596791666667, 1, 1, 1, 1, 0, 1, 0, 1
1.216596875000000, 0, 1, 1, 1, 0, 1, 0, 1
1.216596916666667, 1, 1, 1, 1, 0, 1, 0, 1
1.216597000000000, 0, 1, 1, 1, 0, 1, 0, 1
1.216597041666667, 1, 1, 1, 1, 0, 1, 0, 1
1.216597125000000, 0, 1, 1, 1, 1, 1, 0, 1
1.216598041666667, 0, 1, 1, 1, 0, 1, 0, 1
1.216598125000000, 1, 1, 1, 1, 0, 1, 0, 1
1.216598166666667, 0, 1, 1, 1, 0, 1, 0, 1
1.216598250000000, 1, 1, 1, 1, 0, 1, 0, 1
1.216598291666667, 0, 1, 1, 1, 0, 1, 0, 1
1.216598375000000, 1, 1, 1, 1, 0, 1, 0, 1
1.216598416666667, 0, 1, 1, 1, 1, 1, 0, 1
1.216598500000000, 1, 1, 1, 1, 1, 1, 0, 1
1.216598541666667, 0, 1, 1, 1, 1, 1, 0, 1
1.216598625000000, 1, 1, 1, 1, 1, 1, 0, 1
1.216598666666667, 0, 1, 1, 1, 1, 1, 0, 1
1.216598750000000, 1, 1, 1, 1, 1, 1, 0, 1
1.216598791666667, 0, 1, 1, 1, 1, 1, 0, 1
1.216598875000000, 1, 1, 1, 1, 1, 1, 0, 1
1.216598916666667, 0, 1, 1, 1, 1, 1, 0, 1
1.216599000000000, 1, 1, 1, 1, 1, 1, 0, 1
1.216599041666667, 0, 1, 1, 1, 1, 1, 0, 1
1.216600666666667, 0, 1, 1, 1, 0, 1, 0, 1
1.216600750000000, 1, 1, 1, 1, 0, 1, 0, 1
1.216600791666667, 0, 1, 1, 1, 0, 1, 0, 1
1.216600875000000, 1, 1, 1, 1, 0, 1, 0, 1
1.216600916666667, 0, 1, 1, 1, 0, 1, 0, 1
1.216601000000000, 1, 1, 1, 1, 0, 1, 0, 1
1.216601041666667, 0, 1, 1, 1, 0, 1, 0, 1
1.216601125000000, 1, 1, 1, 1, 0, 1, 0, 1
1.216601166666667, 0, 1, 1, 1, 0, 1, 0, 1
1.216601250000000, 1, 1, 1, 1, 0, 1, 0, 1
1.216601291666667, 0, 1, 1, 1, 0, 1, 0, 1
1.216601375000000, 1, 1, 1, 1, 0, 1, 0, 1
1.216601416666667, 0, 1, 1, 1, 0, 1, 0, 1
1.216601500000000, 1, 1, 1, 1, 0, 1, 0, 1
1.216601541666667, 0, 1, 1, 1, 0, 1, 0, 1
1.216601625000000, 1, 1, 1, 1, 0, 1, 0, 1
1.216601666666667, 0, 1, 1, 1, 1, 1, 0, 1
1.216602625000000, 0, 1, 1, 1, 0, 1, 0, 1
1.216602666666667, 1, 1, 1, 1, 0, 1, 0, 1
1.216602750000000, 0, 1, 1, 1, 0, 1, 0, 1
1.216602791666667, 1, 1, 1, 1, 0, 1, 0, 1
1.216602875000000, 0, 1, 1, 1, 0, 1, 0, 1
1.216602916666667, 1, 1, 1, 1, 0, 1, 0, 1
1.216603000000000, 0, 1, 1, 1, 1, 1, 0, 1
1.216603041666667, 1, 1, 1, 1, 1, 1, 0, 1
1.216603125000000, 0, 1, 1, 1, 1, 1, 0, 1
1.216603166666667, 1, 1, 1, 1, 1, 1, 0, 1
1.216603250000000, 0, 1, 1, 1, 1, 1, 0, 1
1.216603291666667, 1, 1, 1, 1, 1, 1, 0, 1
1.216603375000000, 0, 1, 1, 1, 1, 1, 0, 1
1.216603416666667, 1, 1, 1, 1, 1, 1, 0, 1
1.216603500000000, 0, 1, 1, 1, 1, 1, 0, 1
1.216603541666667, 1, 1, 1, 1, 1, 1, 0, 1
1.216603625000000, 0, 1, 1, 1, 1, 1, 0, 1
1.216605250000000, 0, 1, 1, 1, 0, 1, 0, 1
1.216605291666667, 1, 1, 1, 1, 0, 1, 0, 1
1.216605375000000, 0, 1, 1, 1, 0, 1, 0, 1
1.216605416666667, 1, 1, 1, 1, 0, 1, 0, 1
1.216605500000000, 0, 1, 1, 1, 0, 1, 0, 1
1.216605541666667, 1, 1, 1, 1, 0, 1, 0, 1
1.216605625000000, 0, 1, 1, 1, 0, 1, 0, 1
1.216605666666667, 1, 1, 1, 1, 0, 1, 0, 1
1.216605750000000, 0, 1, 1, 1, 0, 1, 0, 1
1.216605791666667, 1, 1, 1, 1, 0, 1, 0, 1
1.216605875000000, 0, 1, 1, 1, 0, 1, 0, 1
1.216605916666667, 1, 1, 1, 1, 0, 1, 0, 1
1.216606000000000, 0, 1, 1, 1, 0, 1, 0, 1
1.216606041666667, 1, 1, 1, 1, 0, 1, 0, 1
1.216606125000000, 0, 1, 1, 1, 0, 1, 0, 1
1.216606166666667, 1, 1, 1, 1, 0, 1, 0, 1
1.216606250000000, 0, 1, 1, 1, 1, 1, 0, 1
1.216607166666667, 0, 1, 1, 1, 0, 1, 0, 1
1.216607250000000, 1, 1, 1, 1, 0, 1, 0, 1
1.216607291666667, 0, 1, 1, 1, 0, 1, 0, 1
1.216607375000000, 1, 1, 1, 1, 0, 1, 0, 1
1.216607416666667, 0, 1, 1, 1, 0, 1, 0, 1
1.216607500000000, 1, 1, 1, 1, 0, 1, 0, 1
1.216607541666667, 0, 1, 1, 1, 1, 1, 0, 1
1.216607625000000, 1, 1, 1, 1, 1, 1, 0, 1
1.216607666666667, 0, 1, 1, 1, 1, 1, 0, 1
1.216607750000000, 1, 1, 1, 1, 1, 1, 0, 1
1.216607791666667, 0, 1, 1, 1, 1, 1, 0, 1
1.216607875000000, 1, 1, 1, 1, 1, 1, 0, 1
1.216607916666667, 0, 1, 1, 1, 1, 1, 0, 1
1.216608000000000, 1, 1, 1, 1, 1, 1, 0, 1
1.216608041666667, 0, 1, 1, 1, 1, 1, 0, 1
1.216608125000000, 1, 1, 1, 1, 1, 1, 0, 1
1.216608166666667, 0, 1, 1, 1, 1, 1, 0, 1
1.216609791666667, 0, 1, 1, 1, 0, 1, 0, 1
1.216609875000000, 1, 1, 1, 1, 0, 1, 0, 1
1.216609916666667, 0, 1, 1, 1, 0, 1, 0, 1
1.216610000000000, 1, 1, 1, 1, 0, 1, 0, 1
1.216610041666667, 0, 1, 1, 1, 0, 1, 0, 1
1.216610125000000, 1, 1, 1, 1, 0, 1, 0, 1
1.216610166666667, 0, 1, 1, 1, 0, 1, 0, 1
1.216610250000000, 1, 1, 1, 1, 0, 1, 0, 1
1.216610291666667, 0, 1, 1, 1, 0, 1, 0, 1
1.216610375000000, 1, 1, 1, 1, 0, 1, 0, 1
1.216610416666667, 0, 1, 1, 1, 0, 1, 0, 1
1.216610500000000, 1, 1, 1, 1, 0, 1, 0, 1
1.216610541666667, 0, 1, 1, 1, 0, 1, 0, 1
1.216610625000000, 1, 1, 1, 1, 0, 1, 0, 1
1.216610666666667, 0, 1, 1, 1, 0, 1, 0, 1
1.216610750000000, 1, 1, 1, 1, 0, 1, 0, 1
1.216610791666667, 0, 1, 1, 1, 1, 1, 0, 1
1.216611750000000, 0, 1, 1, 1, 0, 1, 0, 1
1.216611791666667, 1, 1, 1, 1, 0, 1, 0, 1
1.216611875000000, 0, 1, 1, 1, 0, 1, 0, 1
1.216611916666667, 1, 1, 1, 1, 0, 1, 0, 1
1.216612000000000, 0, 1, 1, 1, 0, 1, 0, 1
1.216612041666667, 1, 1, 1, 1, 0, 1, 0, 1
1.216612125000000, 0, 1, 1, 1, 1, 1, 0, 1
1.216612166666667, 1, 1, 1, 1, 1, 1, 0, 1
1.216612250000000, 0, 1, 1, 1, 1, 1, 0, 1
1.216612291666667, 1, 1, 1, 1, 1, 1, 0, 1
1.216612375000000, 0, 1, 1, 1, 1, 1, 0, 1
1.216612416666667, 1, 1, 1, 1, 1, 1, 0, 1
1.216612500000000, 0, 1, 1, 1, 1, 1, 0, 1
1.216612541666667, 1, 1, 1, 1, 1, 1, 0, 1
1.216612625000000, 0, 1, 1, 1, 1, 1, 0, 1
1.216612666666667, 1, 1, 1, 1, 1, 1, 0, 1
1.216612750000000, 0, 1, 1, 1, 1, 1, 0, 1
1.216614375000000, 0, 1, 1, 1, 0, 1, 0, 1
1.216614416666667, 1, 1, 1, 1, 0, 1, 0, 1
1.216614500000000, 0, 1, 1, 1, 0, 1, 0, 1
1.216614541666667, 1, 1, 1, 1, 0, 1, 0, 1
1.216614625000000, 0, 1, 1, 1, 0, 1, 0, 1
1.216614666666667, 1, 1, 1, 1, 0, 1, 0, 1
1.216614750000000, 0, 1, 1, 1, 0, 1, 0, 1
1.216614791666667, 1, 1, 1, 1, 0, 1, 0, 1
1.216614875000000, 0, 1, 1, 1, 0, 1, 0, 1
1.216614916666667, 1, 1, 1, 1, 0, 1, 0, 1
1.216615000000000, 0, 1, 1, 1, 0, 1, 0, 1
1.216615041666667, 1, 1, 1, 1, 0, 1, 0, 1
1.216615125000000, 0, 1, 1, 1, 0, 1, 0, 1
1.216615166666667, 1, 1, 1, 1, 0, 1, 0, 1
1.216615250000000, 0, 1, 1, 1, 0, 1, 0, 1
1.216615291666667, 1, 1, 1, 1, 0, 1, 0, 1
1.216615375000000, 0, 1, 1, 1, 1, 1, 0, 1
1.216616291666667, 0, 1, 1, 1, 0, 1, 0, 1
1.216616375000000, 1, 1, 1, 1, 0, 1, 0, 1
1.216616416666667, 0, 1, 1, 1, 0, 1, 0, 1
1.216616500000000, 1, 1, 1, 1, 0, 1, 0, 1
1.216616541666667, 0, 1, 1, 1, 0, 1, 0, 1
1.216616625000000, 1, 1, 1, 1, 0, 1, 0, 1
1.216616666666667, 0, 1, 1, 1, 1, 1, 0, 1
1.216616750000000, 1, 1, 1, 1, 1, 1, 0, 1
1.216616791666667, 0, 1, 1, 1, 1, 1, 0, 1
1.216616875000000, 1, 1, 1, 1, 1, 1, 0, 1
1.216616916666667, 0, 1, 1, 1, 1, 1, 0, 1
1.216617000000000, 1, 1, 1, 1, 1, 1, 0, 1
1.216617041666667, 0, 1, 1, 1, 1, 1, 0, 1
1.216617125000000, 1, 1, 1, 1, 1, 1, 0, 1
1.216617166666667, 0, 1, 1, 1, 1, 1, 0, 1
1.216617250000000, 1, 1, 1, 1, 1, 1, 0, 1
1.216617291666667, 0, 1, 1, 1, 1, 1, 0, 1
1.216618916666667, 0, 1, 1, 1, 0, 1, 0, 1
1.216619000000000, 1, 1, 1, 1, 0, 1, 0, 1
1.216619041666667, 0, 1, 1, 1, 0, 1, 0, 1
1.216619125000000, 1, 1, 1, 1, 0, 1, 0, 1
1.216619166666667, 0, 1, 1, 1, 0, 1, 0, 1
1.216619250000000, 1, 1, 1, 1, 0, 1, 0, 1
1.216619291666667, 0, 1, 1, 1, 0, 1, 0, 1
1.216619375000000, 1, 1, 1, 1, 0, 1, 0, 1
1.216619416666667, 0, 1, 1, 1, 0, 1, 0, 1
1.216619500000000, 1, 1, 1, 1, 0, 1, 0, 1
1.216619541666667, 0, 1, 1, 1, 0, 1, 0, 1
1.216619625000000, 1, 1, 1, 1, 0, 1, 0, 1
1.216619666666667, 0, 1, 1, 1, 0, 1, 0, 1
1.216619750000000, 1, 1, 1, 1, 0, 1, 0, 1
1.216619791666667, 0, 1, 1, 1, 0, 1, 0, 1
1.216619875000000, 1, 1, 1, 1, 0, 1, 0, 1
1.216619916666667, 0, 1, 1, 1, 1, 1, 0, 1
1.216620875000000, 0, 1, 1, 1, 0, 1, 0, 1
1.216620916666667, 1, 1, 1, 1, 0, 1, 0, 1
1.216621000000000, 0, 1, 1, 1, 0, 1, 0, 1
1.216621041666667, 1, 1, 1, 1, 0, 1, 0, 1
1.216621125000000, 0, 1, 1, 1, 0, 1, 0, 1
1.216621166666667, 1, 1, 1, 1, 0, 1, 0, 1
1.216621250000000, 0, 1, 1, 1, 1, 1, 0, 1
1.216621291666667, 1, 1, 1, 1, 1, 1, 0, 1
1.216621375000000, 0, 1, 1, 1, 1, 1, 0, 1
1.216621416666667, 1, 1, 1, 1, 1, 1, 0, 1
1.216621500000000, 0, 1, 1, 1, 1, 1, 0, 1
1.216621541666667, 1, 1, 1, 1, 1, 1, 0, 1
1.216621625000000, 0, 1, 1, 1, 1, 1, 0, 1
1.216621666666667, 1, 1, 1, 1, 1, 1, 0, 1
1.216621750000000, 0, 1, 1, 1, 1, 1, 0, 1
1.216621791666667, 1, 1, 1, 1, 1, 1, 0, 1
1.216621875000000, 0, 1, 1, 1, 1, 1, 0, 1
1.216623500000000, 0, 1, 1, 1, 0, 1, 0, 1
1.216623541666667, 1, 1, 1, 1, 0, 1, 0, 1
1.216623625000000, 0, 1, 1, 1, 0, 1, 0, 1
1.216623666666667, 1, 1, 1, 1, 0, 1, 0, 1
1.216623750000000, 0, 1, 1, 1, 0, 1, 0, 1
1.216623791666667, 1, 1, 1, 1, 0, 1, 0, 1
1.216623875000000, 0, 1, 1, 1, 0, 1, 0, 1
1.216623916666667, 1, 1, 1, 1, 0, 1, 0, 1
1.216624000000000, 0, 1, 1, 1, 0, 1, 0, 1
1.216624041666667, 1, 1, 1, 1, 0, 1, 0, 1
1.216624125000000, 0, 1, 1, 1, 0, 1, 0, 1
1.216624166666667, 1, 1, 1, 1, 0, 1, 0, 1
1.216624250000000, 0, 1, 1, 1, 0, 1, 0, 1
1.216624291666667, 1, 1, 1, 1, 0, 1, 0, 1
1.216624375000000, 0, 1, 1, 1, 0, 1, 0, 1
1.216624416666667, 1, 1, 1, 1, 0, 1, 0, 1
1.216624500000000, 0, 1, 1, 1, 1, 1, 0, 1
1.216625416666667, 0, 1, 1, 1, 0, 1, 0, 1
1.216625500000000, 1, 1, 1, 1, 0, 1, 0, 1
1.216625541666667, 0, 1, 1, 1, 0, 1, 0, 1
1.216625625000000, 1, 1, 1, 1, 0, 1, 0, 1
1.216625666666667, 0, 1, 1, 1, 0, 1, 0, 1
1.216625750000000, 1, 1, 1, 1, 0, 1, 0, 1
1.216625791666667, 0, 1, 1, 1, 1, 1, 0, 1
1.216625875000000, 1, 1, 1, 1, 1, 1, 0, 1
1.216625916666667, 0, 1, 1, 1, 1, 1, 0, 1
1.216626000000000, 1, 1, 1, 1, 1, 1, 0, 1
1.216626041666667, 0, 1, 1, 1, 1, 1, 0, 1
1.216626125000000, 1, 1, 1, 1, 1, 1, 0, 1
1.216626166666667, 0, 1, 1, 1, 1, 1, 0, 1
1.216626250000000, 1, 1, 1, 1, 1, 1, 0, 1
1.216626291666667, 0, 1, 1, 1, 1, 1, 0, 1
1.216626375000000, 1, 1, 1, 1, 1, 1, 0, 1
1.216626416666667, 0, 1, 1, 1, 1, 1, 0, 1
1.216628041666667, 0, 1, 1, 1, 0, 1, 0, 1
1.216628125000000, 1, 1, 1, 1, 0, 1, 0, 1
1.216628166666667, 0, 1, 1, 1, 0, 1, 0, 1
1.216628250000000, 1, 1, 1, 1, 0, 1, 0, 1
1.216628291666667, 0, 1, 1, 1, 0, 1, 0, 1
1.216628375000000, 1, 1, 1, 1, 0, 1, 0, 1
1.216628416666667, 0, 1, 1, 1, 0, 1, 0, 1
1.216628500000000, 1, 1, 1, 1, 0, 1, 0, 1
1.216628541666667, 0, 1, 1, 1, 0, 1, 0, 1
1.216628625000000, 1, 1, 1, 1, 0, 1, 0, 1
1.216628666666667, 0, 1, 1, 1, 0, 1, 0, 1
1.216628750000000, 1, 1, 1, 1, 0, 1, 0, 1
1.216628791666667, 0, 1, 1, 1, 0, 1, 0, 1
1.216628875000000, 1, 1, 1, 1, 0, 1, 0, 1
1.216628916666667, 0, 1, 1, 1, 0, 1, 0, 1
1.216629000000000, 1, 1, 1, 1, 0, 1, 0, 1
1.216629041666667, 0, 1, 1, 1, 1, 1, 0, 1
1.216630000000000, 0, 1, 1, 1, 0, 1, 0, 1
1.216630041666667, 1, 1, 1, 1, 0, 1, 0, 1
1.216630125000000, 0, 1, 1, 1, 0, 1, 0, 1
1.216630166666667, 1, 1, 1, 1, 0, 1, 0, 1
1.216630250000000, 0, 1, 1, 1, 0, 1, 0, 1
1.216630291666667, 1, 1, 1, 1, 0, 1, 0, 1
1.216630375000000, 0, 1, 1, 1, 1, 1, 0, 1
1.216630416666667, 1, 1, 1, 1, 1, 1, 0, 1
1.216630500000000, 0, 1, 1, 1, 1, 1, 0, 1
1.216630541666667, 1, 1, 1, 1, 1, 1, 0, 1
1.216630625000000, 0, 1, 1, 1, 1, 1, 0, 1
1.216630666666667, 1, 1, 1, 1, 1, 1, 0, 1
1.216630750000000, 0, 1, 1, 1, 1, 1, 0, 1
1.216630791666667, 1, 1, 1, 1, 1, 1, 0, 1
1.216630875000000, 0, 1, 1, 1, 1, 1, 0, 1
1.216630916666667, 1, 1, 1, 1, 1, 1, 0, 1
1.216631000000000, 0, 1, 1, 1, 1, 1, 0, 1
1.216632625000000, 0, 1, 1, 1, 0, 1, 0, 1
1.216632666666667, 1, 1, 1, 1, 0, 1, 0, 1
1.216632750000000, 0, 1, 1, 1, 0, 1, 0, 1
1.216632791666667, 1, 1, 1, 1, 0, 1, 0, 1
1.216632875000000, 0, 1, 1, 1, 0, 1, 0, 1
1.216632916666667, 1, 1, 1, 1, 0, 1, 0, 1
1.216633000000000, 0, 1, 1, 1, 0, 1, 0, 1
1.216633041666667, 1, 1, 1, 1, 0, 1, 0, 1
1.216633125000000, 0, 1, 1, 1, 0, 1, 0, 1
1.216633166666667, 1, 1, 1, 1, 0, 1, 0, 1
1.216633250000000, 0, 1, 1, 1, 0, 1, 0, 1
1.216633291666667, 1, 1, 1, 1, 0, 1, 0, 1
1.216633375000000, 0, 1, 1, 1, 0, 1, 0, 1
1.216633416666667, 1, 1, 1, 1, 0, 1, 0, 1
1.216633500000000, 0, 1, 1, 1, 0, 1, 0, 1
1.216633541666667, 1, 1, 1, 1, 0, 1, 0, 1
1.216633625000000, 0, 1, 1, 1, 1, 1, 0, 1
1.216634541666667, 0, 1, 1, 1, 0, 1, 0, 1
1.216634625000000, 1, 1, 1, 1, 0, 1, 0, 1
1.216634666666667, 0, 1, 1, 1, 0, 1, 0, 1
1.216634750000000, 1, 1, 1, 1, 0, 1, 0, 1
1.216634791666667, 0, 1, 1, 1, 0, 1, 0, 1
1.216634875000000, 1, 1, 1, 1, 0, 1, 0, 1
1.216634916666667, 0, 1, 1, 1, 1, 1, 0, 1
1.216635000000000, 1, 1, 1, 1, 1, 1, 0, 1
1.216635041666667, 0, 1, 1, 1, 1, 1, 0, 1
1.216635125000000, 1, 1, 1, 1, 1, 1, 0, 1
1.216635166666667, 0, 1, 1, 1, 1, 1, 0, 1
1.216635250000000, 1, 1, 1, 1, 1, 1, 0, 1
1.216635291666667, 0, 1, 1, 1, 1, 1, 0, 1
1.216635375000000, 1, 1, 1, 1, 1, 1, 0, 1
1.216635416666667, 0, 1, 1, 1, 1, 1, 0, 1
1.216635500000000, 1, 1, 1, 1, 1, 1, 0, 1
1.216635541666667, 0, 1, 1, 1, 1, 1, 0, 1
1.216637166666667, 0, 1, 1, 1, 0, 1, 0, 1
1.216637250000000, 1, 1, 1, 1, 0, 1, 0, 1
1.216637291666667, 0, 1, 1, 1, 0, 1, 0, 1
1.216637375000000, 1, 1, 1, 1, 0, 1, 0, 1
1.216637416666667, 0, 1, 1, 1, 0, 1, 0, 1
1.216637500000000, 1, 1, 1, 1, 0, 1, 0, 1
1.216637541666667, 0, 1, 1, 1, 0, 1, 0, 1
1.216637625000000, 1, 1, 1, 1, 0, 1, 0, 1
1.216637666666667, 0, 1, 1, 1, 0, 1, 0, 1
1.216637750000000, 1, 1, 1, 1, 0, 1, 0, 1
1.216637791666667, 0, 1, 1, 1, 0, 1, 0, 1
1.216637875000000, 1, 1, 1, 1, 0, 1, 0, 1
1.216637916666667, 0, 1, 1, 1, 0, 1, 0, 1
1.216638000000000, 1, 1, 1, 1, 0, 1, 0, 1
1.216638041666667, 0, 1, 1, 1, 0, 1, 0, 1
1.216638125000000, 1, 1, 1, 1, 0, 1, 0, 1
1.216638166666667, 0, 1, 1, 1, 1, 1, 0, 1
1.216639125000000, 0, 1, 1, 1, 0, 1, 0, 1
1.216639166666667, 1, 1, 1, 1, 0, 1, 0, 1
1.216639250000000, 0, 1, 1, 1, 0, 1, 0, 1
1.216639291666667, 1, 1, 1, 1, 0, 1, 0, 1
1.216639375000000, 0, 1, 1, 1, 0, 1, 0, 1
1.216639416666667, 1, 1, 1, 1, 0, 1, 0, 1
1.216639500000000, 0, 1, 1, 1, 1, 1, 0, 1
1.216639541666667, 1, 1, 1, 1, 1, 1, 0, 1
1.216639625000000, 0, 1, 1, 1, 1, 1, 0, 1
1.216639666666667, 1, 1, 1, 1, 1, 1, 0, 1
1.216639750000000, 0, 1, 1, 1, 1, 1, 0, 1
1.216639791666667, 1, 1, 1, 1, 1, 1, 0, 1
1.216639875000000, 0, 1, 1, 1, 1, 1, 0, 1
1.216639916666667, 1, 1, 1, 1, 1, 1, 0, 1
1.216640000000000, 0, 1, 1, 1, 1, 1, 0, 1
1.216640041666667, 1, 1, 1, 1, 1, 1, 0, 1
1.216640125000000, 0, 1, 1, 1, 1, 1, 0, 1
1.216641750000000, 0, 1, 1, 1, 0, 1, 0, 1
1.216641791666667, 1, 1, 1, 1, 0, 1, 0, 1
1.216641875000000, 0, 1, 1, 1, 0, 1, 0, 1
1.216641916666667, 1, 1, 1, 1, 0, 1, 0, 1
1.216642000000000, 0, 1, 1, 1, 0, 1, 0, 1
1.216642041666667, 1, 1, 1, 1, 0, 1, 0, 1
1.216642125000000, 0, 1, 1, 1, 0, 1, 0, 1
1.216642166666667, 1, 1, 1, 1, 0, 1, 0, 1
1.216642250000000, 0, 1, 1, 1, 0, 1, 0, 1
1.216642291666667, 1, 1, 1, 1, 0, 1, 0, 1
1.216642375000000, 0, 1, 1, 1, 0, 1, 0, 1
1.216642416666667, 1, 1, 1, 1, 0, 1, 0, 1
1.216642500000000, 0, 1, 1, 1, 0, 1, 0, 1
1.216642541666667, 1, 1, 1, 1, 0, 1, 0, 1
1.216642625000000, 0, 1, 1, 1, 0, 1, 0, 1
1.216642666666667, 1, 1, 1, 1, 0, 1, 0, 1
1.216642750000000, 0, 1, 1, 1, 1, 1, 0, 1
1.216643666666667, 0, 1, 1, 1, 0, 1, 0, 1
1.216643750000000, 1, 1, 1, 1, 0, 1, 0, 1
1.216643791666667, 0, 1, 1, 1, 0, 1, 0, 1
1.216643875000000, 1, 1, 1, 1, 0, 1, 0, 1
1.216643916666667, 0, 1, 1, 1, 0, 1, 0, 1
1.216644000000000, 1, 1, 1, 1, 0, 1, 0, 1
1.216644041666667, 0, 1, 1, 1, 1, 1, 0, 1
1.216644125000000, 1, 1, 1, 1, 1, 1, 0, 1
1.216644166666667, 0, 1, 1, 1, 1, 1, 0, 1
1.216644250000000, 1, 1, 1, 1, 1, 1, 0, 1
1.216644291666667, 0, 1, 1, 1, 1, 1, 0, 1
1.216644375000000, 1, 1, 1, 1, 1, 1, 0, 1
1.216644416666667, 0, 1, 1, 1, 1, 1, 0, 1
1.216644500000000, 1, 1, 1, 1, 1, 1, 0, 1
1.216644541666667, 0, 1, 1, 1, 1, 1, 0, 1
1.216644625000000, 1, 1, 1, 1, 1, 1, 0, 1
1.216644666666667, 0, 1, 1, 1, 1, 1, 0, 1
1.216646291666667, 0, 1, 1, 1, 0, 1, 0, 1
1.216646375000000, 1, 1, 1, 1, 0, 1, 0, 1
1.216646416666667, 0, 1, 1, 1, 0, 1, 0, 1
1.216646500000000, 1, 1, 1, 1, 0, 1, 0, 1
1.216646541666667, 0, 1, 1, 1, 0, 1, 0, 1
1.216646625000000, 1, 1, 1, 1, 0, 1, 0, 1
1.216646666666667, 0, 1, 1, 1, 0, 1, 0, 1
1.216646750000000, 1, 1, 1, 1, 0, 1, 0, 1
1.216646791666667, 0, 1, 1, 1, 0, 1, 0, 1
1.216646875000000, 1, 1, 1, 1, 0, 1, 0, 1
1.216646916666667, 0, 1, 1, 1, 0, 1, 0, 1
1.216647000000000, 1, 1, 1, 1, 0, 1, 0, 1
1.216647041666667, 0, 1, 1, 1, 0, 1, 0, 1
1.216647125000000, 1, 1, 1, 1, 0, 1, 0, 1
1.216647166666667, 0, 1, 1, 1, 0, 1, 0, 1
1.216647250000000, 1, 1, 1, 1, 0, 1, 0, 1
1.216647291666667, 0, 1, 1, 1, 1, 1, 0, 1
1.216648250000000, 0, 1, 1, 1, 0, 1, 0, 1
1.216648291666667, 1, 1, 1, 1, 0, 1, 0, 1
1.216648375000000, 0, 1, 1, 1, 0, 1, 0, 1
1.216648416666667, 1, 1, 1, 1, 0, 1, 0, 1
1.216648500000000, 0, 1, 1, 1, 0, 1, 0, 1
1.216648541666667, 1, 1, 1, 1, 0, 1, 0, 1
1.216648625000000, 0, 1, 1, 1, 1, 1, 0, 1
1.216648666666667, 1, 1, 1, 1, 1, 1, 0, 1
1.216648750000000, 0, 1, 1, 1, 1, 1, 0, 1
1.216648791666667, 1, 1, 1, 1, 1, 1, 0, 1
1.216648875000000, 0, 1, 1, 1, 1, 1, 0, 1
1.216648916666667, 1, 1, 1, 1, 1, 1, 0, 1
1.216649000000000, 0, 1, 1, 1, 1, 1, 0, 1
1.216649041666667, 1, 1, 1, 1, 1, 1, 0, 1
1.216649125000000, 0, 1, 1, 1, 1, 1, 0, 1
1.216649166666667, 1, 1, 1, 1, 1, 1, 0, 1
1.216649250000000, 0, 1, 1, 1, 1, 1, 0, 1
1.216650875000000, 0, 1, 1, 1, 0, 1, 0, 1
1.216650916666667, 1, 1, 1, 1, 0, 1, 0, 1
1.216651000000000, 0, 1, 1, 1, 0, 1, 0, 1
1.216651041666667, 1, 1, 1, 1, 0, 1, 0, 1
1.216651125000000, 0, 1, 1, 1, 0, 1, 0, 1
1.216651166666667, 1, 1, 1, 1, 0, 1, 0, 1
1.216651250000000, 0, 1, 1, 1, 0, 1, 0, 1
1.216651291666667, 1, 1, 1, 1, 0, 1, 0, 1
1.216651375000000, 0, 1, 1, 1, 0, 1, 0, 1
1.216651416666667, 1, 1, 1, 1, 0, 1, 0, 1
1.216651500000000, 0, 1, 1, 1, 0, 1, 0, 1
1.216651541666667, 1, 1, 1, 1, 0, 1, 0, 1
1.216651625000000, 0, 1, 1, 1, 0, 1, 0, 1
1.216651666666667, 1, 1, 1, 1, 0, 1, 0, 1
1.216651750000000, 0, 1, 1, 1, 0, 1, 0, 1
1.216651791666667, 1, 1, 1, 1, 0, 1, 0, 1
1.216651875000000, 0, 1, 1, 1, 1, 1, 0, 1
1.216652791666667, 0, 1, 1, 1, 0, 1, 0, 1
1.216652875000000, 1, 1, 1, 1, 0, 1, 0, 1
1.216652916666667, 0, 1, 1, 1, 0, 1, 0, 1
1.216653000000000, 1, 1, 1, 1, 0, 1, 0, 1
1.216653041666667, 0, 1, 1, 1, 0, 1, 0, 1
1.216653125000000, 1, 1, 1, 1, 0, 1, 0, 1
1.216653166666667, 0, 1, 1, 1, 1, 1, 0, 1
1.216653250000000, 1, 1, 1, 1, 1, 1, 0, 1
1.216653291666667, 0, 1, 1, 1, 1, 1, 0, 1
1.216653375000000, 1, 1, 1, 1, 1, 1, 0, 1
1.216653416666667, 0, 1, 1, 1, 1, 1, 0, 1
1.216653500000000, 1, 1, 1, 1, 1, 1, 0, 1
1.216653541666667, 0, 1, 1, 1, 1, 1, 0, 1
1.216653625000000, 1, 1, 1, 1, 1, 1, 0, 1
1.216653666666667, 0, 1, 1, 1, 1, 1, 0, 1
1.216653750000000, 1, 1, 1, 1, 1, 1, 0, 1
1.216653791666667, 0, 1, 1, 1, 1, 1, 0, 1
1.216655416666667, 0, 1, 1, 1, 0, 1, 0, 1
1.216655500000000, 1, 1, 1, 1, 0, 1, 0, 1
1.216655541666667, 0, 1, 1, 1, 0, 1, 0, 1
1.216655625000000, 1, 1, 1, 1, 0, 1, 0, 1
1.216655666666667, 0, 1, 1, 1, 0, 1, 0, 1
1.216655750000000, 1, 1, 1, 1, 0, 1, 0, 1
1.216655791666667, 0, 1, 1, 1, 0, 1, 0, 1
1.216655875000000, 1, 1, 1, 1, 0, 1, 0, 1
1.216655916666667, 0, 1, 1, 1, 0, 1, 0, 1
1.216656000000000, 1, 1, 1, 1, 0, 1, 0, 1
1.216656041666667, 0, 1, 1, 1, 0, 1, 0, 1
1.216656125000000, 1, 1, 1, 1, 0, 1, 0, 1
1.216656166666667, 0, 1, 1, 1, 0, 1, 0, 1
1.216656250000000, 1, 1, 1, 1, 0, 1, 0, 1
1.216656291666667, 0, 1, 1, 1, 0, 1, 0, 1
1.216656375000000, 1, 1, 1, 1, 0, 1, 0, 1
1.216656416666667, 0, 1, 1, 1, 1, 1, 0, 1
1.216657375000000, 0, 1, 1, 1, 0, 1, 0, 1
1.216657416666667, 1, 1, 1, 1, 0, 1, 0, 1
1.216657500000000, 0, 1, 1, 1, 0, 1, 0, 1
1.216657541666667, 1, 1, 1, 1, 0, 1, 0, 1
1.216657625000000, 0, 1, 1, 1, 0, 1, 0, 1
1.216657666666667, 1, 1, 1, 1, 0, 1, 0, 1
1.216657750000000, 0, 1, 1, 1, 1, 1, 0, 1
1.216657791666667, 1, 1, 1, 1, 1, 1, 0, 1
1.216657875000000, 0, 1, 1, 1, 1, 1, 0, 1
1.216657916666667, 1, 1, 1, 1, 1, 1, 0, 1
1.216658000000000, 0, 1, 1, 1, 1, 1, 0, 1
1.216658041666667, 1, 1, 1, 1, 1, 1, 0, 1
1.216658125000000, 0, 1, 1, 1, 1, 1, 0, 1
1.216658166666667, 1, 1, 1, 1, 1, 1, 0, 1
1.216658250000000, 0, 1, 1, 1, 1, 1, 0, 1
1.216658291666667, 1, 1, 1, 1, 1, 1, 0, 1
1.216658375000000, 0, 1, 1, 1, 1, 1, 0, 1
1.216660000000000, 0, 1, 1, 1, 0, 1, 0, 1
1.216660041666667, 1, 1, 1, 1, 0, 1, 0, 1
1.216660125000000, 0, 1, 1, 1, 0, 1, 0, 1
1.216660166666667, 1, 1, 1, 1, 0, 1, 0, 1
1.216660250000000, 0, 1, 1, 1, 0, 1, 0, 1
1.216660291666667, 1, 1, 1, 1, 0, 1, 0, 1
1.216660375000000, 0, 1, 1, 1, 0, 1, 0, 1
1.216660416666667, 1, 1, 1, 1, 0, 1, 0, 1
1.216660500000000, 0, 1, 1, 1, 0, 1, 0, 1
1.216660541666667, 1, 1, 1, 1, 0, 1, 0, 1
1.216660625000000, 0, 1, 1, 1, 0, 1, 0, 1
1.216660666666667, 1, 1, 1, 1, 0, 1, 0, 1
1.216660750000000, 0, 1, 1, 1, 0, 1, 0, 1
1.216660791666667, 1, 1, 1, 1, 0, 1, 0, 1
1.216660875000000, 0, 1, 1, 1, 0, 1, 0, 1
1.216660916666667, 1, 1, 1, 1, 0, 1, 0, 1
1.216661000000000, 0, 1, 1, 1, 1, 1, 0, 1
1.216661916666667, 0, 1, 1, 1, 0, 1, 0, 1
1.216662000000000, 1, 1, 1, 1, 0, 1, 0, 1
1.216662041666667, 0, 1, 1, 1, 0, 1, 0, 1
1.216662125000000, 1, 1, 1, 1, 0, 1, 0, 1
1.216662166666667, 0, 1, 1, 1, 0, 1, 0, 1
1.216662250000000, 1, 1, 1, 1, 0, 1, 0, 1
1.216662291666667, 0, 1, 1, 1, 1, 1, 0, 1
1.216662375000000, 1, 1, 1, 1, 1, 1, 0, 1
1.216662416666667, 0, 1, 1, 1, 1, 1, 0, 1
1.216662500000000, 1, 1, 1, 1, 1, 1, 0, 1
1.216662541666667, 0, 1, 1, 1, 1, 1, 0, 1
1.216662625000000, 1, 1, 1, 1, 1, 1, 0, 1
1.216662666666667, 0, 1, 1, 1, 1, 1, 0, 1
1.216662750000000, 1, 1, 1, 1, 1, 1, 0, 1
1.216662791666667, 0, 1, 1, 1, 1, 1, 0, 1
1.216662875000000, 1, 1, 1, 1, 1, 1, 0, 1
1.216662916666667, 0, 1, 1, 1, 1, 1, 0, 1
1.216664541666667, 0, 1, 1, 1, 0, 1, 0, 1
1.216664625000000, 1, 1, 1, 1, 0, 1, 0, 1
1.216664666666667, 0, 1, 1, 1, 0, 1, 0, 1
1.216664750000000, 1, 1, 1, 1, 0, 1, 0, 1
1.216664791666667, 0, 1, 1, 1, 0, 1, 0, 1
1.216664875000000, 1, 1, 1, 1, 0, 1, 0, 1
1.216664916666667, 0, 1, 1, 1, 0, 1, 0, 1
1.216665000000000, 1, 1, 1, 1, 0, 1, 0, 1
1.216665041666667, 0, 1, 1, 1, 0, 1, 0, 1
1.216665125000000, 1, 1, 1, 1, 0, 1, 0, 1
1.216665166666667, 0, 1, 1, 1, 0, 1, 0, 1
1.216665250000000, 1, 1, 1, 1, 0, 1, 0, 1
1.216665291666667, 0, 1, 1, 1, 0, 1, 0, 1
1.216665375000000, 1, 1, 1, 1, 0, 1, 0, 1
1.216665416666667, 0, 1, 1, 1, 0, 1, 0, 1
1.216665500000000, 1, 1, 1, 1, 0, 1, 0, 1
1.216665541666667, 0, 1, 1, 1, 1, 1, 0, 1
1.216666500000000, 0, 1, 1, 1, 0, 1, 0, 1
1.216666541666667, 1, 1, 1, 1, 0, 1, 0, 1
1.216666625000000, 0, 1, 1, 1, 0, 1, 0, 1
1.216666666666667, 1, 1, 1, 1, 0, 1, 0, 1
1.216666750000000, 0, 1, 1, 1, 0, 1, 0, 1
1.216666791666667, 1, 1, 1, 1, 0, 1, 0, 1
1.216666875000000, 0, 1, 1, 1, 1, 1, 0, 1
1.216666916666667, 1, 1, 1, 1, 1, 1, 0, 1
1.216667000000000, 0, 1, 1, 1, 1, 1, 0, 1
1.216667041666667, 1, 1, 1, 1, 1, 1, 0, 1
1.216667125000000, 0, 1, 1, 1, 1, 1, 0, 1
1.216667166666667, 1, 1, 1, 1, 1, 1, 0, 1
1.216667250000000, 0, 1, 1, 1, 1, 1, 0, 1
1.216667291666667, 1, 1, 1, 1, 1, 1, 0, 1
1.216667375000000, 0, 1, 1, 1, 1, 1, 0, 1
1.216667416666667, 1, 1, 1, 1, 1, 1, 0, 1
1.216667500000000, 0, 1, 1, 1, 1, 1, 0, 1
1.216669125000000, 0, 1, 1, 1, 0, 1, 0, 1
1.216669166666667, 1, 1, 1, 1, 0, 1, 0, 1
1.216669250000000, 0, 1, 1, 1, 0, 1, 0, 1
1.216669291666667, 1, 1, 1, 1, 0, 1, 0, 1
1.216669375000000, 0, 1, 1, 1, 0, 1, 0, 1
1.216669416666667, 1, 1, 1, 1, 0, 1, 0, 1
1.216669500000000, 0, 1, 1, 1, 0, 1, 0, 1
1.216669541666667, 1, 1, 1, 1, 0, 1, 0, 1
1.216669625000000, 0, 1, 1, 1, 0, 1, 0, 1
1.216669666666667, 1, 1, 1, 1, 0, 1, 0, 1
1.216669750000000, 0, 1, 1, 1, 0, 1, 0, 1
1.216669791666667, 1, 1, 1, 1, 0, 1, 0, 1
1.216669875000000, 0, 1, 1, 1, 0, 1, 0, 1
1.216669916666667, 1, 1, 1, 1, 0, 1, 0, 1
1.216670000000000, 0, 1, 1, 1, 0, 1, 0, 1
1.216670041666667, 1, 1, 1, 1, 0, 1, 0, 1
1.216670125000000, 0, 1, 1, 1, 1, 1, 0, 1
1.216671041666667, 0, 1, 1, 1, 0, 1, 0, 1
1.216671125000000, 1, 1, 1, 1, 0, 1, 0, 1
1.216671166666667, 0, 1, 1, 1, 0, 1, 0, 1
1.216671250000000, 1, 1, 1, 1, 0, 1, 0, 1
1.216671291666667, 0, 1, 1, 1, 0, 1, 0, 1
1.216671375000000, 1, 1, 1, 1, 0, 1, 0, 1
1.216671416666667, 0, 1, 1, 1, 1, 1, 0, 1
1.216671500000000, 1, 1, 1, 1, 1, 1, 0, 1
1.216671541666667, 0, 1, 1, 1, 1, 1, 0, 1
1.216671625000000, 1, 1, 1, 1, 1, 1, 0, 1
1.216671666666667, 0, 1, 1, 1, 1, 1, 0, 1
1.216671750000000, 1, 1, 1, 1, 1, 1, 0, 1
1.216671791666667, 0, 1, 1, 1, 1, 1, 0, 1
1.216671875000000, 1, 1, 1, 1, 1, 1, 0, 1
1.216671916666667, 0, 1, 1, 1, 1, 1, 0, 1
1.216672000000000, 1, 1, 1, 1, 1, 1, 0, 1
1.216672041666667, 0, 1, 1, 1, 1, 1, 0, 1
1.216673666666667, 0, 1, 1, 1, 0, 1, 0, 1
1.216673750000000, 1, 1, 1, 1, 0, 1, 0, 1
1.216673791666667, 0, 1, 1, 1, 0, 1, 0, 1
1.216673875000000, 1, 1, 1, 1, 0, 1, 0, 1
1.216673916666667, 0, 1, 1, 1, 0, 1, 0, 1
1.216674000000000, 1, 1, 1, 1, 0, 1, 0, 1
1.216674041666667, 0, 1, 1, 1, 0, 1, 0, 1
1.216674125000000, 1, 1, 1, 1, 0, 1, 0, 1
1.216674166666667, 0, 1, 1, 1, 0, 1, 0, 1
1.216674250000000, 1, 1, 1, 1, 0, 1, 0, 1
1.216674291666667, 0, 1, 1, 1, 0, 1, 0, 1
1.216674375000000, 1, 1, 1, 1, 0, 1, 0, 1
1.216674416666667, 0, 1, 1, 1, 0, 1, 0, 1
1.216674500000000, 1, 1, 1, 1, 0, 1, 0, 1
1.216674541666667, 0, 1, 1, 1, 0, 1, 0, 1
1.216674625000000, 1, 1, 1, 1, 0, 1, 0, 1
1.216674666666667, 0, 1, 1, 1, 1, 1, 0, 1
1.216675625000000, 0, 1, 1, 1, 0, 1, 0, 1
1.216675666666667, 1, 1, 1, 1, 0, 1, 0, 1
1.216675750000000, 0, 1, 1, 1, 0, 1, 0, 1
1.216675791666667, 1, 1, 1, 1, 0, 1, 0, 1
1.216675875000000, 0, 1, 1, 1, 0, 1, 0, 1
1.216675916666667, 1, 1, 1, 1, 0, 1, 0, 1
1.216676000000000, 0, 1, 1, 1, 1, 1, 0, 1
1.216676041666667, 1, 1, 1, 1, 1, 1, 0, 1
1.216676125000000, 0, 1, 1, 1, 1, 1, 0, 1
1.216676166666667, 1, 1, 1, 1, 1, 1, 0, 1
1.216676250000000, 0, 1, 1, 1, 1, 1, 0, 1
1.216676291666667, 1, 1, 1, 1, 1, 1, 0, 1
1.216676375000000, 0, 1, 1, 1, 1, 1, 0, 1
1.216676416666667, 1, 1, 1, 1, 1, 1, 0, 1
1.216676500000000, 0, 1, 1, 1, 1, 1, 0, 1
1.216676541666667, 1, 1, 1, 1, 1, 1, 0, 1
1.216676625000000, 0, 1, 1, 1, 1, 1, 0, 1
1.216678250000000, 0, 1, 1, 1, 0, 1, 0, 1
1.216678291666667, 1, 1, 1, 1, 0, 1, 0, 1
1.216678375000000, 0, 1, 1, 1, 0, 1, 0, 1
1.216678416666667, 1, 1, 1, 1, 0, 1, 0, 1
1.216678500000000, 0, 1, 1, 1, 0, 1, 0, 1
1.216678541666667, 1, 1, 1, 1, 0, 1, 0, 1
1.216678625000000, 0, 1, 1, 1, 0, 1, 0, 1
1.216678666666667, 1, 1, 1, 1, 0, 1, 0, 1
1.216678750000000, 0, 1, 1, 1, 0, 1, 0, 1
1.216678791666667, 1, 1, 1, 1, 0, 1, 0, 1
1.216678875000000, 0, 1, 1, 1, 0, 1, 0, 1
1.216678916666667, 1, 1, 1, 1, 0, 1, 0, 1
1.216679000000000, 0, 1, 1, 1, 0, 1, 0, 1
1.216679041666667, 1, 1, 1, 1, 0, 1, 0, 1
1.216679125000000, 0, 1, 1, 1, 0, 1, 0, 1
1.216679166666667, 1, 1, 1, 1, 0, 1, 0, 1
1.216679250000000, 0, 1, 1, 1, 1, 1, 0, 1
1.216680166666667, 0, 1, 1, 1, 0, 1, 0, 1
1.216680250000000, 1, 1, 1, 1, 0, 1, 0, 1
1.216680291666667, 0, 1, 1, 1, 0, 1, 0, 1
1.216680375000000, 1, 1, 1, 1, 0, 1, 0, 1
1.216680416666667, 0, 1, 1, 1, 0, 1, 0, 1
1.216680500000000, 1, 1, 1, 1, 0, 1, 0, 1
1.216680541666667, 0, 1, 1, 1, 1, 1, 0, 1
1.216680625000000, 1, 1, 1, 1, 1, 1, 0, 1
1.216680666666667, 0, 1, 1, 1, 1, 1, 0, 1
1.216680750000000, 1, 1, 1, 1, 1, 1, 0, 1
1.216680791666667, 0, 1, 1, 1, 1, 1, 0, 1
1.216680875000000, 1, 1, 1, 1, 1, 1, 0, 1
1.216680916666667, 0, 1, 1, 1, 1, 1, 0, 1
1.216681000000000, 1, 1, 1, 1, 1, 1, 0, 1
1.216681041666667, 0, 1, 1, 1, 1, 1, 0, 1
1.216681125000000, 1, 1, 1, 1, 1, 1, 0, 1
1.216681166666667, 0, 1, 1, 1, 1, 1, 0, 1
1.216682791666667, 0, 1, 1, 1, 0, 1, 0, 1
1.216682875000000, 1, 1, 1, 1, 0, 1, 0, 1
1.216682916666667, 0, 1, 1, 1, 0, 1, 0, 1
1.216683000000000, 1, 1, 1, 1, 0, 1, 0, 1
1.216683041666667, 0, 1, 1, 1, 0, 1, 0, 1
1.216683125000000, 1, 1, 1, 1, 0, 1, 0, 1
1.216683166666667, 0, 1, 1, 1, 0, 1, 0, 1
1.216683250000000, 1, 1, 1, 1, 0, 1, 0, 1
1.216683291666667, 0, 1, 1, 1, 0, 1, 0, 1
1.216683375000000, 1, 1, 1, 1, 0, 1, 0, 1
1.216683416666667, 0, 1, 1, 1, 0, 1, 0, 1
1.216683500000000, 1, 1, 1, 1, 0, 1, 0, 1
1.216683541666667, 0, 1, 1, 1, 0, 1, 0, 1
1.216683625000000, 1, 1, 1, 1, 0, 1, 0, 1
1.216683666666667, 0, 1, 1, 1, 0, 1, 0, 1
1.216683750000000, 1, 1, 1, 1, 0, 1, 0, 1
1.216683791666667, 0, 1, 1, 1, 1, 1, 0, 1
1.216684750000000, 0, 1, 1, 1, 0, 1, 0, 1
1.216684791666667, 1, 1, 1, 1, 0, 1, 0, 1
1.216684875000000, 0, 1, 1, 1, 0, 1, 0, 1
1.216684916666667, 1, 1, 1, 1, 0, 1, 0, 1
1.216685000000000, 0, 1, 1, 1, 0, 1, 0, 1
1.216685041666667, 1, 1, 1, 1, 0, 1, 0, 1
1.216685125000000, 0, 1, 1, 1, 1, 1, 0, 1
1.216685166666667, 1, 1, 1, 1, 1, 1, 0, 1
1.216685250000000, 0, 1, 1, 1, 1, 1, 0, 1
1.216685291666667, 1, 1, 1, 1, 1, 1, 0, 1
1.216685375000000, 0, 1, 1, 1, 1, 1, 0, 1
1.216685416666667, 1, 1, 1, 1, 1, 1, 0, 1
1.216685500000000, 0, 1, 1, 1, 1, 1, 0, 1
1.216685541666667, 1, 1, 1, 1, 1, 1, 0, 1
1.216685625000000, 0, 1, 1, 1, 1, 1, 0, 1
1.216685666666667, 1, 1, 1, 1, 1, 1, 0, 1
1.216685750000000, 0, 1, 1, 1, 1, 1, 0, 1
1.216687375000000, 0, 1, 1, 1, 0, 1, 0, 1
1.216687416666667, 1, 1, 1, 1, 0, 1, 0, 1
1.216687500000000, 0, 1, 1, 1, 0, 1, 0, 1
1.216687541666667, 1, 1, 1, 1, 0, 1, 0, 1
1.216687625000000, 0, 1, 1, 1, 0, 1, 0, 1
1.216687666666667, 1, 1, 1, 1, 0, 1, 0, 1
1.216687750000000, 0, 1, 1, 1, 0, 1, 0, 1
1.216687791666667, 1, 1, 1, 1, 0, 1, 0, 1
1.216687875000000, 0, 1, 1, 1, 0, 1, 0, 1
1.216687916666667, 1, 1, 1, 1, 0, 1, 0, 1
1.216688000000000, 0, 1, 1, 1, 0, 1, 0, 1
1.216688041666667, 1, 1, 1, 1, 0, 1, 0, 1
1.216688125000000, 0, 1, 1, 1, 0, 1, 0, 1
1.216688166666667, 1, 1, 1, 1, 0, 1, 0, 1
1.216688250000000, 0, 1, 1, 1, 0, 1, 0, 1
1.216688291666667, 1, 1, 1, 1, 0, 1, 0, 1
1.216688375000000, 0, 1, 1, 1, 1, 1, 0, 1
1.216689291666667, 0, 1, 1, 1, 0, 1, 0, 1
1.216689375000000, 1, 1, 1, 1, 0, 1, 0, 1
1.216689416666667, 0, 1, 1, 1, 0, 1, 0, 1
1.216689500000000, 1, 1, 1, 1, 0, 1, 0, 1
1.216689541666667, 0, 1, 1, 1, 0, 1, 0, 1
1.216689625000000, 1, 1, 1, 1, 0, 1, 0, 1
1.216689666666667, 0, 1, 1, 1, 1, 1, 0, 1
1.216689750000000, 1, 1, 1, 1, 1, 1, 0, 1
1.216689791666667, 0, 1, 1, 1, 1, 1, 0, 1
1.216689875000000, 1, 1, 1, 1, 1, 1, 0, 1
1.216689916666667, 0, 1, 1, 1, 1, 1, 0, 1
1.216690000000000, 1, 1, 1, 1, 1, 1, 0, 1
1.216690041666667, 0, 1, 1, 1, 1, 1, 0, 1
1.216690125000000, 1, 1, 1, 1, 1, 1, 0, 1
1.216690166666667, 0, 1, 1, 1, 1, 1, 0, 1
1.216690250000000, 1, 1, 1, 1, 1, 1, 0, 1
1.216690291666667, 0, 1, 1, 1, 1, 1, 0, 1
1.216691916666667, 0, 1, 1, 1, 0, 1, 0, 1
1.216692000000000, 1, 1, 1, 1, 0, 1, 0, 1
1.216692041666667, 0, 1, 1, 1, 0, 1, 0, 1
1.216692125000000, 1, 1, 1, 1, 0, 1, 0, 1
1.216692166666667, 0, 1, 1, 1, 0, 1, 0, 1
1.216692250000000, 1, 1, 1, 1, 0, 1, 0, 1
1.216692291666667, 0, 1, 1, 1, 0, 1, 0, 1
1.216692375000000, 1, 1, 1, 1, 0, 1, 0, 1
1.216692416666667, 0, 1, 1, 1, 0, 1, 0, 1
1.216692500000000, 1, 1, 1, 1, 0, 1, 0, 1
1.216692541666667, 0, 1, 1, 1, 0, 1, 0, 1
1.216692625000000, 1, 1, 1, 1, 0, 1, 0, 1
1.216692666666667, 0, 1, 1, 1, 0, 1, 0, 1
1.216692750000000, 1, 1, 1, 1, 0, 1, 0, 1
1.216692791666667, 0, 1, 1, 1, 0, 1, 0, 1
1.216692875000000, 1, 1, 1, 1, 0, 1, 0, 1
1.216692916666667, 0, 1, 1, 1, 1, 1, 0, 1
1.216693875000000, 0, 1, 1, 1, 0, 1, 0, 1
1.216693916666667, 1, 1, 1, 1, 0, 1, 0, 1
1.216694000000000, 0, 1, 1, 1, 0, 1, 0, 1
1.216694041666667, 1, 1, 1, 1, 0, 1, 0, 1
1.216694125000000, 0, 1, 1, 1, 0, 1, 0, 1
1.216694166666667, 1, 1, 1, 1, 0, 1, 0, 1
1.216694250000000, 0, 1, 1, 1, 1, 1, 0, 1
1.216694291666667, 1, 1, 1, 1, 1, 1, 0, 1
1.216694375000000, 0, 1, 1, 1, 1, 1, 0, 1
1.216694416666667, 1, 1, 1, 1, 1, 1, 0, 1
1.216694500000000, 0, 1, 1, 1, 1, 1, 0, 1
1.216694541666667, 1, 1, 1, 1, 1, 1, 0, 1
1.216694625000000, 0, 1, 1, 1, 1, 1, 0, 1
1.216694666666667, 1, 1, 1, 1, 1, 1, 0, 1
1.216694750000000, 0, 1, 1, 1, 1, 1, 0, 1
1.216694791666667, 1, 1, 1, 1, 1, 1, 0, 1
1.216694875000000, 0, 1, 1, 1, 1, 1, 0, 1
1.216696500000000, 0, 1, 1, 1, 0, 1, 0, 1
1.216696541666667, 1, 1, 1, 1, 0, 1, 0, 1
1.216696625000000, 0, 1, 1, 1, 0, 1, 0, 1
1.216696666666667, 1, 1, 1, 1, 0, 1, 0, 1
1.216696750000000, 0, 1, 1, 1, 0, 1, 0, 1
1.216696791666667, 1, 1, 1, 1, 0, 1, 0, 1
1.216696875000000, 0, 1, 1, 1, 0, 1, 0, 1
1.216696916666667, 1, 1, 1, 1, 0, 1, 0, 1
1.216697000000000, 0, 1, 1, 1, 0, 1, 0, 1
1.216697041666667, 1, 1, 1, 1, 0, 1, 0, 1
1.216697125000000, 0, 1, 1, 1, 0, 1, 0, 1
1.216697166666667, 1, 1, 1, 1, 0, 1, 0, 1
1.216697250000000, 0, 1, 1, 1, 0, 1, 0, 1
1.216697291666667, 1, 1, 1, 1, 0, 1, 0, 1
1.216697375000000, 0, 1, 1, 1, 0, 1, 0, 1
1.216697416666667, 1, 1, 1, 1, 0, 1, 0, 1
1.216697500000000, 0, 1, 1, 1, 1, 1, 0, 1
1.216698416666667, 0, 1, 1, 1, 0, 1, 0, 1
1.216698500000000, 1, 1, 1, 1, 0, 1, 0, 1
1.216698541666667, 0, 1, 1, 1, 0, 1, 0, 1
1.216698625000000, 1, 1, 1, 1, 0, 1, 0, 1
1.216698666666667, 0, 1, 1, 1, 0, 1, 0, 1
1.216698750000000, 1, 1, 1, 1, 0, 1, 0, 1
1.216698791666667, 0, 1, 1, 1, 1, 1, 0, 1
1.216698875000000, 1, 1, 1, 1, 1, 1, 0, 1
1.216698916666667, 0, 1, 1, 1, 1, 1, 0, 1
1.216699000000000, 1, 1, 1, 1, 1, 1, 0, 1
1.216699041666667, 0, 1, 1, 1, 1, 1, 0, 1
1.216699125000000, 1, 1, 1, 1, 1, 1, 0, 1
1.216699166666667, 0, 1, 1, 1, 1, 1, 0, 1
1.216699250000000, 1, 1, 1, 1, 1, 1, 0, 1
1.216699291666667, 0, 1, 1, 1, 1, 1, 0, 1
1.216699375000000, 1, 1, 1, 1, 1, 1, 0, 1
1.216699416666667, 0, 1, 1, 1, 1, 1, 0, 1
1.216701041666667, 0, 1, 1, 1, 0, 1, 0, 1
1.216701125000000, 1, 1, 1, 1, 0, 1, 0, 1
1.216701166666667, 0, 1, 1, 1, 0, 1, 0, 1
1.216701250000000, 1, 1, 1, 1, 0, 1, 0, 1
1.216701291666667, 0, 1, 1, 1, 0, 1, 0, 1
1.216701375000000, 1, 1, 1, 1, 0, 1, 0, 1
1.216701416666667, 0, 1, 1, 1, 0, 1, 0, 1
1.216701500000000, 1, 1, 1, 1, 0, 1, 0, 1
1.216701541666667, 0, 1, 1, 1, 0, 1, 0, 1
1.216701625000000, 1, 1, 1, 1, 0, 1, 0, 1
1.216701666666667, 0, 1, 1, 1, 0, 1, 0, 1
1.216701750000000, 1, 1, 1, 1, 0, 1, 0, 1
1.216701791666667, 0, 1, 1, 1, 0, 1, 0, 1
1.216701875000000, 1, 1, 1, 1, 0, 1, 0, 1
1.216701916666667, 0, 1, 1, 1, 0, 1, 0, 1
1.216702000000000, 1, 1, 1, 1, 0, 1, 0, 1
1.216702041666667, 0, 1, 1, 1, 1, 1, 0, 1
1.216703000000000, 0, 1, 1, 1, 0, 1, 0, 1
1.216703041666667, 1, 1, 1, 1, 0, 1, 0, 1
1.216703125000000, 0, 1, 1, 1, 0, 1, 0, 1
1.216703166666667, 1, 1, 1, 1, 0, 1, 0, 1
1.216703250000000, 0, 1, 1, 1, 0, 1, 0, 1
1.216703291666667, 1, 1, 1, 1, 0, 1, 0, 1
1.216703375000000, 0, 1, 1, 1, 1, 1, 0, 1
1.216703416666667, 1, 1, 1, 1, 1, 1, 0, 1
1.216703500000000, 0, 1, 1, 1, 1, 1, 0, 1
1.216703541666667, 1, 1, 1, 1, 1, 1, 0, 1
1.216703625000000, 0, 1, 1, 1, 1, 1, 0, 1
1.216703666666667, 1, 1, 1, 1, 1, 1, 0, 1
1.216703750000000, 0, 1, 1, 1, 1, 1, 0, 1
1.216703791666667, 1, 1, 1, 1, 1, 1, 0, 1
1.216703875000000, 0, 1, 1, 1, 1, 1, 0, 1
1.216703916666667, 1, 1, 1, 1, 1, 1, 0, 1
1.216704000000000, 0, 1, 1, 1, 1, 1, 0, 1
1.216705625000000, 0, 1, 1, 1, 0, 1, 0, 1
1.216705666666667, 1, 1, 1, 1, 0, 1, 0, 1
1.216705750000000, 0, 1, 1, 1, 0, 1, 0, 1
1.216705791666667, 1, 1, 1, 1, 0, 1, 0, 1
1.216705875000000, 0, 1, 1, 1, 0, 1, 0, 1
1.216705916666667, 1, 1, 1, 1, 0, 1, 0, 1
1.216706000000000, 0, 1, 1, 1, 0, 1, 0, 1
1.216706041666667, 1, 1, 1, 1, 0, 1, 0, 1
1.216706125000000, 0, 1, 1, 1, 0, 1, 0, 1
1.216706166666667, 1, 1, 1, 1, 0, 1, 0, 1
1.216706250000000, 0, 1, 1, 1, 0, 1, 0, 1
1.216706291666667, 1, 1, 1, 1, 0, 1, 0, 1
1.216706375000000, 0, 1, 1, 1, 0, 1, 0, 1
1.216706416666667, 1, 1, 1, 1, 0, 1, 0, 1
1.216706500000000, 0, 1, 1, 1, 0, 1, 0, 1
1.216706541666667, 1, 1, 1, 1, 0, 1, 0, 1
1.216706625000000, 0, 1, 1, 1, 1, 1, 0, 1
1.216707541666667, 0, 1, 1, 1, 0, 1, 0, 1
1.216707625000000, 1, 1, 1, 1, 0, 1, 0, 1
1.216707666666667, 0, 1, 1, 1, 0, 1, 0, 1
1.216707750000000, 1, 1, 1, 1, 0, 1, 0, 1
1.216707791666667, 0, 1, 1, 1, 0, 1, 0, 1
1.216707875000000, 1, 1, 1, 1, 0, 1, 0, 1
1.216707916666667, 0, 1, 1, 1, 1, 1, 0, 1
1.216708000000000, 1, 1, 1, 1, 1, 1, 0, 1
1.216708041666667, 0, 1, 1, 1, 1, 1, 0, 1
1.216708125000000, 1, 1, 1, 1, 1, 1, 0, 1
1.216708166666667, 0, 1, 1, 1, 1, 1, 0, 1
1.216708250000000, 1, 1, 1, 1, 1, 1, 0, 1
1.216708291666667, 0, 1, 1, 1, 1, 1, 0, 1
1.216708375000000, 1, 1, 1, 1, 1, 1, 0, 1
1.216708416666667, 0, 1, 1, 1, 1, 1, 0, 1
1.216708500000000, 1, 1, 1, 1, 1, 1, 0, 1
1.216708541666667, 0, 1, 1, 1, 1, 1, 0, 1
1.216710166666667, 0, 1, 1, 1, 0, 1, 0, 1
1.216710250000000, 1, 1, 1, 1, 0, 1, 0, 1
1.216710291666667, 0, 1, 1, 1, 0, 1, 0, 1
1.216710375000000, 1, 1, 1, 1, 0, 1, 0, 1
1.216710416666667, 0, 1, 1, 1, 0, 1, 0, 1
1.216710500000000, 1, 1, 1, 1, 0, 1, 0, 1
1.216710541666667, 0, 1, 1, 1, 0, 1, 0, 1
1.216710625000000, 1, 1, 1, 1, 0, 1, 0, 1
1.216710666666667, 0, 1, 1, 1, 0, 1, 0, 1
1.216710750000000, 1, 1, 1, 1, 0, 1, 0, 1
1.216710791666667, 0, 1, 1, 1, 0, 1, 0, 1
1.216710875000000, 1, 1, 1, 1, 0, 1, 0, 1
1.216710916666667, 0, 1, 1, 1, 0, 1, 0, 1
1.216711000000000, 1, 1, 1, 1, 0, 1, 0, 1
1.216711041666667, 0, 1, 1, 1, 0, 1, 0, 1
1.216711125000000, 1, 1, 1, 1, 0, 1, 0, 1
1.216711166666667, 0, 1, 1, 1, 1, 1, 0, 1
1.216712125000000, 0, 1, 1, 1, 0, 1, 0, 1
1.216712166666667, 1, 1, 1, 1, 0, 1, 0, 1
1.216712250000000, 0, 1, 1, 1, 0, 1, 0, 1
1.216712291666667, 1, 1, 1, 1, 0, 1, 0, 1
1.216712375000000, 0, 1, 1, 1, 0, 1, 0, 1
1.216712416666667, 1, 1, 1, 1, 0, 1, 0, 1
1.216712500000000, 0, 1, 1, 1, 1, 1, 0, 1
1.216712541666667, 1, 1, 1, 1, 1, 1, 0, 1
1.216712625000000, 0, 1, 1, 1, 1, 1, 0, 1
1.216712666666667, 1, 1, 1, 1, 1, 1, 0, 1
1.216712750000000, 0, 1, 1, 1, 1, 1, 0, 1
1.216712791666667, 1, 1, 1, 1, 1, 1, 0, 1
1.216712875000000, 0, 1, 1, 1, 1, 1, 0, 1
1.216712916666667, 1, 1, 1, 1, 1, 1, 0, 1
1.216713000000000, 0, 1, 1, 1, 1, 1, 0, 1
1.216713041666667, 1, 1, 1, 1, 1, 1, 0, 1
1.216713125000000, 0, 1, 1, 1, 1, 1, 0, 1
1.216714750000000, 0, 1, 1, 1, 0, 1, 0, 1
1.216714791666667, 1, 1, 1, 1, 0, 1, 0, 1
1.216714875000000, 0, 1, 1, 1, 0, 1, 0, 1
1.216714916666667, 1, 1, 1, 1, 0, 1, 0, 1
1.216715000000000, 0, 1, 1, 1, 0, 1, 0, 1
1.216715041666667, 1, 1, 1, 1, 0, 1, 0, 1
1.216715125000000, 0, 1, 1, 1, 0, 1, 0, 1
1.216715166666667, 1, 1, 1, 1, 0, 1, 0, 1
1.216715250000000, 0, 1, 1, 1, 0, 1, 0, 1
1.216715291666667, 1, 1, 1, 1, 0, 1, 0, 1
1.216715375000000, 0, 1, 1, 1, 0, 1, 0, 1
1.216715416666667, 1, 1, 1, 1, 0, 1, 0, 1
1.216715500000000, 0, 1, 1, 1, 0, 1, 0, 1
1.216715541666667, 1, 1, 1, 1, 0, 1, 0, 1
1.216715625000000, 0, 1, 1, 1, 0, 1, 0, 1
1.216715666666667, 1, 1, 1, 1, 0, 1, 0, 1
1.216715750000000, 0, 1, 1, 1, 1, 1, 0, 1
1.216716666666667, 0, 1, 1, 1, 0, 1, 0, 1
1.216716750000000, 1, 1, 1, 1, 0, 1, 0, 1
1.216716791666667, 0, 1, 1, 1, 0, 1, 0, 1
1.216716875000000, 1, 1, 1, 1, 0, 1, 0, 1
1.216716916666667, 0, 1, 1, 1, 0, 1, 0, 1
1.216717000000000, 1, 1, 1, 1, 0, 1, 0, 1
1.216717041666667, 0, 1, 1, 1, 1, 1, 0, 1
1.216717125000000, 1, 1, 1, 1, 1, 1, 0, 1
1.216717166666667, 0, 1, 1, 1, 1, 1, 0, 1
1.216717250000000, 1, 1, 1, 1, 1, 1, 0, 1
1.216717291666667, 0, 1, 1, 1, 1, 1, 0, 1
1.216717375000000, 1, 1, 1, 1, 1, 1, 0, 1
1.216717416666667, 0, 1, 1, 1, 1, 1, 0, 1
1.216717500000000, 1, 1, 1, 1, 1, 1, 0, 1
1.216717541666667, 0, 1, 1, 1, 1, 1, 0, 1
1.216717625000000, 1, 1, 1, 1, 1, 1, 0, 1
1.216717666666667, 0, 1, 1, 1, 1, 1, 0, 1
1.216719291666667, 0, 1, 1, 1, 0, 1, 0, 1
1.216719375000000, 1, 1, 1, 1, 0, 1, 0, 1
1.216719416666667, 0, 1, 1, 1, 0, 1, 0, 1
1.216719500000000, 1, 1, 1, 1, 0, 1, 0, 1
1.216719541666667, 0, 1, 1, 1, 0, 1, 0, 1
1.216719625000000, 1, 1, 1, 1, 0, 1, 0, 1
1.216719666666667, 0, 1, 1, 1, 0, 1, 0, 1
1.216719750000000, 1, 1, 1, 1, 0, 1, 0, 1
1.216719791666667, 0, 1, 1, 1, 0, 1, 0, 1
1.216719875000000, 1, 1, 1, 1, 0, 1, 0, 1
1.216719916666667, 0, 1, 1, 1, 0, 1, 0, 1
1.216720000000000, 1, 1, 1, 1, 0, 1, 0, 1
1.216720041666667, 0, 1, 1, 1, 0, 1, 0, 1
1.216720125000000, 1, 1, 1, 1, 0, 1, 0, 1
1.216720166666667, 0, 1, 1, 1, 0, 1, 0, 1
1.216720250000000, 1, 1, 1, 1, 0, 1, 0, 1
1.216720291666667, 0, 1, 1, 1, 1, 1, 0, 1
1.216721250000000, 0, 1, 1, 1, 0, 1, 0, 1
1.216721291666667, 1, 1, 1, 1, 0, 1, 0, 1
1.216721375000000, 0, 1, 1, 1, 0, 1, 0, 1
1.216721416666667, 1, 1, 1, 1, 0, 1, 0, 1
1.216721500000000, 0, 1, 1, 1, 0, 1, 0, 1
1.216721541666667, 1, 1, 1, 1, 0, 1, 0, 1
1.216721625000000, 0, 1, 1, 1, 1, 1, 0, 1
1.216721666666667, 1, 1, 1, 1, 1, 1, 0, 1
1.216721750000000, 0, 1, 1, 1, 1, 1, 0, 1
1.216721791666667, 1, 1, 1, 1, 1, 1, 0, 1
1.216721875000000, 0, 1, 1, 1, 1, 1, 0, 1
1.216721916666667, 1, 1, 1, 1, 1, 1, 0, 1
1.216722000000000, 0, 1, 1, 1, 1, 1, 0, 1
1.216722041666667, 1, 1, 1, 1, 1, 1, 0, 1
1.216722125000000, 0, 1, 1, 1, 1, 1, 0, 1
1.216722166666667, 1, 1, 1, 1, 1, 1, 0, 1
1.216722250000000, 0, 1, 1, 1, 1, 1, 0, 1
1.216723875000000, 0, 1, 1, 1, 0, 1, 0, 1
1.216723916666667, 1, 1, 1, 1, 0, 1, 0, 1
1.216724000000000, 0, 1, 1, 1, 0, 1, 0, 1
1.216724041666667, 1, 1, 1, 1, 0, 1, 0, 1
1.216724125000000, 0, 1, 1, 1, 0, 1, 0, 1
1.216724166666667, 1, 1, 1, 1, 0, 1, 0, 1
1.216724250000000, 0, 1, 1, 1, 0, 1, 0, 1
1.216724291666667, 1, 1, 1, 1, 0, 1, 0, 1
1.216724375000000, 0, 1, 1, 1, 0, 1, 0, 1
1.216724416666667, 1, 1, 1, 1, 0, 1, 0, 1
1.216724500000000, 0, 1, 1, 1, 0, 1, 0, 1
1.216724541666667, 1, 1, 1, 1, 0, 1, 0, 1
1.216724625000000, 0, 1, 1, 1, 0, 1, 0, 1
1.216724666666667, 1, 1, 1, 1, 0, 1, 0, 1
1.216724750000000, 0, 1, 1, 1, 0, 1, 0, 1
1.216724791666667, 1, 1, 1, 1, 0, 1, 0, 1
1.216724875000000, 0, 1, 1, 1, 1, 1, 0, 1
1.216725791666667, 0, 1, 1, 1, 0, 1, 0, 1
1.216725875000000, 1, 1, 1, 1, 0, 1, 0, 1
1.216725916666667, 0, 1, 1, 1, 0, 1, 0, 1
1.216726000000000, 1, 1, 1, 1, 0, 1, 0, 1
1.216726041666667, 0, 1, 1, 1, 0, 1, 0, 1
1.216726125000000, 1, 1, 1, 1, 0, 1, 0, 1
1.216726166666667, 0, 1, 1, 1, 1, 1, 0, 1
1.216726250000000, 1, 1, 1, 1, 1, 1, 0, 1
1.216726291666667, 0, 1, 1, 1, 1, 1, 0, 1
1.216726375000000, 1, 1, 1, 1, 1, 1, 0, 1
1.216726416666667, 0, 1, 1, 1, 1, 1, 0, 1
1.216726500000000, 1, 1, 1, 1, 1, 1, 0, 1
1.216726541666667, 0, 1, 1, 1, 1, 1, 0, 1
1.216726625000000, 1, 1, 1, 1, 1, 1, 0, 1
1.216726666666667, 0, 1, 1, 1, 1, 1, 0, 1
1.216726750000000, 1, 1, 1, 1, 1, 1, 0, 1
1.216726791666667, 0, 1, 1, 1, 1, 1, 0, 1
1.216728416666667, 0, 1, 1, 1, 0, 1, 0, 1
1.216728500000000, 1, 1, 1, 1, 0, 1, 0, 1
1.216728541666667, 0, 1, 1, 1, 0, 1, 0, 1
1.216728625000000, 1, 1, 1, 1, 0, 1, 0, 1
1.216728666666667, 0, 1, 1, 1, 0, 1, 0, 1
1.216728750000000, 1, 1, 1, 1, 0, 1, 0, 1
1.216728791666667, 0, 1, 1, 1, 0, 1, 0, 1
1.216728875000000, 1, 1, 1, 1, 0, 1, 0, 1
1.216728916666667, 0, 1, 1, 1, 0, 1, 0, 1
1.216729000000000, 1, 1, 1, 1, 0, 1, 0, 1
1.216729041666667, 0, 1, 1, 1, 0, 1, 0, 1
1.216729125000000, 1, 1, 1, 1, 0, 1, 0, 1
1.216729166666667, 0, 1, 1, 1, 0, 1, 0, 1
1.216729250000000, 1, 1, 1, 1, 0, 1, 0, 1
1.216729291666667, 0, 1, 1, 1, 0, 1, 0, 1
1.216729375000000, 1, 1, 1, 1, 0, 1, 0, 1
1.216729416666667, 0, 1, 1, 1, 1, 1, 0, 1
1.216730375000000, 0, 1, 1, 1, 0, 1, 0, 1
1.216730416666667, 1, 1, 1, 1, 0, 1, 0, 1
1.216730500000000, 0, 1, 1, 1, 0, 1, 0, 1
1.216730541666667, 1, 1, 1, 1, 0, 1, 0, 1
1.216730625000000, 0, 1, 1, 1, 0, 1, 0, 1
1.216730666666667, 1, 1, 1, 1, 0, 1, 0, 1
1.216730750000000, 0, 1, 1, 1, 1, 1, 0, 1
1.216730791666667, 1, 1, 1, 1, 1, 1, 0, 1
1.216730875000000, 0, 1, 1, 1, 1, 1, 0, 1
1.216730916666667, 1, 1, 1, 1, 1, 1, 0, 1
1.216731000000000, 0, 1, 1, 1, 1, 1, 0, 1
1.216731041666667, 1, 1, 1, 1, 1, 1, 0, 1
1.216731125000000, 0, 1, 1, 1, 1, 1, 0, 1
1.216731166666667, 1, 1, 1, 1, 1, 1, 0, 1
1.216731250000000, 0, 1, 1, 1, 1, 1, 0, 1
1.216731291666667, 1, 1, 1, 1, 1, 1, 0, 1
1.216731375000000, 0, 1, 1, 1, 1, 1, 0, 1
1.216733000000000, 0, 1, 1, 1, 0, 1, 0, 1
1.216733041666667, 1, 1, 1, 1, 0, 1, 0, 1
1.216733125000000, 0, 1, 1, 1, 0, 1, 0, 1
1.216733166666667, 1, 1, 1, 1, 0, 1, 0, 1
1.216733250000000, 0, 1, 1, 1, 0, 1, 0, 1
1.216733291666667, 1, 1, 1, 1, 0, 1, 0, 1
1.216733375000000, 0, 1, 1, 1, 0, 1, 0, 1
1.216733416666667, 1, 1, 1, 1, 0, 1, 0, 1
1.216733500000000, 0, 1, 1, 1, 0, 1, 0, 1
1.216733541666667, 1, 1, 1, 1, 0, 1, 0, 1
1.216733625000000, 0, 1, 1, 1, 0, 1, 0, 1
1.216733666666667, 1, 1, 1, 1, 0, 1, 0, 1
1.216733750000000, 0, 1, 1, 1, 0, 1, 0, 1
1.216733791666667, 1, 1, 1, 1, 0, 1, 0, 1
1.216733875000000, 0, 1, 1, 1, 0, 1, 0, 1
1.216733916666667, 1, 1, 1, 1, 0, 1, 0, 1
1.216734000000000, 0, 1, 1, 1, 1, 1, 0, 1
1.216734916666667, 0, 1, 1, 1, 0, 1, 0, 1
1.216735000000000, 1, 1, 1, 1, 0, 1, 0, 1
1.216735041666667, 0, 1, 1, 1, 0, 1, 0, 1
1.216735125000000, 1, 1, 1, 1, 0, 1, 0, 1
1.216735166666667, 0, 1, 1, 1, 0, 1, 0, 1
1.216735250000000, 1, 1, 1, 1, 0, 1, 0, 1
1.216735291666667, 0, 1, 1, 1, 1, 1, 0, 1
1.216735375000000, 1, 1, 1, 1, 1, 1, 0, 1
1.216735416666667, 0, 1, 1, 1, 1, 1, 0, 1
1.216735500000000, 1, 1, 1, 1, 1, 1, 0, 1
1.216735541666667, 0, 1, 1, 1, 1, 1, 0, 1
1.216735625000000, 1, 1, 1, 1, 1, 1, 0, 1
1.216735666666667, 0, 1, 1, 1, 1, 1, 0, 1
1.216735750000000, 1, 1, 1, 1, 1, 1, 0, 1
1.216735791666667, 0, 1, 1, 1, 1, 1, 0, 1
1.216735875000000, 1, 1, 1, 1, 1, 1, 0, 1
1.216735916666667, 0, 1, 1, 1, 1, 1, 0, 1
1.216737541666667, 0, 1, 1, 1, 0, 1, 0, 1
1.216737625000000, 1, 1, 1, 1, 0, 1, 0, 1
1.216737666666667, 0, 1, 1, 1, 0, 1, 0, 1
1.216737750000000, 1, 1, 1, 1, 0, 1, 0, 1
1.216737791666667, 0, 1, 1, 1, 0, 1, 0, 1
1.216737875000000, 1, 1, 1, 1, 0, 1, 0, 1
1.216737916666667, 0, 1, 1, 1, 0, 1, 0, 1
1.216738000000000, 1, 1, 1, 1, 0, 1, 0, 1
1.216738041666667, 0, 1, 1, 1, 0, 1, 0, 1
1.216738125000000, 1, 1, 1, 1, 0, 1, 0, 1
1.216738166666667, 0, 1, 1, 1, 0, 1, 0, 1
1.216738250000000, 1, 1, 1, 1, 0, 1, 0, 1
1.216738291666667, 0, 1, 1, 1, 0, 1, 0, 1
1.216738375000000, 1, 1, 1, 1, 0, 1, 0, 1
1.216738416666667, 0, 1, 1, 1, 0, 1, 0, 1
1.216738500000000, 1, 1, 1, 1, 0, 1, 0, 1
1.216738541666667, 0, 1, 1, 1, 1, 1, 0, 1
1.216739500000000, 0, 1, 1, 1, 0, 1, 0, 1
1.216739541666667, 1, 1, 1, 1, 0, 1, 0, 1
1.216739625000000, 0, 1, 1, 1, 0, 1, 0, 1
1.216739666666667, 1, 1, 1, 1, 0, 1, 0, 1
1.216739750000000, 0, 1, 1, 1, 0, 1, 0, 1
1.216739791666667, 1, 1, 1, 1, 0, 1, 0, 1
1.216739875000000, 0, 1, 1, 1, 1, 1, 0, 1
1.216739916666667, 1, 1, 1, 1, 1, 1, 0, 1
1.216740000000000, 0, 1, 1, 1, 1, 1, 0, 1
1.216740041666667, 1, 1, 1, 1, 1, 1, 0, 1
1.216740125000000, 0, 1, 1, 1, 1, 1, 0, 1
1.216740166666667, 1, 1, 1, 1, 1, 1, 0, 1
1.216740250000000, 0, 1, 1, 1, 1, 1, 0, 1
1.216740291666667, 1, 1, 1, 1, 1, 1, 0, 1
1.216740375000000, 0, 1, 1, 1, 1, 1, 0, 1
1.216740416666667, 1, 1, 1, 1, 1, 1, 0, 1
1.216740500000000, 0, 1, 1, 1, 1, 1, 0, 1
1.216742125000000, 0, 1, 1, 1, 0, 1, 0, 1
1.216742166666667, 1, 1, 1, 1, 0, 1, 0, 1
1.216742250000000, 0, 1, 1, 1, 0, 1, 0, 1
1.216742291666667, 1, 1, 1, 1, 0, 1, 0, 1
1.216742375000000, 0, 1, 1, 1, 0, 1, 0, 1
1.216742416666667, 1, 1, 1, 1, 0, 1, 0, 1
1.216742500000000, 0, 1, 1, 1, 0, 1, 0, 1
1.216742541666667, 1, 1, 1, 1, 0, 1, 0, 1
1.216742625000000, 0, 1, 1, 1, 0, 1, 0, 1
1.216742666666667, 1, 1, 1, 1, 0, 1, 0, 1
1.216742750000000, 0, 1, 1, 1, 0, 1, 0, 1
1.216742791666667, 1, 1, 1, 1, 0, 1, 0, 1
1.216742875000000, 0, 1, 1, 1, 0, 1, 0, 1
1.216742916666667, 1, 1, 1, 1, 0, 1, 0, 1
1.216743000000000, 0, 1, 1, 1, 0, 1, 0, 1
1.216743041666667, 1, 1, 1, 1, 0, 1, 0, 1
1.216743125000000, 0, 1, 1, 1, 1, 1, 0, 1
1.216744041666667, 0, 1, 1, 1, 0, 1, 0, 1
1.216744125000000, 1, 1, 1, 1, 0, 1, 0, 1
1.216744166666667, 0, 1, 1, 1, 0, 1, 0, 1
1.216744250000000, 1, 1, 1, 1, 0, 1, 0, 1
1.216744291666667, 0, 1, 1, 1, 0, 1, 0, 1
1.216744375000000, 1, 1, 1, 1, 0, 1, 0, 1
1.216744416666667, 0, 1, 1, 1, 1, 1, 0, 1
1.216744500000000, 1, 1, 1, 1, 1, 1, 0, 1
1.216744541666667, 0, 1, 1, 1, 1, 1, 0, 1
1.216744625000000, 1, 1, 1, 1, 1, 1, 0, 1
1.216744666666667, 0, 1, 1, 1, 1, 1, 0, 1
1.216744750000000, 1, 1, 1, 1, 1, 1, 0, 1
1.216744791666667, 0, 1, 1, 1, 1, 1, 0, 1
1.216744875000000, 1, 1, 1, 1, 1, 1, 0, 1
1.216744916666667, 0, 1, 1, 1, 1, 1, 0, 1
1.216745000000000, 1, 1, 1, 1, 1, 1, 0, 1
1.216745041666667, 0, 1, 1, 1, 1, 1, 0, 1
1.216746666666667, 0, 1, 1, 1, 0, 1, 0, 1
1.216746750000000, 1, 1, 1, 1, 0, 1, 0, 1
1.216746791666667, 0, 1, 1, 1, 0, 1, 0, 1
1.216746875000000, 1, 1, 1, 1, 0, 1, 0, 1
1.216746916666667, 0, 1, 1, 1, 0, 1, 0, 1
1.216747000000000, 1, 1, 1, 1, 0, 1, 0, 1
1.216747041666667, 0, 1, 1, 1, 0, 1, 0, 1
1.216747125000000, 1, 1, 1, 1, 0, 1, 0, 1
1.216747166666667, 0, 1, 1, 1, 0, 1, 0, 1
1.216747250000000, 1, 1, 1, 1, 0, 1, 0, 1
1.216747291666667, 0, 1, 1, 1, 0, 1, 0, 1
1.216747375000000, 1, 1, 1, 1, 0, 1, 0, 1
1.216747416666667, 0, 1, 1, 1, 0, 1, 0, 1
1.216747500000000, 1, 1, 1, 1, 0, 1, 0, 1
1.216747541666667, 0, 1, 1, 1, 0, 1, 0, 1
1.216747625000000, 1, 1, 1, 1, 0, 1, 0, 1
1.216747666666667, 0, 1, 1, 1, 1, 1, 0, 1
1.216748625000000, 0, 1, 1, 1, 0, 1, 0, 1
1.216748666666667, 1, 1, 1, 1, 0, 1, 0, 1
1.216748750000000, 0, 1, 1, 1, 0, 1, 0, 1
1.216748791666667, 1, 1, 1, 1, 0, 1, 0, 1
1.216748875000000, 0, 1, 1, 1, 0, 1, 0, 1
1.216748916666667, 1, 1, 1, 1, 0, 1, 0, 1
1.216749000000000, 0, 1, 1, 1, 1, 1, 0, 1
1.216749041666667, 1, 1, 1, 1, 1, 1, 0, 1
1.216749125000000, 0, 1, 1, 1, 1, 1, 0, 1
1.216749166666667, 1, 1, 1, 1, 1, 1, 0, 1
1.216749250000000, 0, 1, 1, 1, 1, 1, 0, 1
1.216749291666667, 1, 1, 1, 1, 1, 1, 0, 1
1.216749375000000, 0, 1, 1, 1, 1, 1, 0, 1
1.216749416666667, 1, 1, 1, 1, 1, 1, 0, 1
1.216749500000000, 0, 1, 1, 1, 1, 1, 0, 1
1.216749541666667, 1, 1, 1, 1, 1, 1, 0, 1
1.216749625000000, 0, 1, 1, 1, 1, 1, 0, 1
1.216751250000000, 0, 1, 1, 1, 0, 1, 0, 1
1.216751291666667, 1, 1, 1, 1, 0, 1, 0, 1
1.216751375000000, 0, 1, 1, 1, 0, 1, 0, 1
1.216751416666667, 1, 1, 1, 1, 0, 1, 0, 1
1.216751500000000, 0, 1, 1, 1, 0, 1, 0, 1
1.216751541666667, 1, 1, 1, 1, 0, 1, 0, 1
1.216751625000000, 0, 1, 1, 1, 0, 1, 0, 1
1.216751666666667, 1, 1, 1, 1, 0, 1, 0, 1
1.216751750000000, 0, 1, 1, 1, 0, 1, 0, 1
1.216751791666667, 1, 1, 1, 1, 0, 1, 0, 1
1.216751875000000, 0, 1, 1, 1, 0, 1, 0, 1
1.216751916666667, 1, 1, 1, 1, 0, 1, 0, 1
1.216752000000000, 0, 1, 1, 1, 0, 1, 0, 1
1.216752041666667, 1, 1, 1, 1, 0, 1, 0, 1
1.216752125000000, 0, 1, 1, 1, 0, 1, 0, 1
1.216752166666667, 1, 1, 1, 1, 0, 1, 0, 1
1.216752250000000, 0, 1, 1, 1, 1, 1, 0, 1
1.216753166666667, 0, 1, 1, 1, 0, 1, 0, 1
1.216753250000000, 1, 1, 1, 1, 0, 1, 0, 1
1.216753291666667, 0, 1, 1, 1, 0, 1, 0, 1
1.216753375000000, 1, 1, 1, 1, 0, 1, 0, 1
1.216753416666667, 0, 1, 1, 1, 0, 1, 0, 1
1.216753500000000, 1, 1, 1, 1, 0, 1, 0, 1
1.216753541666667, 0, 1, 1, 1, 1, 1, 0, 1
1.216753625000000, 1, 1, 1, 1, 1, 1, 0, 1
1.216753666666667, 0, 1, 1, 1, 1, 1, 0, 1
1.216753750000000, 1, 1, 1, 1, 1, 1, 0, 1
1.216753791666667, 0, 1, 1, 1, 1, 1, 0, 1
1.216753875000000, 1, 1, 1, 1, 1, 1, 0, 1
1.216753916666667, 0, 1, 1, 1, 1, 1, 0, 1
1.216754000000000, 1, 1, 1, 1, 1, 1, 0, 1
1.216754041666667, 0, 1, 1, 1, 1, 1, 0, 1
1.216754125000000, 1, 1, 1, 1, 1, 1, 0, 1
1.216754166666667, 0, 1, 1, 1, 1, 1, 0, 1
1.216755791666667, 0, 1, 1, 1, 0, 1, 0, 1
1.216755875000000, 1, 1, 1, 1, 0, 1, 0, 1
1.216755916666667, 0, 1, 1, 1, 0, 1, 0, 1
1.216756000000000, 1, 1, 1, 1, 0, 1, 0, 1
1.216756041666667, 0, 1, 1, 1, 0, 1, 0, 1
1.216756125000000, 1, 1, 1, 1, 0, 1, 0, 1
1.216756166666667, 0, 1, 1, 1, 0, 1, 0, 1
1.216756250000000, 1, 1, 1, 1, 0, 1, 0, 1
1.216756291666667, 0, 1, 1, 1, 0, 1, 0, 1
1.216756375000000, 1, 1, 1, 1, 0, 1, 0, 1
1.216756416666667, 0, 1, 1, 1, 0, 1, 0, 1
1.216756500000000, 1, 1, 1, 1, 0, 1, 0, 1
1.216756541666667, 0, 1, 1, 1, 0, 1, 0, 1
1.216756625000000, 1, 1, 1, 1, 0, 1, 0, 1
1.216756666666667, 0, 1, 1, 1, 0, 1, 0, 1
1.216756750000000, 1, 1, 1, 1, 0, 1, 0, 1
1.216756791666667, 0, 1, 1, 1, 1, 1, 0, 1
1.216757750000000, 0, 1, 1, 1, 0, 1, 0, 1
1.216757791666667, 1, 1, 1, 1, 0, 1, 0, 1
1.216757875000000, 0, 1, 1, 1, 0, 1, 0, 1
1.216757916666667, 1, 1, 1, 1, 0, 1, 0, 1
1.216758000000000, 0, 1, 1, 1, 0, 1, 0, 1
1.216758041666667, 1, 1, 1, 1, 0, 1, 0, 1
1.216758125000000, 0, 1, 1, 1, 1, 1, 0, 1
1.216758166666667, 1, 1, 1, 1, 1, 1, 0, 1
1.216758250000000, 0, 1, 1, 1, 1, 1, 0, 1
1.216758291666667, 1, 1, 1, 1, 1, 1, 0, 1
1.216758375000000, 0, 1, 1, 1, 1, 1, 0, 1
1.216758416666667, 1, 1, 1, 1, 1, 1, 0, 1
1.216758500000000, 0, 1, 1, 1, 1, 1, 0, 1
1.216758541666667, 1, 1, 1, 1, 1, 1, 0, 1
1.216758625000000, 0, 1, 1, 1, 1, 1, 0, 1
1.216758666666667, 1, 1, 1, 1, 1, 1, 0, 1
1.216758750000000, 0, 1, 1, 1, 1, 1, 0, 1
1.216760375000000, 0, 1, 1, 1, 0, 1, 0, 1
1.216760416666667, 1, 1, 1, 1, 0, 1, 0, 1
1.216760500000000, 0, 1, 1, 1, 0, 1, 0, 1
1.216760541666667, 1, 1, 1, 1, 0, 1, 0, 1
1.216760625000000, 0, 1, 1, 1, 0, 1, 0, 1
1.216760666666667, 1, 1, 1, 1, 0, 1, 0, 1
1.216760750000000, 0, 1, 1, 1, 0, 1, 0, 1
1.216760791666667, 1, 1, 1, 1, 0, 1, 0, 1
1.216760875000000, 0, 1, 1, 1, 0, 1, 0, 1
1.216760916666667, 1, 1, 1, 1, 0, 1, 0, 1
1.216761000000000, 0, 1, 1, 1, 0, 1, 0, 1
1.216761041666667, 1, 1, 1, 1, 0, 1, 0, 1
1.216761125000000, 0, 1, 1, 1, 0, 1, 0, 1
1.216761166666667, 1, 1, 1, 1, 0, 1, 0, 1
1.216761250000000, 0, 1, 1, 1, 0, 1, 0, 1
1.216761291666667, 1, 1, 1, 1, 0, 1, 0, 1
1.216761375000000, 0, 1, 1, 1, 1, 1, 0, 1
1.216762291666667, 0, 1, 1, 1, 0, 1, 0, 1
1.216762375000000, 1, 1, 1, 1, 0, 1, 0, 1
1.216762416666667, 0, 1, 1, 1, 0, 1, 0, 1
1.216762500000000, 1, 1, 1, 1, 0, 1, 0, 1
1.216762541666667, 0, 1, 1, 1, 0, 1, 0, 1
1.216762625000000, 1, 1, 1, 1, 0, 1, 0, 1
1.216762666666667, 0, 1, 1, 1, 1, 1, 0, 1
1.216762750000000, 1, 1, 1, 1, 1, 1, 0, 1
1.216762791666667, 0, 1, 1, 1, 1, 1, 0, 1
1.216762875000000, 1, 1, 1, 1, 1, 1, 0, 1
1.216762916666667, 0, 1, 1, 1, 1, 1, 0, 1
1.216763000000000, 1, 1, 1, 1, 1, 1, 0, 1
1.216763041666667, 0, 1, 1, 1, 1, 1, 0, 1
1.216763125000000, 1, 1, 1, 1, 1, 1, 0, 1
1.216763166666667, 0, 1, 1, 1, 1, 1, 0, 1
1.216763250000000, 1, 1, 1, 1, 1, 1, 0, 1
1.216763291666667, 0, 1, 1, 1, 1, 1, 0, 1
1.216764916666667, 0, 1, 1, 1, 0, 1, 0, 1
1.216765000000000, 1, 1, 1, 1, 0, 1, 0, 1
1.216765041666667, 0, 1, 1, 1, 0, 1, 0, 1
1.216765125000000, 1, 1, 1, 1, 0, 1, 0, 1
1.216765166666667, 0, 1, 1, 1, 0, 1, 0, 1
1.216765250000000, 1, 1, 1, 1, 0, 1, 0, 1
1.216765291666667, 0, 1, 1, 1, 0, 1, 0, 1
1.216765375000000, 1, 1, 1, 1, 0, 1, 0, 1
1.216765416666667, 0, 1, 1, 1, 0, 1, 0, 1
1.216765500000000, 1, 1, 1, 1, 0, 1, 0, 1
1.216765541666667, 0, 1, 1, 1, 0, 1, 0, 1
1.216765625000000, 1, 1, 1, 1, 0, 1, 0, 1
1.216765666666667, 0, 1, 1, 1, 0, 1, 0, 1
1.216765750000000, 1, 1, 1, 1, 0, 1, 0, 1
1.216765791666667, 0, 1, 1, 1, 0, 1, 0, 1
1.216765875000000, 1, 1, 1, 1, 0, 1, 0, 1
1.216765916666667, 0, 1, 1, 1, 1, 1, 0, 1
1.216766875000000, 0, 1, 1, 1, 0, 1, 0, 1
1.216766916666667, 1, 1, 1, 1, 0, 1, 0, 1
1.216767000000000, 0, 1, 1, 1, 0, 1, 0, 1
1.216767041666667, 1, 1, 1, 1, 0, 1, 0, 1
1.216767125000000, 0, 1, 1, 1, 0, 1, 0, 1
1.216767166666667, 1, 1, 1, 1, 0, 1, 0, 1
1.216767250000000, 0, 1, 1, 1, 1, 1, 0, 1
1.216767291666667, 1, 1, 1, 1, 1, 1, 0, 1
1.216767375000000, 0, 1, 1, 1, 1, 1, 0, 1
1.216767416666667, 1, 1, 1, 1, 1, 1, 0, 1
1.216767500000000, 0, 1, 1, 1, 1, 1, 0, 1
1.216767541666667, 1, 1, 1, 1, 1, 1, 0, 1
1.216767625000000, 0, 1, 1, 1, 1, 1, 0, 1
1.216767666666667, 1, 1, 1, 1, 1, 1, 0, 1
1.216767750000000, 0, 1, 1, 1, 1, 1, 0, 1
1.216767791666667, 1, 1, 1, 1, 1, 1, 0, 1
1.216767875000000, 0, 1, 1, 1, 1, 1, 0, 1
1.216769500000000, 0, 1, 1, 1, 0, 1, 0, 1
1.216769541666667, 1, 1, 1, 1, 0, 1, 0, 1
1.216769625000000, 0, 1, 1, 1, 0, 1, 0, 1
1.216769666666667, 1, 1, 1, 1, 0, 1, 0, 1
1.216769750000000, 0, 1, 1, 1, 0, 1, 0, 1
1.216769791666667, 1, 1, 1, 1, 0, 1, 0, 1
1.216769875000000, 0, 1, 1, 1, 0, 1, 0, 1
1.216769916666667, 1, 1, 1, 1, 0, 1, 0, 1
1.216770000000000, 0, 1, 1, 1, 0, 1, 0, 1
1.216770041666667, 1, 1, 1, 1, 0, 1, 0, 1
1.216770125000000, 0, 1, 1, 1, 0, 1, 0, 1
1.216770166666667, 1, 1, 1, 1, 0, 1, 0, 1
1.216770250000000, 0, 1, 1, 1, 0, 1, 0, 1
1.216770291666667, 1, 1, 1, 1, 0, 1, 0, 1
1.216770375000000, 0, 1, 1, 1, 0, 1, 0, 1
1.216770416666667, 1, 1, 1, 1, 0, 1, 0, 1
1.216770500000000, 0, 1, 1, 1, 1, 1, 0, 1
1.216771416666667, 0, 1, 1, 1, 0, 1, 0, 1
1.216771500000000, 1, 1, 1, 1, 0, 1, 0, 1
1.216771541666667, 0, 1, 1, 1, 0, 1, 0, 1
1.216771625000000, 1, 1, 1, 1, 0, 1, 0, 1
1.216771666666667, 0, 1, 1, 1, 0, 1, 0, 1
1.216771750000000, 1, 1, 1, 1, 0, 1, 0, 1
1.216771791666667, 0, 1, 1, 1, 1, 1, 0, 1
1.216771875000000, 1, 1, 1, 1, 1, 1, 0, 1
1.216771916666667, 0, 1, 1, 1, 1, 1, 0, 1
1.216772000000000, 1, 1, 1, 1, 1, 1, 0, 1
1.216772041666667, 0, 1, 1, 1, 1, 1, 0, 1
1.216772125000000, 1, 1, 1, 1, 1, 1, 0, 1
1.216772166666667, 0, 1, 1, 1, 1, 1, 0, 1
1.216772250000000, 1, 1, 1, 1, 1, 1, 0, 1
1.216772291666667, 0, 1, 1, 1, 1, 1, 0, 1
1.216772375000000, 1, 1, 1, 1, 1, 1, 0, 1
1.216772416666667, 0, 1, 1, 1, 1, 1, 0, 1
1.216774041666667, 0, 1, 1, 1, 0, 1, 0, 1
1.216774125000000, 1, 1, 1, 1, 0, 1, 0, 1
1.216774166666667, 0, 1, 1, 1, 0, 1, 0, 1
1.216774250000000, 1, 1, 1, 1, 0, 1, 0, 1
1.216774291666667, 0, 1, 1, 1, 0, 1, 0, 1
1.216774375000000, 1, 1, 1, 1, 0, 1, 0, 1
1.216774416666667, 0, 1, 1, 1, 0, 1, 0, 1
1.216774500000000, 1, 1, 1, 1, 0, 1, 0, 1
1.216774541666667, 0, 1, 1, 1, 0, 1, 0, 1
1.216774625000000, 1, 1, 1, 1, 0, 1, 0, 1
1.216774666666667, 0, 1, 1, 1, 0, 1, 0, 1
1.216774750000000, 1, 1, 1, 1, 0, 1, 0, 1
1.216774791666667, 0, 1, 1, 1, 0, 1, 0, 1
1.216774875000000, 1, 1, 1, 1, 0, 1, 0, 1
1.216774916666667, 0, 1, 1, 1, 0, 1, 0, 1
1.216775000000000, 1, 1, 1, 1, 0, 1, 0, 1
1.216775041666667, 0, 1, 1, 1, 1, 1, 0, 1
1.216776000000000, 0, 1, 1, 1, 0, 1, 0, 1
1.216776041666667, 1, 1, 1, 1, 0, 1, 0, 1
1.216776125000000, 0, 1, 1, 1, 0, 1, 0, 1
1.216776166666667, 1, 1, 1, 1, 0, 1, 0, 1
1.216776250000000, 0, 1, 1, 1, 0, 1, 0, 1
1.216776291666667, 1, 1, 1, 1, 0, 1, 0, 1
1.216776375000000, 0, 1, 1, 1, 1, 1, 0, 1
1.216776416666667, 1, 1, 1, 1, 1, 1, 0, 1
1.216776500000000, 0, 1, 1, 1, 1, 1, 0, 1
1.216776541666667, 1, 1, 1, 1, 1, 1, 0, 1
1.216776625000000, 0, 1, 1, 1, 1, 1, 0, 1
1.216776666666667, 1, 1, 1, 1, 1, 1, 0, 1
1.216776750000000, 0, 1, 1, 1, 1, 1, 0, 1
1.216776791666667, 1, 1, 1, 1, 1, 1, 0, 1
1.216776875000000, 0, 1, 1, 1, 1, 1, 0, 1
1.216776916666667, 1, 1, 1, 1, 1, 1, 0, 1
1.216777000000000, 0, 1, 1, 1, 1, 1, 0, 1
1.216778625000000, 0, 1, 1, 1, 0, 1, 0, 1
1.216778666666667, 1, 1, 1, 1, 0, 1, 0, 1
1.216778750000000, 0, 1, 1, 1, 0, 1, 0, 1
1.216778791666667, 1, 1, 1, 1, 0, 1, 0, 1
1.216778875000000, 0, 1, 1, 1, 0, 1, 0, 1
1.216778916666667, 1, 1, 1, 1, 0, 1, 0, 1
1.216779000000000, 0, 1, 1, 1, 0, 1, 0, 1
1.216779041666667, 1, 1, 1, 1, 0, 1, 0, 1
1.216779125000000, 0, 1, 1, 1, 0, 1, 0, 1
1.216779166666667, 1, 1, 1, 1, 0, 1, 0, 1
1.216779250000000, 0, 1, 1, 1, 0, 1, 0, 1
1.216779291666667, 1, 1, 1, 1, 0, 1, 0, 1
1.216779375000000, 0, 1, 1, 1, 0, 1, 0, 1
1.216779416666667, 1, 1, 1, 1, 0, 1, 0, 1
1.216779500000000, 0, 1, 1, 1, 0, 1, 0, 1
1.216779541666667, 1, 1, 1, 1, 0, 1, 0, 1
1.216779625000000, 0, 1, 1, 1, 1, 1, 0, 1
1.216780541666667, 0, 1, 1, 1, 0, 1, 0, 1
1.216780625000000, 1, 1, 1, 1, 0, 1, 0, 1
1.216780666666667, 0, 1, 1, 1, 0, 1, 0, 1
1.216780750000000, 1, 1, 1, 1, 0, 1, 0, 1
1.216780791666667, 0, 1, 1, 1, 0, 1, 0, 1
1.216780875000000, 1, 1, 1, 1, 0, 1, 0, 1
1.216780916666667, 0, 1, 1, 1, 1, 1, 0, 1
1.216781000000000, 1, 1, 1, 1, 1, 1, 0, 1
1.216781041666667, 0, 1, 1, 1, 1, 1, 0, 1
1.216781125000000, 1, 1, 1, 1, 1, 1, 0, 1
1.216781166666667, 0, 1, 1, 1, 1, 1, 0, 1
1.216781250000000, 1, 1, 1, 1, 1, 1, 0, 1
1.216781291666667, 0, 1, 1, 1, 1, 1, 0, 1
1.216781375000000, 1, 1, 1, 1, 1, 1, 0, 1
1.216781416666667, 0, 1, 1, 1, 1, 1, 0, 1
1.216781500000000, 1, 1, 1, 1, 1, 1, 0, 1
1.216781541666667, 0, 1, 1, 1, 1, 1, 0, 1
1.216783166666667, 0, 1, 1, 1, 0, 1, 0, 1
1.216783250000000, 1, 1, 1, 1, 0, 1, 0, 1
1.216783291666667, 0, 1, 1, 1, 0, 1, 0, 1
1.216783375000000, 1, 1, 1, 1, 0, 1, 0, 1
1.216783416666667, 0, 1, 1, 1, 0, 1, 0, 1
1.216783500000000, 1, 1, 1, 1, 0, 1, 0, 1
1.216783541666667, 0, 1, 1, 1, 0, 1, 0, 1
1.216783625000000, 1, 1, 1, 1, 0, 1, 0, 1
1.216783666666667, 0, 1, 1, 1, 0, 1, 0, 1
1.216783750000000, 1, 1, 1, 1, 0, 1, 0, 1
1.216783791666667, 0, 1, 1, 1, 0, 1, 0, 1
1.216783875000000, 1, 1, 1, 1, 0, 1, 0, 1
1.216783916666667, 0, 1, 1, 1, 0, 1, 0, 1
1.216784000000000, 1, 1, 1, 1, 0, 1, 0, 1
1.216784041666667, 0, 1, 1, 1, 0, 1, 0, 1
1.216784125000000, 1, 1, 1, 1, 0, 1, 0, 1
1.216784166666667, 0, 1, 1, 1, 1, 1, 0, 1
1.216785125000000, 0, 1, 1, 1, 0, 1, 0, 1
1.216785166666667, 1, 1, 1, 1, 0, 1, 0, 1
1.216785250000000, 0, 1, 1, 1, 0, 1, 0, 1
1.216785291666667, 1, 1, 1, 1, 0, 1, 0, 1
1.216785375000000, 0, 1, 1, 1, 0, 1, 0, 1
1.216785416666667, 1, 1, 1, 1, 0, 1, 0, 1
1.216785500000000, 0, 1, 1, 1, 1, 1, 0, 1
1.216785541666667, 1, 1, 1, 1, 1, 1, 0, 1
1.216785625000000, 0, 1, 1, 1, 1, 1, 0, 1
1.216785666666667, 1, 1, 1, 1, 1, 1, 0, 1
1.216785750000000, 0, 1, 1, 1, 1, 1, 0, 1
1.216785791666667, 1, 1, 1, 1, 1, 1, 0, 1
1.216785875000000, 0, 1, 1, 1, 1, 1, 0, 1
1.216785916666667, 1, 1, 1, 1, 1, 1, 0, 1
1.216786000000000, 0, 1, 1, 1, 1, 1, 0, 1
1.216786041666667, 1, 1, 1, 1, 1, 1, 0, 1
1.216786125000000, 0, 1, 1, 1, 1, 1, 0, 1
1.216787750000000, 0, 1, 1, 1, 0, 1, 0, 1
1.216787791666667, 1, 1, 1, 1, 0, 1, 0, 1
1.216787875000000, 0, 1, 1, 1, 0, 1, 0, 1
1.216787916666667, 1, 1, 1, 1, 0, 1, 0, 1
1.216788000000000, 0, 1, 1, 1, 0, 1, 0, 1
1.216788041666667, 1, 1, 1, 1, 0, 1, 0, 1
1.216788125000000, 0, 1, 1, 1, 0, 1, 0, 1
1.216788166666667, 1, 1, 1, 1, 0, 1, 0, 1
1.216788250000000, 0, 1, 1, 1, 0, 1, 0, 1
1.216788291666667, 1, 1, 1, 1, 0, 1, 0, 1
1.216788375000000, 0, 1, 1, 1, 0, 1, 0, 1
1.216788416666667, 1, 1, 1, 1, 0, 1, 0, 1
1.216788500000000, 0, 1, 1, 1, 0, 1, 0, 1
1.216788541666667, 1, 1, 1, 1, 0, 1, 0, 1
1.216788625000000, 0, 1, 1, 1, 0, 1, 0, 1
1.216788666666667, 1, 1, 1, 1, 0, 1, 0, 1
1.216788750000000, 0, 1, 1, 1, 1, 1, 0, 1
1.216789666666667, 0, 1, 1, 1, 0, 1, 0, 1
1.216789750000000, 1, 1, 1, 1, 0, 1, 0, 1
1.216789791666667, 0, 1, 1, 1, 0, 1, 0, 1
1.216789875000000, 1, 1, 1, 1, 0, 1, 0, 1
1.216789916666667, 0, 1, 1, 1, 0, 1, 0, 1
1.216790000000000, 1, 1, 1, 1, 0, 1, 0, 1
1.216790041666667, 0, 1, 1, 1, 1, 1, 0, 1
1.216790125000000, 1, 1, 1, 1, 1, 1, 0, 1
1.216790166666667, 0, 1, 1, 1, 1, 1, 0, 1
1.216790250000000, 1, 1, 1, 1, 1, 1, 0, 1
1.216790291666667, 0, 1, 1, 1, 1, 1, 0, 1
1.216790375000000, 1, 1, 1, 1, 1, 1, 0, 1
1.216790416666667, 0, 1, 1, 1, 1, 1, 0, 1
1.216790500000000, 1, 1, 1, 1, 1, 1, 0, 1
1.216790541666667, 0, 1, 1, 1, 1, 1, 0, 1
1.216790625000000, 1, 1, 1, 1, 1, 1, 0, 1
1.216790666666667, 0, 1, 1, 1, 1, 1, 0, 1
1.216792291666667, 0, 1, 1, 1, 0, 1, 0, 1
1.216792375000000, 1, 1, 1, 1, 0, 1, 0, 1
1.216792416666667, 0, 1, 1, 1, 0, 1, 0, 1
1.216792500000000, 1, 1, 1, 1, 0, 1, 0, 1
1.216792541666667, 0, 1, 1, 1, 0, 1, 0, 1
1.216792625000000, 1, 1, 1, 1, 0, 1, 0, 1
1.216792666666667, 0, 1, 1, 1, 0, 1, 0, 1
1.216792750000000, 1, 1, 1, 1, 0, 1, 0, 1
1.216792791666667, 0, 1, 1, 1, 0, 1, 0, 1
1.216792875000000, 1, 1, 1, 1, 0, 1, 0, 1
1.216792916666667, 0, 1, 1, 1, 0, 1, 0, 1
1.216793000000000, 1, 1, 1, 1, 0, 1, 0, 1
1.216793041666667, 0, 1, 1, 1, 0, 1, 0, 1
1.216793125000000, 1, 1, 1, 1, 0, 1, 0, 1
1.216793166666667, 0, 1, 1, 1, 0, 1, 0, 1
1.216793250000000, 1, 1, 1, 1, 0, 1, 0, 1
1.216793291666667, 0, 1, 1, 1, 1, 1, 0, 1
1.216794250000000, 0, 1, 1, 1, 0, 1, 0, 1
1.216794291666667, 1, 1, 1, 1, 0, 1, 0, 1
1.216794375000000, 0, 1, 1, 1, 0, 1, 0, 1
1.216794416666667, 1, 1, 1, 1, 0, 1, 0, 1
1.216794500000000, 0, 1, 1, 1, 0, 1, 0, 1
1.216794541666667, 1, 1, 1, 1, 0, 1, 0, 1
1.216794625000000, 0, 1, 1, 1, 1, 1, 0, 1
1.216794666666667, 1, 1, 1, 1, 1, 1, 0, 1
1.216794750000000, 0, 1, 1, 1, 1, 1, 0, 1
1.216794791666667, 1, 1, 1, 1, 1, 1, 0, 1
1.216794875000000, 0, 1, 1, 1, 1, 1, 0, 1
1.216794916666667, 1, 1, 1, 1, 1, 1, 0, 1
1.216795000000000, 0, 1, 1, 1, 1, 1, 0, 1
1.216795041666667, 1, 1, 1, 1, 1, 1, 0, 1
1.216795125000000, 0, 1, 1, 1, 1, 1, 0, 1
1.216795166666667, 1, 1, 1, 1, 1, 1, 0, 1
1.216795250000000, 0, 1, 1, 1, 1, 1, 0, 1
1.216796875000000, 0, 1, 1, 1, 0, 1, 0, 1
1.216796916666667, 1, 1, 1, 1, 0, 1, 0, 1
1.216797000000000, 0, 1, 1, 1, 0, 1, 0, 1
1.216797041666667, 1, 1, 1, 1, 0, 1, 0, 1
1.216797125000000, 0, 1, 1, 1, 0, 1, 0, 1
1.216797166666667, 1, 1, 1, 1, 0, 1, 0, 1
1.216797250000000, 0, 1, 1, 1, 0, 1, 0, 1
1.216797291666667, 1, 1, 1, 1, 0, 1, 0, 1
1.216797375000000, 0, 1, 1, 1, 0, 1, 0, 1
1.216797416666667, 1, 1, 1, 1, 0, 1, 0, 1
1.216797500000000, 0, 1, 1, 1, 0, 1, 0, 1
1.216797541666667, 1, 1, 1, 1, 0, 1, 0, 1
1.216797625000000, 0, 1, 1, 1, 0, 1, 0, 1
1.216797666666667, 1, 1, 1, 1, 0, 1, 0, 1
1.216797750000000, 0, 1, 1, 1, 0, 1, 0, 1
1.216797791666667, 1, 1, 1, 1, 0, 1, 0, 1
1.216797875000000, 0, 1, 1, 1, 1, 1, 0, 1
1.216798791666667, 0, 1, 1, 1, 0, 1, 0, 1
1.216798875000000, 1, 1, 1, 1, 0, 1, 0, 1
1.216798916666667, 0, 1, 1, 1, 0, 1, 0, 1
1.216799000000000, 1, 1, 1, 1, 0, 1, 0, 1
1.216799041666667, 0, 1, 1, 1, 0, 1, 0, 1
1.216799125000000, 1, 1, 1, 1, 0, 1, 0, 1
1.216799166666667, 0, 1, 1, 1, 1, 1, 0, 1
1.216799250000000, 1, 1, 1, 1, 1, 1, 0, 1
1.216799291666667, 0, 1, 1, 1, 1, 1, 0, 1
1.216799375000000, 1, 1, 1, 1, 1, 1, 0, 1
1.216799416666667, 0, 1, 1, 1, 1, 1, 0, 1
1.216799500000000, 1, 1, 1, 1, 1, 1, 0, 1
1.216799541666667, 0, 1, 1, 1, 1, 1, 0, 1
1.216799625000000, 1, 1, 1, 1, 1, 1, 0, 1
1.216799666666667, 0, 1, 1, 1, 1, 1, 0, 1
1.216799750000000, 1, 1, 1, 1, 1, 1, 0, 1
1.216799791666667, 0, 1, 1, 1, 1, 1, 0, 1
1.216801416666667, 0, 1, 1, 1, 0, 1, 0, 1
1.216801500000000, 1, 1, 1, 1, 0, 1, 0, 1
1.216801541666667, 0, 1, 1, 1, 0, 1, 0, 1
1.216801625000000, 1, 1, 1, 1, 0, 1, 0, 1
1.216801666666667, 0, 1, 1, 1, 0, 1, 0, 1
1.216801750000000, 1, 1, 1, 1, 0, 1, 0, 1
1.216801791666667, 0, 1, 1, 1, 0, 1, 0, 1
1.216801875000000, 1, 1, 1, 1, 0, 1, 0, 1
1.216801916666667, 0, 1, 1, 1, 0, 1, 0, 1
1.216802000000000, 1, 1, 1, 1, 0, 1, 0, 1
1.216802041666667, 0, 1, 1, 1, 0, 1, 0, 1
1.216802125000000, 1, 1, 1, 1, 0, 1, 0, 1
1.216802166666667, 0, 1, 1, 1, 0, 1, 0, 1
1.216802250000000, 1, 1, 1, 1, 0, 1, 0, 1
1.216802291666667, 0, 1, 1, 1, 0, 1, 0, 1
1.216802375000000, 1, 1, 1, 1, 0, 1, 0, 1
1.216802416666667, 0, 1, 1, 1, 1, 1, 0, 1
1.216803375000000, 0, 1, 1, 1, 0, 1, 0, 1
1.216803416666667, 1, 1, 1, 1, 0, 1, 0, 1
1.216803500000000, 0, 1, 1, 1, 0, 1, 0, 1
1.216803541666667, 1, 1, 1, 1, 0, 1, 0, 1
1.216803625000000, 0, 1, 1, 1, 0, 1, 0, 1
1.216803666666667, 1, 1, 1, 1, 0, 1, 0, 1
1.216803750000000, 0, 1, 1, 1, 1, 1, 0, 1
1.216803791666667, 1, 1, 1, 1, 1, 1, 0, 1
1.216803875000000, 0, 1, 1, 1, 1, 1, 0, 1
1.216803916666667, 1, 1, 1, 1, 1, 1, 0, 1
1.216804000000000, 0, 1, 1, 1, 1, 1, 0, 1
1.216804041666667, 1, 1, 1, 1, 1, 1, 0, 1
1.216804125000000, 0, 1, 1, 1, 1, 1, 0, 1
1.216804166666667, 1, 1, 1, 1, 1, 1, 0, 1
1.216804250000000, 0, 1, 1, 1, 1, 1, 0, 1
1.216804291666667, 1, 1, 1, 1, 1, 1, 0, 1
1.216804375000000, 0, 1, 1, 1, 1, 1, 0, 1
1.216806000000000, 0, 1, 1, 1, 0, 1, 0, 1
1.216806041666667, 1, 1, 1, 1, 0, 1, 0, 1
1.216806125000000, 0, 1, 1, 1, 0, 1, 0, 1
1.216806166666667, 1, 1, 1, 1, 0, 1, 0, 1
1.216806250000000, 0, 1, 1, 1, 0, 1, 0, 1
1.216806291666667, 1, 1, 1, 1, 0, 1, 0, 1
1.216806375000000, 0, 1, 1, 1, 0, 1, 0, 1
1.216806416666667, 1, 1, 1, 1, 0, 1, 0, 1
1.216806500000000, 0, 1, 1, 1, 0, 1, 0, 1
1.216806541666667, 1, 1, 1, 1, 0, 1, 0, 1
1.216806625000000, 0, 1, 1, 1, 0, 1, 0, 1
1.216806666666667, 1, 1, 1, 1, 0, 1, 0, 1
1.216806750000000, 0, 1, 1, 1, 0, 1, 0, 1
1.216806791666667, 1, 1, 1, 1, 0, 1, 0, 1
1.216806875000000, 0, 1, 1, 1, 0, 1, 0, 1
1.216806916666667, 1, 1, 1, 1, 0, 1, 0, 1
1.216807000000000, 0, 1, 1, 1, 1, 1, 0, 1
1.216807916666667, 0, 1, 1, 1, 0, 1, 0, 1
1.216808000000000, 1, 1, 1, 1, 0, 1, 0, 1
1.216808041666667, 0, 1, 1, 1, 0, 1, 0, 1
1.216808125000000, 1, 1, 1, 1, 0, 1, 0, 1
1.216808166666667, 0, 1, 1, 1, 0, 1, 0, 1
1.216808250000000, 1, 1, 1, 1, 0, 1, 0, 1
1.216808291666667, 0, 1, 1, 1, 1, 1, 0, 1
1.216808375000000, 1, 1, 1, 1, 1, 1, 0, 1
1.216808416666667, 0, 1, 1, 1, 1, 1, 0, 1
1.216808500000000, 1, 1, 1, 1, 1, 1, 0, 1
1.216808541666667, 0, 1, 1, 1, 1, 1, 0, 1
1.216808625000000, 1, 1, 1, 1, 1, 1, 0, 1
1.216808666666667, 0, 1, 1, 1, 1, 1, 0, 1
1.216808750000000, 1, 1, 1, 1, 1, 1, 0, 1
1.216808791666667, 0, 1, 1, 1, 1, 1, 0, 1
1.216808875000000, 1, 1, 1, 1, 1, 1, 0, 1
1.216808916666667, 0, 1, 1, 1, 1, 1, 0, 1
1.216810541666667, 0, 1, 1, 1, 0, 1, 0, 1
1.216810625000000, 1, 1, 1, 1, 0, 1, 0, 1
1.216810666666667, 0, 1, 1, 1, 0, 1, 0, 1
1.216810750000000, 1, 1, 1, 1, 0, 1, 0, 1
1.216810791666667, 0, 1, 1, 1, 0, 1, 0, 1
1.216810875000000, 1, 1, 1, 1, 0, 1, 0, 1
1.216810916666667, 0, 1, 1, 1, 0, 1, 0, 1
1.216811000000000, 1, 1, 1, 1, 0, 1, 0, 1
1.216811041666667, 0, 1, 1, 1, 0, 1, 0, 1
1.216811125000000, 1, 1, 1, 1, 0, 1, 0, 1
1.216811166666667, 0, 1, 1, 1, 0, 1, 0, 1
1.216811250000000, 1, 1, 1, 1, 0, 1, 0, 1
1.216811291666667, 0, 1, 1, 1, 0, 1, 0, 1
1.216811375000000, 1, 1, 1, 1, 0, 1, 0, 1
1.216811416666667, 0, 1, 1, 1, 0, 1, 0, 1
1.216811500000000, 1, 1, 1, 1, 0, 1, 0, 1
1.216811541666667, 0, 1, 1, 1, 1, 1, 0, 1
1.216812500000000, 0, 1, 1, 1, 0, 1, 0, 1
1.216812541666667, 1, 1, 1, 1, 0, 1, 0, 1
1.216812625000000, 0, 1, 1, 1, 0, 1, 0, 1
1.216812666666667, 1, 1, 1, 1, 0, 1, 0, 1
1.216812750000000, 0, 1, 1, 1, 0, 1, 0, 1
1.216812791666667, 1, 1, 1, 1, 0, 1, 0, 1
1.216812875000000, 0, 1, 1, 1, 1, 1, 0, 1
1.216812916666667, 1, 1, 1, 1, 1, 1, 0, 1
1.216813000000000, 0, 1, 1, 1, 1, 1, 0, 1
1.216813041666667, 1, 1, 1, 1, 1, 1, 0, 1
1.216813125000000, 0, 1, 1, 1, 1, 1, 0, 1
1.216813166666667, 1, 1, 1, 1, 1, 1, 0, 1
1.216813250000000, 0, 1, 1, 1, 1, 1, 0, 1
1.216813291666667, 1, 1, 1, 1, 1, 1, 0, 1
1.216813375000000, 0, 1, 1, 1, 1, 1, 0, 1
1.216813416666667, 1, 1, 1, 1, 1, 1, 0, 1
1.216813500000000, 0, 1, 1, 1, 1, 1, 0, 1
1.216815125000000, 0, 1, 1, 1, 0, 1, 0, 1
1.216815166666667, 1, 1, 1, 1, 0, 1, 0, 1
1.216815250000000, 0, 1, 1, 1, 0, 1, 0, 1
1.216815291666667, 1, 1, 1, 1, 0, 1, 0, 1
1.216815375000000, 0, 1, 1, 1, 0, 1, 0, 1
1.216815416666667, 1, 1, 1, 1, 0, 1, 0, 1
1.216815500000000, 0, 1, 1, 1, 0, 1, 0, 1
1.216815541666667, 1, 1, 1, 1, 0, 1, 0, 1
1.216815625000000, 0, 1, 1, 1, 0, 1, 0, 1
1.216815666666667, 1, 1, 1, 1, 0, 1, 0, 1
1.216815750000000, 0, 1, 1, 1, 0, 1, 0, 1
1.216815791666667, 1, 1, 1, 1, 0, 1, 0, 1
1.216815875000000, 0, 1, 1, 1, 0, 1, 0, 1
1.216815916666667, 1, 1, 1, 1, 0, 1, 0, 1
1.216816000000000, 0, 1, 1, 1, 0, 1, 0, 1
1.216816041666667, 1, 1, 1, 1, 0, 1, 0, 1
1.216816125000000, 0, 1, 1, 1, 1, 1, 0, 1
1.216817041666667, 0, 1, 1, 1, 0, 1, 0, 1
1.216817125000000, 1, 1, 1, 1, 0, 1, 0, 1
1.216817166666667, 0, 1, 1, 1, 0, 1, 0, 1
1.216817250000000, 1, 1, 1, 1, 0, 1, 0, 1
1.216817291666667, 0, 1, 1, 1, 0, 1, 0, 1
1.216817375000000, 1, 1, 1, 1, 0, 1, 0, 1
1.216817416666667, 0, 1, 1, 1, 1, 1, 0, 1
1.216817500000000, 1, 1, 1, 1, 1, 1, 0, 1
1.216817541666667, 0, 1, 1, 1, 1, 1, 0, 1
1.216817625000000, 1, 1, 1, 1, 1, 1, 0, 1
1.216817666666667, 0, 1, 1, 1, 1, 1, 0, 1
1.216817750000000, 1, 1, 1, 1, 1, 1, 0, 1
1.216817791666667, 0, 1, 1, 1, 1, 1, 0, 1
1.216817875000000, 1, 1, 1, 1, 1, 1, 0, 1
1.216817916666667, 0, 1, 1, 1, 1, 1, 0, 1
1.216818000000000, 1, 1, 1, 1, 1, 1, 0, 1
1.216818041666667, 0, 1, 1, 1, 1, 1, 0, 1
1.216819666666667, 0, 1, 1, 1, 0, 1, 0, 1
1.216819750000000, 1, 1, 1, 1, 0, 1, 0, 1
1.216819791666667, 0, 1, 1, 1, 0, 1, 0, 1
1.216819875000000, 1, 1, 1, 1, 0, 1, 0, 1
1.216819916666667, 0, 1, 1, 1, 0, 1, 0, 1
1.216820000000000, 1, 1, 1, 1, 0, 1, 0, 1
1.216820041666667, 0, 1, 1, 1, 0, 1, 0, 1
1.216820125000000, 1, 1, 1, 1, 0, 1, 0, 1
1.216820166666667, 0, 1, 1, 1, 0, 1, 0, 1
1.216820250000000, 1, 1, 1, 1, 0, 1, 0, 1
1.216820291666667, 0, 1, 1, 1, 0, 1, 0, 1
1.216820375000000, 1, 1, 1, 1, 0, 1, 0, 1
1.216820416666667, 0, 1, 1, 1, 0, 1, 0, 1
1.216820500000000, 1, 1, 1, 1, 0, 1, 0, 1
1.216820541666667, 0, 1, 1, 1, 0, 1, 0, 1
1.216820625000000, 1, 1, 1, 1, 0, 1, 0, 1
1.216820666666667, 0, 1, 1, 1, 1, 1, 0, 1
1.216821625000000, 0, 1, 1, 1, 0, 1, 0, 1
1.216821666666667, 1, 1, 1, 1, 0, 1, 0, 1
1.216821750000000, 0, 1, 1, 1, 0, 1, 0, 1
1.216821791666667, 1, 1, 1, 1, 0, 1, 0, 1
1.216821875000000, 0, 1, 1, 1, 0, 1, 0, 1
1.216821916666667, 1, 1, 1, 1, 0, 1, 0, 1
1.216822000000000, 0, 1, 1, 1, 1, 1, 0, 1
1.216822041666667, 1, 1, 1, 1, 1, 1, 0, 1
1.216822125000000, 0, 1, 1, 1, 1, 1, 0, 1
1.216822166666667, 1, 1, 1, 1, 1, 1, 0, 1
1.216822250000000, 0, 1, 1, 1, 1, 1, 0, 1
1.216822291666667, 1, 1, 1, 1, 1, 1, 0, 1
1.216822375000000, 0, 1, 1, 1, 1, 1, 0, 1
1.216822416666667, 1, 1, 1, 1, 1, 1, 0, 1
1.216822500000000, 0, 1, 1, 1, 1, 1, 0, 1
1.216822541666667, 1, 1, 1, 1, 1, 1, 0, 1
1.216822625000000, 0, 1, 1, 1, 1, 1, 0, 1
1.216824250000000, 0, 1, 1, 1, 0, 1, 0, 1
1.216824291666667, 1, 1, 1, 1, 0, 1, 0, 1
1.216824375000000, 0, 1, 1, 1, 0, 1, 0, 1
1.216824416666667, 1, 1, 1, 1, 0, 1, 0, 1
1.216824500000000, 0, 1, 1, 1, 0, 1, 0, 1
1.216824541666667, 1, 1, 1, 1, 0, 1, 0, 1
1.216824625000000, 0, 1, 1, 1, 0, 1, 0, 1
1.216824666666667, 1, 1, 1, 1, 0, 1, 0, 1
1.216824750000000, 0, 1, 1, 1, 0, 1, 0, 1
1.216824791666667, 1, 1, 1, 1, 0, 1, 0, 1
1.216824875000000, 0, 1, 1, 1, 0, 1, 0, 1
1.216824916666667, 1, 1, 1, 1, 0, 1, 0, 1
1.216825000000000, 0, 1, 1, 1, 0, 1, 0, 1
1.216825041666667, 1, 1, 1, 1, 0, 1, 0, 1
1.216825125000000, 0, 1, 1, 1, 0, 1, 0, 1
1.216825166666667, 1, 1, 1, 1, 0, 1, 0, 1
1.216825250000000, 0, 1, 1, 1, 1, 1, 0, 1
1.216826166666667, 0, 1, 1, 1, 0, 1, 0, 1
1.216826250000000, 1, 1, 1, 1, 0, 1, 0, 1
1.216826291666667, 0, 1, 1, 1, 0, 1, 0, 1
1.216826375000000, 1, 1, 1, 1, 0, 1, 0, 1
1.216826416666667, 0, 1, 1, 1, 0, 1, 0, 1
1.216826500000000, 1, 1, 1, 1, 0, 1, 0, 1
1.216826541666667, 0, 1, 1, 1, 1, 1, 0, 1
1.216826625000000, 1, 1, 1, 1, 1, 1, 0, 1
1.216826666666667, 0, 1, 1, 1, 1, 1, 0, 1
1.216826750000000, 1, 1, 1, 1, 1, 1, 0, 1
1.216826791666667, 0, 1, 1, 1, 1, 1, 0, 1
1.216826875000000, 1, 1, 1, 1, 1, 1, 0, 1
1.216826916666667, 0, 1, 1, 1, 1, 1, 0, 1
1.216827000000000, 1, 1, 1, 1, 1, 1, 0, 1
1.216827041666667, 0, 1, 1, 1, 1, 1, 0, 1
1.216827125000000, 1, 1, 1, 1, 1, 1, 0, 1
1.216827166666667, 0, 1, 1, 1, 1, 1, 0, 1
1.216828791666667, 0, 1, 1, 1, 0, 1, 0, 1
1.216828875000000, 1, 1, 1, 1, 0, 1, 0, 1
1.216828916666667, 0, 1, 1, 1, 0, 1, 0, 1
1.216829000000000, 1, 1, 1, 1, 0, 1, 0, 1
1.216829041666667, 0, 1, 1, 1, 0, 1, 0, 1
1.216829125000000, 1, 1, 1, 1, 0, 1, 0, 1
1.216829166666667, 0, 1, 1, 1, 0, 1, 0, 1
1.216829250000000, 1, 1, 1, 1, 0, 1, 0, 1
1.216829291666667, 0, 1, 1, 1, 0, 1, 0, 1
1.216829375000000, 1, 1, 1, 1, 0, 1, 0, 1
1.216829416666667, 0, 1, 1, 1, 0, 1, 0, 1
1.216829500000000, 1, 1, 1, 1, 0, 1, 0, 1
1.216829541666667, 0, 1, 1, 1, 0, 1, 0, 1
1.216829625000000, 1, 1, 1, 1, 0, 1, 0, 1
1.216829666666667, 0, 1, 1, 1, 0, 1, 0, 1
1.216829750000000, 1, 1, 1, 1, 0, 1, 0, 1
1.216829791666667, 0, 1, 1, 1, 1, 1, 0, 1
1.216830750000000, 0, 1, 1, 1, 0, 1, 0, 1
1.216830791666667, 1, 1, 1, 1, 0, 1, 0, 1
1.216830875000000, 0, 1, 1, 1, 0, 1, 0, 1
1.216830916666667, 1, 1, 1, 1, 0, 1, 0, 1
1.216831000000000, 0, 1, 1, 1, 0, 1, 0, 1
1.216831041666667, 1, 1, 1, 1, 0, 1, 0, 1
1.216831125000000, 0, 1, 1, 1, 1, 1, 0, 1
1.216831166666667, 1, 1, 1, 1, 1, 1, 0, 1
1.216831250000000, 0, 1, 1, 1, 1, 1, 0, 1
1.216831291666667, 1, 1, 1, 1, 1, 1, 0, 1
1.216831375000000, 0, 1, 1, 1, 1, 1, 0, 1
1.216831416666667, 1, 1, 1, 1, 1, 1, 0, 1
1.216831500000000, 0, 1, 1, 1, 1, 1, 0, 1
1.216831541666667, 1, 1, 1, 1, 1, 1, 0, 1
1.216831625000000, 0, 1, 1, 1, 1, 1, 0, 1
1.216831666666667, 1, 1, 1, 1, 1, 1, 0, 1
1.216831750000000, 0, 1, 1, 1, 1, 1, 0, 1
1.216833375000000, 0, 1, 1, 1, 0, 1, 0, 1
1.216833416666667, 1, 1, 1, 1, 0, 1, 0, 1
1.216833500000000, 0, 1, 1, 1, 0, 1, 0, 1
1.216833541666667, 1, 1, 1, 1, 0, 1, 0, 1
1.216833625000000, 0, 1, 1, 1, 0, 1, 0, 1
1.216833666666667, 1, 1, 1, 1, 0, 1, 0, 1
1.216833750000000, 0, 1, 1, 1, 0, 1, 0, 1
1.216833791666667, 1, 1, 1, 1, 0, 1, 0, 1
1.216833875000000, 0, 1, 1, 1, 0, 1, 0, 1
1.216833916666667, 1, 1, 1, 1, 0, 1, 0, 1
1.216834000000000, 0, 1, 1, 1, 0, 1, 0, 1
1.216834041666667, 1, 1, 1, 1, 0, 1, 0, 1
1.216834125000000, 0, 1, 1, 1, 0, 1, 0, 1
1.216834166666667, 1, 1, 1, 1, 0, 1, 0, 1
1.216834250000000, 0, 1, 1, 1, 0, 1, 0, 1
1.216834291666667, 1, 1, 1, 1, 0, 1, 0, 1
1.216834375000000, 0, 1, 1, 1, 1, 1, 0, 1
1.216835291666667, 0, 1, 1, 1, 0, 1, 0, 1
1.216835375000000, 1, 1, 1, 1, 0, 1, 0, 1
1.216835416666667, 0, 1, 1, 1, 0, 1, 0, 1
1.216835500000000, 1, 1, 1, 1, 0, 1, 0, 1
1.216835541666667, 0, 1, 1, 1, 0, 1, 0, 1
1.216835625000000, 1, 1, 1, 1, 0, 1, 0, 1
1.216835666666667, 0, 1, 1, 1, 1, 1, 0, 1
1.216835750000000, 1, 1, 1, 1, 1, 1, 0, 1
1.216835791666667, 0, 1, 1, 1, 1, 1, 0, 1
1.216835875000000, 1, 1, 1, 1, 1, 1, 0, 1
1.216835916666667, 0, 1, 1, 1, 1, 1, 0, 1
1.216836000000000, 1, 1, 1, 1, 1, 1, 0, 1
1.216836041666667, 0, 1, 1, 1, 1, 1, 0, 1
1.216836125000000, 1, 1, 1, 1, 1, 1, 0, 1
1.216836166666667, 0, 1, 1, 1, 1, 1, 0, 1
1.216836250000000, 1, 1, 1, 1, 1, 1, 0, 1
1.216836291666667, 0, 1, 1, 1, 1, 1, 0, 1
1.216837916666667, 0, 1, 1, 1, 0, 1, 0, 1
1.216838000000000, 1, 1, 1, 1, 0, 1, 0, 1
1.216838041666667, 0, 1, 1, 1, 0, 1, 0, 1
1.216838125000000, 1, 1, 1, 1, 0, 1, 0, 1
1.216838166666667, 0, 1, 1, 1, 0, 1, 0, 1
1.216838250000000, 1, 1, 1, 1, 0, 1, 0, 1
1.216838291666667, 0, 1, 1, 1, 0, 1, 0, 1
1.216838375000000, 1, 1, 1, 1, 0, 1, 0, 1
1.216838416666667, 0, 1, 1, 1, 0, 1, 0, 1
1.216838500000000, 1, 1, 1, 1, 0, 1, 0, 1
1.216838541666667, 0, 1, 1, 1, 0, 1, 0, 1
1.216838625000000, 1, 1, 1, 1, 0, 1, 0, 1
1.216838666666667, 0, 1, 1, 1, 0, 1, 0, 1
1.216838750000000, 1, 1, 1, 1, 0, 1, 0, 1
1.216838791666667, 0, 1, 1, 1, 0, 1, 0, 1
1.216838875000000, 1, 1, 1, 1, 0, 1, 0, 1
1.216838916666667, 0, 1, 1, 1, 1, 1, 0, 1
1.216839875000000, 0, 1, 1, 1, 0, 1, 0, 1
1.216839916666667, 1, 1, 1, 1, 0, 1, 0, 1
1.216840000000000, 0, 1, 1, 1, 0, 1, 0, 1
1.216840041666667, 1, 1, 1, 1, 0, 1, 0, 1
1.216840125000000, 0, 1, 1, 1, 0, 1, 0, 1
1.216840166666667, 1, 1, 1, 1, 0, 1, 0, 1
1.216840250000000, 0, 1, 1, 1, 1, 1, 0, 1
1.216840291666667, 1, 1, 1, 1, 1, 1, 0, 1
1.216840375000000, 0, 1, 1, 1, 1, 1, 0, 1
1.216840416666667, 1, 1, 1, 1, 1, 1, 0, 1
1.216840500000000, 0, 1, 1, 1, 1, 1, 0, 1
1.216840541666667, 1, 1, 1, 1, 1, 1, 0, 1
1.216840625000000, 0, 1, 1, 1, 1, 1, 0, 1
1.216840666666667, 1, 1, 1, 1, 1, 1, 0, 1
1.216840750000000, 0, 1, 1, 1, 1, 1, 0, 1
1.216840791666667, 1, 1, 1, 1, 1, 1, 0, 1
1.216840875000000, 0, 1, 1, 1, 1, 1, 0, 1
1.216842500000000, 0, 1, 1, 1, 0, 1, 0, 1
1.216842541666667, 1, 1, 1, 1, 0, 1, 0, 1
1.216842625000000, 0, 1, 1, 1, 0, 1, 0, 1
1.216842666666667, 1, 1, 1, 1, 0, 1, 0, 1
1.216842750000000, 0, 1, 1, 1, 0, 1, 0, 1
1.216842791666667, 1, 1, 1, 1, 0, 1, 0, 1
1.216842875000000, 0, 1, 1, 1, 0, 1, 0, 1
1.216842916666667, 1, 1, 1, 1, 0, 1, 0, 1
1.216843000000000, 0, 1, 1, 1, 0, 1, 0, 1
1.216843041666667, 1, 1, 1, 1, 0, 1, 0, 1
1.216843125000000, 0, 1, 1, 1, 0, 1, 0, 1
1.216843166666667, 1, 1, 1, 1, 0, 1, 0, 1
1.216843250000000, 0, 1, 1, 1, 0, 1, 0, 1
1.216843291666667, 1, 1, 1, 1, 0, 1, 0, 1
1.216843375000000, 0, 1, 1, 1, 0, 1, 0, 1
1.216843416666667, 1, 1, 1, 1, 0, 1, 0, 1
1.216843500000000, 0, 1, 1, 1, 1, 1, 0, 1
1.216844416666667, 0, 1, 1, 1, 0, 1, 0, 1
1.216844500000000, 1, 1, 1, 1, 0, 1, 0, 1
1.216844541666667, 0, 1, 1, 1, 0, 1, 0, 1
1.216844625000000, 1, 1, 1, 1, 0, 1, 0, 1
1.216844666666667, 0, 1, 1, 1, 0, 1, 0, 1
1.216844750000000, 1, 1, 1, 1, 0, 1, 0, 1
1.216844791666667, 0, 1, 1, 1, 1, 1, 0, 1
1.216844875000000, 1, 1, 1, 1, 1, 1, 0, 1
1.216844916666667, 0, 1, 1, 1, 1, 1, 0, 1
1.216845000000000, 1, 1, 1, 1, 1, 1, 0, 1
1.216845041666667, 0, 1, 1, 1, 1, 1, 0, 1
1.216845125000000, 1, 1, 1, 1, 1, 1, 0, 1
1.216845166666667, 0, 1, 1, 1, 1, 1, 0, 1
1.216845250000000, 1, 1, 1, 1, 1, 1, 0, 1
1.216845291666667, 0, 1, 1, 1, 1, 1, 0, 1
1.216845375000000, 1, 1, 1, 1, 1, 1, 0, 1
1.216845416666667, 0, 1, 1, 1, 1, 1, 0, 1
1.216847041666667, 0, 1, 1, 1, 0, 1, 0, 1
1.216847125000000, 1, 1, 1, 1, 0, 1, 0, 1
1.216847166666667, 0, 1, 1, 1, 0, 1, 0, 1
1.216847250000000, 1, 1, 1, 1, 0, 1, 0, 1
1.216847291666667, 0, 1, 1, 1, 0, 1, 0, 1
1.216847375000000, 1, 1, 1, 1, 0, 1, 0, 1
1.216847416666667, 0, 1, 1, 1, 0, 1, 0, 1
1.216847500000000, 1, 1, 1, 1, 0, 1, 0, 1
1.216847541666667, 0, 1, 1, 1, 0, 1, 0, 1
1.216847625000000, 1, 1, 1, 1, 0, 1, 0, 1
1.216847666666667, 0, 1, 1, 1, 0, 1, 0, 1
1.216847750000000, 1, 1, 1, 1, 0, 1, 0, 1
1.216847791666667, 0, 1, 1, 1, 0, 1, 0, 1
1.216847875000000, 1, 1, 1, 1, 0, 1, 0, 1
1.216847916666667, 0, 1, 1, 1, 0, 1, 0, 1
1.216848000000000, 1, 1, 1, 1, 0, 1, 0, 1
1.216848041666667, 0, 1, 1, 1, 1, 1, 0, 1
1.216849000000000, 0, 1, 1, 1, 0, 1, 0, 1
1.216849041666667, 1, 1, 1, 1, 0, 1, 0, 1
1.216849125000000, 0, 1, 1, 1, 0, 1, 0, 1
1.216849166666667, 1, 1, 1, 1, 0, 1, 0, 1
1.216849250000000, 0, 1, 1, 1, 0, 1, 0, 1
1.216849291666667, 1, 1, 1, 1, 0, 1, 0, 1
1.216849375000000, 0, 1, 1, 1, 1, 1, 0, 1
1.216849416666667, 1, 1, 1, 1, 1, 1, 0, 1
1.216849500000000, 0, 1, 1, 1, 1, 1, 0, 1
1.216849541666667, 1, 1, 1, 1, 1, 1, 0, 1
1.216849625000000, 0, 1, 1, 1, 1, 1, 0, 1
1.216849666666667, 1, 1, 1, 1, 1, 1, 0, 1
1.216849750000000, 0, 1, 1, 1, 1, 1, 0, 1
1.216849791666667, 1, 1, 1, 1, 1, 1, 0, 1
1.216849875000000, 0, 1, 1, 1, 1, 1, 0, 1
1.216849916666667, 1, 1, 1, 1, 1, 1, 0, 1
1.216850000000000, 0, 1, 1, 1, 1, 1, 0, 1
1.216851625000000, 0, 1, 1, 1, 0, 1, 0, 1
1.216851666666667, 1, 1, 1, 1, 0, 1, 0, 1
1.216851750000000, 0, 1, 1, 1, 0, 1, 0, 1
1.216851791666667, 1, 1, 1, 1, 0, 1, 0, 1
1.216851875000000, 0, 1, 1, 1, 0, 1, 0, 1
1.216851916666667, 1, 1, 1, 1, 0, 1, 0, 1
1.216852000000000, 0, 1, 1, 1, 0, 1, 0, 1
1.216852041666667, 1, 1, 1, 1, 0, 1, 0, 1
1.216852125000000, 0, 1, 1, 1, 0, 1, 0, 1
1.216852166666667, 1, 1, 1, 1, 0, 1, 0, 1
1.216852250000000, 0, 1, 1, 1, 0, 1, 0, 1
1.216852291666667, 1, 1, 1, 1, 0, 1, 0, 1
1.216852375000000, 0, 1, 1, 1, 0, 1, 0, 1
1.216852416666667, 1, 1, 1, 1, 0, 1, 0, 1
1.216852500000000, 0, 1, 1, 1, 0, 1, 0, 1
1.216852541666667, 1, 1, 1, 1, 0, 1, 0, 1
1.216852625000000, 0, 1, 1, 1, 1, 1, 0, 1
1.216853541666667, 0, 1, 1, 1, 0, 1, 0, 1
1.216853625000000, 1, 1, 1, 1, 0, 1, 0, 1
1.216853666666667, 0, 1, 1, 1, 0, 1, 0, 1
1.216853750000000, 1, 1, 1, 1, 0, 1, 0, 1
1.216853791666667, 0, 1, 1, 1, 0, 1, 0, 1
1.216853875000000, 1, 1, 1, 1, 0, 1, 0, 1
1.216853916666667, 0, 1, 1, 1, 1, 1, 0, 1
1.216854000000000, 1, 1, 1, 1, 1, 1, 0, 1
1.216854041666667, 0, 1, 1, 1, 1, 1, 0, 1
1.216854125000000, 1, 1, 1, 1, 1, 1, 0, 1
1.216854166666667, 0, 1, 1, 1, 1, 1, 0, 1
1.216854250000000, 1, 1, 1, 1, 1, 1, 0, 1
1.216854291666667, 0, 1, 1, 1, 1, 1, 0, 1
1.216854375000000, 1, 1, 1, 1, 1, 1, 0, 1
1.216854416666667, 0, 1, 1, 1, 1, 1, 0, 1
1.216854500000000, 1, 1, 1, 1, 1, 1, 0, 1
1.216854541666667, 0, 1, 1, 1, 1, 1, 0, 1
1.216856166666667, 0, 1, 1, 1, 0, 1, 0, 1
1.216856250000000, 1, 1, 1, 1, 0, 1, 0, 1
1.216856291666667, 0, 1, 1, 1, 0, 1, 0, 1
1.216856375000000, 1, 1, 1, 1, 0, 1, 0, 1
1.216856416666667, 0, 1, 1, 1, 0, 1, 0, 1
1.216856500000000, 1, 1, 1, 1, 0, 1, 0, 1
1.216856541666667, 0, 1, 1, 1, 0, 1, 0, 1
1.216856625000000, 1, 1, 1, 1, 0, 1, 0, 1
1.216856666666667, 0, 1, 1, 1, 0, 1, 0, 1
1.216856750000000, 1, 1, 1, 1, 0, 1, 0, 1
1.216856791666667, 0, 1, 1, 1, 0, 1, 0, 1
1.216856875000000, 1, 1, 1, 1, 0, 1, 0, 1
1.216856916666667, 0, 1, 1, 1, 0, 1, 0, 1
1.216857000000000, 1, 1, 1, 1, 0, 1, 0, 1
1.216857041666667, 0, 1, 1, 1, 0, 1, 0, 1
1.216857125000000, 1, 1, 1, 1, 0, 1, 0, 1
1.216857166666667, 0, 1, 1, 1, 1, 1, 0, 1
1.216858125000000, 0, 1, 1, 1, 0, 1, 0, 1
1.216858166666667, 1, 1, 1, 1, 0, 1, 0, 1
1.216858250000000, 0, 1, 1, 1, 0, 1, 0, 1
1.216858291666667, 1, 1, 1, 1, 0, 1, 0, 1
1.216858375000000, 0, 1, 1, 1, 0, 1, 0, 1
1.216858416666667, 1, 1, 1, 1, 0, 1, 0, 1
1.216858500000000, 0, 1, 1, 1, 1, 1, 0, 1
1.216858541666667, 1, 1, 1, 1, 1, 1, 0, 1
1.216858625000000, 0, 1, 1, 1, 1, 1, 0, 1
1.216858666666667, 1, 1, 1, 1, 1, 1, 0, 1
1.216858750000000, 0, 1, 1, 1, 1, 1, 0, 1
1.216858791666667, 1, 1, 1, 1, 1, 1, 0, 1
1.216858875000000, 0, 1, 1, 1, 1, 1, 0, 1
1.216858916666667, 1, 1, 1, 1, 1, 1, 0, 1
1.216859000000000, 0, 1, 1, 1, 1, 1, 0, 1
1.216859041666667, 1, 1, 1, 1, 1, 1, 0, 1
1.216859125000000, 0, 1, 1, 1, 1, 1, 0, 1
1.216860750000000, 0, 1, 1, 1, 0, 1, 0, 1
1.216860791666667, 1, 1, 1, 1, 0, 1, 0, 1
1.216860875000000, 0, 1, 1, 1, 0, 1, 0, 1
1.216860916666667, 1, 1, 1, 1, 0, 1, 0, 1
1.216861000000000, 0, 1, 1, 1, 0, 1, 0, 1
1.216861041666667, 1, 1, 1, 1, 0, 1, 0, 1
1.216861125000000, 0, 1, 1, 1, 0, 1, 0, 1
1.216861166666667, 1, 1, 1, 1, 0, 1, 0, 1
1.216861250000000, 0, 1, 1, 1, 0, 1, 0, 1
1.216861291666667, 1, 1, 1, 1, 0, 1, 0, 1
1.216861375000000, 0, 1, 1, 1, 0, 1, 0, 1
1.216861416666667, 1, 1, 1, 1, 0, 1, 0, 1
1.216861500000000, 0, 1, 1, 1, 0, 1, 0, 1
1.216861541666667, 1, 1, 1, 1, 0, 1, 0, 1
1.216861625000000, 0, 1, 1, 1, 0, 1, 0, 1
1.216861666666667, 1, 1, 1, 1, 0, 1, 0, 1
1.216861750000000, 0, 1, 1, 1, 1, 1, 0, 1
1.216862666666667, 0, 1, 1, 1, 0, 1, 0, 1
1.216862750000000, 1, 1, 1, 1, 0, 1, 0, 1
1.216862791666667, 0, 1, 1, 1, 0, 1, 0, 1
1.216862875000000, 1, 1, 1, 1, 0, 1, 0, 1
1.216862916666667, 0, 1, 1, 1, 0, 1, 0, 1
1.216863000000000, 1, 1, 1, 1, 0, 1, 0, 1
1.216863041666667, 0, 1, 1, 1, 1, 1, 0, 1
1.216863125000000, 1, 1, 1, 1, 1, 1, 0, 1
1.216863166666667, 0, 1, 1, 1, 1, 1, 0, 1
1.216863250000000, 1, 1, 1, 1, 1, 1, 0, 1
1.216863291666667, 0, 1, 1, 1, 1, 1, 0, 1
1.216863375000000, 1, 1, 1, 1, 1, 1, 0, 1
1.216863416666667, 0, 1, 1, 1, 1, 1, 0, 1
1.216863500000000, 1, 1, 1, 1, 1, 1, 0, 1
1.216863541666667, 0, 1, 1, 1, 1, 1, 0, 1
1.216863625000000, 1, 1, 1, 1, 1, 1, 0, 1
1.216863666666667, 0, 1, 1, 1, 1, 1, 0, 1
1.216865291666667, 0, 1, 1, 1, 0, 1, 0, 1
1.216865375000000, 1, 1, 1, 1, 0, 1, 0, 1
1.216865416666667, 0, 1, 1, 1, 0, 1, 0, 1
1.216865500000000, 1, 1, 1, 1, 0, 1, 0, 1
1.216865541666667, 0, 1, 1, 1, 0, 1, 0, 1
1.216865625000000, 1, 1, 1, 1, 0, 1, 0, 1
1.216865666666667, 0, 1, 1, 1, 0, 1, 0, 1
1.216865750000000, 1, 1, 1, 1, 0, 1, 0, 1
1.216865791666667, 0, 1, 1, 1, 0, 1, 0, 1
1.216865875000000, 1, 1, 1, 1, 0, 1, 0, 1
1.216865916666667, 0, 1, 1, 1, 0, 1, 0, 1
1.216866000000000, 1, 1, 1, 1, 0, 1, 0, 1
1.216866041666667, 0, 1, 1, 1, 0, 1, 0, 1
1.216866125000000, 1, 1, 1, 1, 0, 1, 0, 1
1.216866166666667, 0, 1, 1, 1, 0, 1, 0, 1
1.216866250000000, 1, 1, 1, 1, 0, 1, 0, 1
1.216866291666667, 0, 1, 1, 1, 1, 1, 0, 1
1.216867250000000, 0, 1, 1, 1, 0, 1, 0, 1
1.216867291666667, 1, 1, 1, 1, 0, 1, 0, 1
1.216867375000000, 0, 1, 1, 1, 0, 1, 0, 1
1.216867416666667, 1, 1, 1, 1, 0, 1, 0, 1
1.216867500000000, 0, 1, 1, 1, 0, 1, 0, 1
1.216867541666667, 1, 1, 1, 1, 0, 1, 0, 1
1.216867625000000, 0, 1, 1, 1, 1, 1, 0, 1
1.216867666666667, 1, 1, 1, 1, 1, 1, 0, 1
1.216867750000000, 0, 1, 1, 1, 1, 1, 0, 1
1.216867791666667, 1, 1, 1, 1, 1, 1, 0, 1
1.216867875000000, 0, 1, 1, 1, 1, 1, 0, 1
1.216867916666667, 1, 1, 1, 1, 1, 1, 0, 1
1.216868000000000, 0, 1, 1, 1, 1, 1, 0, 1
1.216868041666667, 1, 1, 1, 1, 1, 1, 0, 1
1.216868125000000, 0, 1, 1, 1, 1, 1, 0, 1
1.216868166666667, 1, 1, 1, 1, 1, 1, 0, 1
1.216868250000000, 0, 1, 1, 1, 1, 1, 0, 1
1.216869875000000, 0, 1, 1, 1, 0, 1, 0, 1
1.216869916666667, 1, 1, 1, 1, 0, 1, 0, 1
1.216870000000000, 0, 1, 1, 1, 0, 1, 0, 1
1.216870041666667, 1, 1, 1, 1, 0, 1, 0, 1
1.216870125000000, 0, 1, 1, 1, 0, 1, 0, 1
1.216870166666667, 1, 1, 1, 1, 0, 1, 0, 1
1.216870250000000, 0, 1, 1, 1, 0, 1, 0, 1
1.216870291666667, 1, 1, 1, 1, 0, 1, 0, 1
1.216870375000000, 0, 1, 1, 1, 0, 1, 0, 1
1.216870416666667, 1, 1, 1, 1, 0, 1, 0, 1
1.216870500000000, 0, 1, 1, 1, 0, 1, 0, 1
1.216870541666667, 1, 1, 1, 1, 0, 1, 0, 1
1.216870625000000, 0, 1, 1, 1, 0, 1, 0, 1
1.216870666666667, 1, 1, 1, 1, 0, 1, 0, 1
1.216870750000000, 0, 1, 1, 1, 0, 1, 0, 1
1.216870791666667, 1, 1, 1, 1, 0, 1, 0, 1
1.216870875000000, 0, 1, 1, 1, 1, 1, 0, 1
1.216871791666667, 0, 1, 1, 1, 0, 1, 0, 1
1.216871875000000, 1, 1, 1, 1, 0, 1, 0, 1
1.216871916666667, 0, 1, 1, 1, 0, 1, 0, 1
1.216872000000000, 1, 1, 1, 1, 0, 1, 0, 1
1.216872041666667, 0, 1, 1, 1, 0, 1, 0, 1
1.216872125000000, 1, 1, 1, 1, 0, 1, 0, 1
1.216872166666667, 0, 1, 1, 1, 1, 1, 0, 1
1.216872250000000, 1, 1, 1, 1, 1, 1, 0, 1
1.216872291666667, 0, 1, 1, 1, 1, 1, 0, 1
1.216872375000000, 1, 1, 1, 1, 1, 1, 0, 1
1.216872416666667, 0, 1, 1, 1, 1, 1, 0, 1
1.216872500000000, 1, 1, 1, 1, 1, 1, 0, 1
1.216872541666667, 0, 1, 1, 1, 1, 1, 0, 1
1.216872625000000, 1, 1, 1, 1, 1, 1, 0, 1
1.216872666666667, 0, 1, 1, 1, 1, 1, 0, 1
1.216872750000000, 1, 1, 1, 1, 1, 1, 0, 1
1.216872791666667, 0, 1, 1, 1, 1, 1, 0, 1
1.216874416666667, 0, 1, 1, 1, 0, 1, 0, 1
1.216874500000000, 1, 1, 1, 1, 0, 1, 0, 1
1.216874541666667, 0, 1, 1, 1, 0, 1, 0, 1
1.216874625000000, 1, 1, 1, 1, 0, 1, 0, 1
1.216874666666667, 0, 1, 1, 1, 0, 1, 0, 1
1.216874750000000, 1, 1, 1, 1, 0, 1, 0, 1
1.216874791666667, 0, 1, 1, 1, 0, 1, 0, 1
1.216874875000000, 1, 1, 1, 1, 0, 1, 0, 1
1.216874916666667, 0, 1, 1, 1, 0, 1, 0, 1
1.216875000000000, 1, 1, 1, 1, 0, 1, 0, 1
1.216875041666667, 0, 1, 1, 1, 0, 1, 0, 1
1.216875125000000, 1, 1, 1, 1, 0, 1, 0, 1
1.216875166666667, 0, 1, 1, 1, 0, 1, 0, 1
1.216875250000000, 1, 1, 1, 1, 0, 1, 0, 1
1.216875291666667, 0, 1, 1, 1, 0, 1, 0, 1
1.216875375000000, 1, 1, 1, 1, 0, 1, 0, 1
1.216875416666667, 0, 1, 1, 1, 1, 1, 0, 1
1.216876375000000, 0, 1, 1, 1, 0, 1, 0, 1
1.216876416666667, 1, 1, 1, 1, 0, 1, 0, 1
1.216876500000000, 0, 1, 1, 1, 0, 1, 0, 1
1.216876541666667, 1, 1, 1, 1, 0, 1, 0, 1
1.216876625000000, 0, 1, 1, 1, 0, 1, 0, 1
1.216876666666667, 1, 1, 1, 1, 0, 1, 0, 1
1.216876750000000, 0, 1, 1, 1, 1, 1, 0, 1
1.216876791666667, 1, 1, 1, 1, 1, 1, 0, 1
1.216876875000000, 0, 1, 1, 1, 1, 1, 0, 1
1.216876916666667, 1, 1, 1, 1, 1, 1, 0, 1
1.216877000000000, 0, 1, 1, 1, 1, 1, 0, 1
1.216877041666667, 1, 1, 1, 1, 1, 1, 0, 1
1.216877125000000, 0, 1, 1, 1, 1, 1, 0, 1
1.216877166666667, 1, 1, 1, 1, 1, 1, 0, 1
1.216877250000000, 0, 1, 1, 1, 1, 1, 0, 1
1.216877291666667, 1, 1, 1, 1, 1, 1, 0, 1
1.216877375000000, 0, 1, 1, 1, 1, 1, 0, 1
1.216879000000000, 0, 1, 1, 1, 0, 1, 0, 1
1.216879041666667, 1, 1, 1, 1, 0, 1, 0, 1
1.216879125000000, 0, 1, 1, 1, 0, 1, 0, 1
1.216879166666667, 1, 1, 1, 1, 0, 1, 0, 1
1.216879250000000, 0, 1, 1, 1, 0, 1, 0, 1
1.216879291666667, 1, 1, 1, 1, 0, 1, 0, 1
1.216879375000000, 0, 1, 1, 1, 0, 1, 0, 1
1.216879416666667, 1, 1, 1, 1, 0, 1, 0, 1
1.216879500000000, 0, 1, 1, 1, 0, 1, 0, 1
1.216879541666667, 1, 1, 1, 1, 0, 1, 0, 1
1.216879625000000, 0, 1, 1, 1, 0, 1, 0, 1
1.216879666666667, 1, 1, 1, 1, 0, 1, 0, 1
1.216879750000000, 0, 1, 1, 1, 0, 1, 0, 1
1.216879791666667, 1, 1, 1, 1, 0, 1, 0, 1
1.216879875000000, 0, 1, 1, 1, 0, 1, 0, 1
1.216879916666667, 1, 1, 1, 1, 0, 1, 0, 1
1.216880000000000, 0, 1, 1, 1, 1, 1, 0, 1
1.216880916666667, 0, 1, 1, 1, 0, 1, 0, 1
1.216881000000000, 1, 1, 1, 1, 0, 1, 0, 1
1.216881041666667, 0, 1, 1, 1, 0, 1, 0, 1
1.216881125000000, 1, 1, 1, 1, 0, 1, 0, 1
1.216881166666667, 0, 1, 1, 1, 0, 1, 0, 1
1.216881250000000, 1, 1, 1, 1, 0, 1, 0, 1
1.216881291666667, 0, 1, 1, 1, 1, 1, 0, 1
1.216881375000000, 1, 1, 1, 1, 1, 1, 0, 1
1.216881416666667, 0, 1, 1, 1, 1, 1, 0, 1
1.216881500000000, 1, 1, 1, 1, 1, 1, 0, 1
1.216881541666667, 0, 1, 1, 1, 1, 1, 0, 1
1.216881625000000, 1, 1, 1, 1, 1, 1, 0, 1
1.216881666666667, 0, 1, 1, 1, 1, 1, 0, 1
1.216881750000000, 1, 1, 1, 1, 1, 1, 0, 1
1.216881791666667, 0, 1, 1, 1, 1, 1, 0, 1
1.216881875000000, 1, 1, 1, 1, 1, 1, 0, 1
1.216881916666667, 0, 1, 1, 1, 1, 1, 0, 1
1.216883541666667, 0, 1, 1, 1, 0, 1, 0, 1
1.216883625000000, 1, 1, 1, 1, 0, 1, 0, 1
1.216883666666667, 0, 1, 1, 1, 0, 1, 0, 1
1.216883750000000, 1, 1, 1, 1, 0, 1, 0, 1
1.216883791666667, 0, 1, 1, 1, 0, 1, 0, 1
1.216883875000000, 1, 1, 1, 1, 0, 1, 0, 1
1.216883916666667, 0, 1, 1, 1, 0, 1, 0, 1
1.216884000000000, 1, 1, 1, 1, 0, 1, 0, 1
1.216884041666667, 0, 1, 1, 1, 0, 1, 0, 1
1.216884125000000, 1, 1, 1, 1, 0, 1, 0, 1
1.216884166666667, 0, 1, 1, 1, 0, 1, 0, 1
1.216884250000000, 1, 1, 1, 1, 0, 1, 0, 1
1.216884291666667, 0, 1, 1, 1, 0, 1, 0, 1
1.216884375000000, 1, 1, 1, 1, 0, 1, 0, 1
1.216884416666667, 0, 1, 1, 1, 0, 1, 0, 1
1.216884500000000, 1, 1, 1, 1, 0, 1, 0, 1
1.216884541666667, 0, 1, 1, 1, 1, 1, 0, 1
1.216885500000000, 0, 1, 1, 1, 0, 1, 0, 1
1.216885541666667, 1, 1, 1, 1, 0, 1, 0, 1
1.216885625000000, 0, 1, 1, 1, 0, 1, 0, 1
1.216885666666667, 1, 1, 1, 1, 0, 1, 0, 1
1.216885750000000, 0, 1, 1, 1, 0, 1, 0, 1
1.216885791666667, 1, 1, 1, 1, 0, 1, 0, 1
1.216885875000000, 0, 1, 1, 1, 1, 1, 0, 1
1.216885916666667, 1, 1, 1, 1, 1, 1, 0, 1
1.216886000000000, 0, 1, 1, 1, 1, 1, 0, 1
1.216886041666667, 1, 1, 1, 1, 1, 1, 0, 1
1.216886125000000, 0, 1, 1, 1, 1, 1, 0, 1
1.216886166666667, 1, 1, 1, 1, 1, 1, 0, 1
1.216886250000000, 0, 1, 1, 1, 1, 1, 0, 1
1.216886291666667, 1, 1, 1, 1, 1, 1, 0, 1
1.216886375000000, 0, 1, 1, 1, 1, 1, 0, 1
1.216886416666667, 1, 1, 1, 1, 1, 1, 0, 1
1.216886500000000, 0, 1, 1, 1, 1, 1, 0, 1
1.216888125000000, 0, 1, 1, 1, 0, 1, 0, 1
1.216888166666667, 1, 1, 1, 1, 0, 1, 0, 1
1.216888250000000, 0, 1, 1, 1, 0, 1, 0, 1
1.216888291666667, 1, 1, 1, 1, 0, 1, 0, 1
1.216888375000000, 0, 1, 1, 1, 0, 1, 0, 1
1.216888416666667, 1, 1, 1, 1, 0, 1, 0, 1
1.216888500000000, 0, 1, 1, 1, 0, 1, 0, 1
1.216888541666667, 1, 1, 1, 1, 0, 1, 0, 1
1.216888625000000, 0, 1, 1, 1, 0, 1, 0, 1
1.216888666666667, 1, 1, 1, 1, 0, 1, 0, 1
1.216888750000000, 0, 1, 1, 1, 0, 1, 0, 1
1.216888791666667, 1, 1, 1, 1, 0, 1, 0, 1
1.216888875000000, 0, 1, 1, 1, 0, 1, 0, 1
1.216888916666667, 1, 1, 1, 1, 0, 1, 0, 1
1.216889000000000, 0, 1, 1, 1, 0, 1, 0, 1
1.216889041666667, 1, 1, 1, 1, 0, 1, 0, 1
1.216889125000000, 0, 1, 1, 1, 1, 1, 0, 1
1.216890041666667, 0, 1, 1, 1, 0, 1, 0, 1
1.216890125000000, 1, 1, 1, 1, 0, 1, 0, 1
1.216890166666667, 0, 1, 1, 1, 0, 1, 0, 1
1.216890250000000, 1, 1, 1, 1, 0, 1, 0, 1
1.216890291666667, 0, 1, 1, 1, 0, 1, 0, 1
1.216890375000000, 1, 1, 1, 1, 0, 1, 0, 1
1.216890416666667, 0, 1, 1, 1, 1, 1, 0, 1
1.216890500000000, 1, 1, 1, 1, 1, 1, 0, 1
1.216890541666667, 0, 1, 1, 1, 1, 1, 0, 1
1.216890625000000, 1, 1, 1, 1, 1, 1, 0, 1
1.216890666666667, 0, 1, 1, 1, 1, 1, 0, 1
1.216890750000000, 1, 1, 1, 1, 1, 1, 0, 1
1.216890791666667, 0, 1, 1, 1, 1, 1, 0, 1
1.216890875000000, 1, 1, 1, 1, 1, 1, 0, 1
1.216890916666667, 0, 1, 1, 1, 1, 1, 0, 1
1.216891000000000, 1, 1, 1, 1, 1, 1, 0, 1
1.216891041666667, 0, 1, 1, 1, 1, 1, 0, 1
1.216892666666667, 0, 1, 1, 1, 0, 1, 0, 1
1.216892750000000, 1, 1, 1, 1, 0, 1, 0, 1
1.216892791666667, 0, 1, 1, 1, 0, 1, 0, 1
1.216892875000000, 1, 1, 1, 1, 0, 1, 0, 1
1.216892916666667, 0, 1, 1, 1, 0, 1, 0, 1
1.216893000000000, 1, 1, 1, 1, 0, 1, 0, 1
1.216893041666667, 0, 1, 1, 1, 0, 1, 0, 1
1.216893125000000, 1, 1, 1, 1, 0, 1, 0, 1
1.216893166666667, 0, 1, 1, 1, 0, 1, 0, 1
1.216893250000000, 1, 1, 1, 1, 0, 1, 0, 1
1.216893291666667, 0, 1, 1, 1, 0, 1, 0, 1
1.216893375000000, 1, 1, 1, 1, 0, 1, 0, 1
1.216893416666667, 0, 1, 1, 1, 0, 1, 0, 1
1.216893500000000, 1, 1, 1, 1, 0, 1, 0, 1
1.216893541666667, 0, 1, 1, 1, 0, 1, 0, 1
1.216893625000000, 1, 1, 1, 1, 0, 1, 0, 1
1.216893666666667, 0, 1, 1, 1, 1, 1, 0, 1
1.216894625000000, 0, 1, 1, 1, 0, 1, 0, 1
1.216894666666667, 1, 1, 1, 1, 0, 1, 0, 1
1.216894750000000, 0, 1, 1, 1, 0, 1, 0, 1
1.216894791666667, 1, 1, 1, 1, 0, 1, 0, 1
1.216894875000000, 0, 1, 1, 1, 0, 1, 0, 1
1.216894916666667, 1, 1, 1, 1, 0, 1, 0, 1
1.216895000000000, 0, 1, 1, 1, 1, 1, 0, 1
1.216895041666667, 1, 1, 1, 1, 1, 1, 0, 1
1.216895125000000, 0, 1, 1, 1, 1, 1, 0, 1
1.216895166666667, 1, 1, 1, 1, 1, 1, 0, 1
1.216895250000000, 0, 1, 1, 1, 1, 1, 0, 1
1.216895291666667, 1, 1, 1, 1, 1, 1, 0, 1
1.216895375000000, 0, 1, 1, 1, 1, 1, 0, 1
1.216895416666667, 1, 1, 1, 1, 1, 1, 0, 1
1.216895500000000, 0, 1, 1, 1, 1, 1, 0, 1
1.216895541666667, 1, 1, 1, 1, 1, 1, 0, 1
1.216895625000000, 0, 1, 1, 1, 1, 1, 0, 1
1.216897250000000, 0, 1, 1, 1, 0, 1, 0, 1
1.216897291666667, 1, 1, 1, 1, 0, 1, 0, 1
1.216897375000000, 0, 1, 1, 1, 0, 1, 0, 1
1.216897416666667, 1, 1, 1, 1, 0, 1, 0, 1
1.216897500000000, 0, 1, 1, 1, 0, 1, 0, 1
1.216897541666667, 1, 1, 1, 1, 0, 1, 0, 1
1.216897625000000, 0, 1, 1, 1, 0, 1, 0, 1
1.216897666666667, 1, 1, 1, 1, 0, 1, 0, 1
1.216897750000000, 0, 1, 1, 1, 0, 1, 0, 1
1.216897791666667, 1, 1, 1, 1, 0, 1, 0, 1
1.216897875000000, 0, 1, 1, 1, 0, 1, 0, 1
1.216897916666667, 1, 1, 1, 1, 0, 1, 0, 1
1.216898000000000, 0, 1, 1, 1, 0, 1, 0, 1
1.216898041666667, 1, 1, 1, 1, 0, 1, 0, 1
1.216898125000000, 0, 1, 1, 1, 0, 1, 0, 1
1.216898166666667, 1, 1, 1, 1, 0, 1, 0, 1
1.216898250000000, 0, 1, 1, 1, 1, 1, 0, 1
1.216899166666667, 0, 1, 1, 1, 0, 1, 0, 1
1.216899250000000, 1, 1, 1, 1, 0, 1, 0, 1
1.216899291666667, 0, 1, 1, 1, 0, 1, 0, 1
1.216899375000000, 1, 1, 1, 1, 0, 1, 0, 1
1.216899416666667, 0, 1, 1, 1, 0, 1, 0, 1
1.216899500000000, 1, 1, 1, 1, 0, 1, 0, 1
1.216899541666667, 0, 1, 1, 1, 1, 1, 0, 1
1.216899625000000, 1, 1, 1, 1, 1, 1, 0, 1
1.216899666666667, 0, 1, 1, 1, 1, 1, 0, 1
1.216899750000000, 1, 1, 1, 1, 1, 1, 0, 1
1.216899791666667, 0, 1, 1, 1, 1, 1, 0, 1
1.216899875000000, 1, 1, 1, 1, 1, 1, 0, 1
1.216899916666667, 0, 1, 1, 1, 1, 1, 0, 1
1.216900000000000, 1, 1, 1, 1, 1, 1, 0, 1
1.216900041666667, 0, 1, 1, 1, 1, 1, 0, 1
1.216900125000000, 1, 1, 1, 1, 1, 1, 0, 1
1.216900166666667, 0, 1, 1, 1, 1, 1, 0, 1
1.216901791666667, 0, 1, 1, 1, 0, 1, 0, 1
1.216901875000000, 1, 1, 1, 1, 0, 1, 0, 1
1.216901916666667, 0, 1, 1, 1, 0, 1, 0, 1
1.216902000000000, 1, 1, 1, 1, 0, 1, 0, 1
1.216902041666667, 0, 1, 1, 1, 0, 1, 0, 1
1.216902125000000, 1, 1, 1, 1, 0, 1, 0, 1
1.216902166666667, 0, 1, 1, 1, 0, 1, 0, 1
1.216902250000000, 1, 1, 1, 1, 0, 1, 0, 1
1.216902291666667, 0, 1, 1, 1, 0, 1, 0, 1
1.216902375000000, 1, 1, 1, 1, 0, 1, 0, 1
1.216902416666667, 0, 1, 1, 1, 0, 1, 0, 1
1.216902500000000, 1, 1, 1, 1, 0, 1, 0, 1
1.216902541666667, 0, 1, 1, 1, 0, 1, 0, 1
1.216902625000000, 1, 1, 1, 1, 0, 1, 0, 1
1.216902666666667, 0, 1, 1, 1, 0, 1, 0, 1
1.216902750000000, 1, 1, 1, 1, 0, 1, 0, 1
1.216902791666667, 0, 1, 1, 1, 1, 1, 0, 1
1.216903750000000, 0, 1, 1, 1, 0, 1, 0, 1
1.216903791666667, 1, 1, 1, 1, 0, 1, 0, 1
1.216903875000000, 0, 1, 1, 1, 0, 1, 0, 1
1.216903916666667, 1, 1, 1, 1, 0, 1, 0, 1
1.216904000000000, 0, 1, 1, 1, 0, 1, 0, 1
1.216904041666667, 1, 1, 1, 1, 0, 1, 0, 1
1.216904125000000, 0, 1, 1, 1, 1, 1, 0, 1
1.216904166666667, 1, 1, 1, 1, 1, 1, 0, 1
1.216904250000000, 0, 1, 1, 1, 1, 1, 0, 1
1.216904291666667, 1, 1, 1, 1, 1, 1, 0, 1
1.216904375000000, 0, 1, 1, 1, 1, 1, 0, 1
1.216904416666667, 1, 1, 1, 1, 1, 1, 0, 1
1.216904500000000, 0, 1, 1, 1, 1, 1, 0, 1
1.216904541666667, 1, 1, 1, 1, 1, 1, 0, 1
1.216904625000000, 0, 1, 1, 1, 1, 1, 0, 1
1.216904666666667, 1, 1, 1, 1, 1, 1, 0, 1
1.216904750000000, 0, 1, 1, 1, 1, 1, 0, 1
1.216906375000000, 0, 1, 1, 1, 0, 1, 0, 1
1.216906416666667, 1, 1, 1, 1, 0, 1, 0, 1
1.216906500000000, 0, 1, 1, 1, 0, 1, 0, 1
1.216906541666667, 1, 1, 1, 1, 0, 1, 0, 1
1.216906625000000, 0, 1, 1, 1, 0, 1, 0, 1
1.216906666666667, 1, 1, 1, 1, 0, 1, 0, 1
1.216906750000000, 0, 1, 1, 1, 0, 1, 0, 1
1.216906791666667, 1, 1, 1, 1, 0, 1, 0, 1
1.216906875000000, 0, 1, 1, 1, 0, 1, 0, 1
1.216906916666667, 1, 1, 1, 1, 0, 1, 0, 1
1.216907000000000, 0, 1, 1, 1, 0, 1, 0, 1
1.216907041666667, 1, 1, 1, 1, 0, 1, 0, 1
1.216907125000000, 0, 1, 1, 1, 0, 1, 0, 1
1.216907166666667, 1, 1, 1, 1, 0, 1, 0, 1
1.216907250000000, 0, 1, 1, 1, 0, 1, 0, 1
1.216907291666667, 1, 1, 1, 1, 0, 1, 0, 1
1.216907375000000, 0, 1, 1, 1, 1, 1, 0, 1
1.216908291666667, 0, 1, 1, 1, 0, 1, 0, 1
1.216908375000000, 1, 1, 1, 1, 0, 1, 0, 1
1.216908416666667, 0, 1, 1, 1, 0, 1, 0, 1
1.216908500000000, 1, 1, 1, 1, 0, 1, 0, 1
1.216908541666667, 0, 1, 1, 1, 0, 1, 0, 1
1.216908625000000, 1, 1, 1, 1, 0, 1, 0, 1
1.216908666666667, 0, 1, 1, 1, 1, 1, 0, 1
1.216908750000000, 1, 1, 1, 1, 1, 1, 0, 1
1.216908791666667, 0, 1, 1, 1, 1, 1, 0, 1
1.216908875000000, 1, 1, 1, 1, 1, 1, 0, 1
1.216908916666667, 0, 1, 1, 1, 1, 1, 0, 1
1.216909000000000, 1, 1, 1, 1, 1, 1, 0, 1
1.216909041666667, 0, 1, 1, 1, 1, 1, 0, 1
1.216909125000000, 1, 1, 1, 1, 1, 1, 0, 1
1.216909166666667, 0, 1, 1, 1, 1, 1, 0, 1
1.216909250000000, 1, 1, 1, 1, 1, 1, 0, 1
1.216909291666667, 0, 1, 1, 1, 1, 1, 0, 1
1.216910916666667, 0, 1, 1, 1, 0, 1, 0, 1
1.216911000000000, 1, 1, 1, 1, 0, 1, 0, 1
1.216911041666667, 0, 1, 1, 1, 0, 1, 0, 1
1.216911125000000, 1, 1, 1, 1, 0, 1, 0, 1
1.216911166666667, 0, 1, 1, 1, 0, 1, 0, 1
1.216911250000000, 1, 1, 1, 1, 0, 1, 0, 1
1.216911291666667, 0, 1, 1, 1, 0, 1, 0, 1
1.216911375000000, 1, 1, 1, 1, 0, 1, 0, 1
1.216911416666667, 0, 1, 1, 1, 0, 1, 0, 1
1.216911500000000, 1, 1, 1, 1, 0, 1, 0, 1
1.216911541666667, 0, 1, 1, 1, 0, 1, 0, 1
1.216911625000000, 1, 1, 1, 1, 0, 1, 0, 1
1.216911666666667, 0, 1, 1, 1, 0, 1, 0, 1
1.216911750000000, 1, 1, 1, 1, 0, 1, 0, 1
1.216911791666667, 0, 1, 1, 1, 0, 1, 0, 1
1.216911875000000, 1, 1, 1, 1, 0, 1, 0, 1
1.216911916666667, 0, 1, 1, 1, 1, 1, 0, 1
1.216912875000000, 0, 1, 1, 1, 0, 1, 0, 1
1.216912916666667, 1, 1, 1, 1, 0, 1, 0, 1
1.216913000000000, 0, 1, 1, 1, 0, 1, 0, 1
1.216913041666667, 1, 1, 1, 1, 0, 1, 0, 1
1.216913125000000, 0, 1, 1, 1, 0, 1, 0, 1
1.216913166666667, 1, 1, 1, 1, 0, 1, 0, 1
1.216913250000000, 0, 1, 1, 1, 1, 1, 0, 1
1.216913291666667, 1, 1, 1, 1, 1, 1, 0, 1
1.216913375000000, 0, 1, 1, 1, 1, 1, 0, 1
1.216913416666667, 1, 1, 1, 1, 1, 1, 0, 1
1.216913500000000, 0, 1, 1, 1, 1, 1, 0, 1
1.216913541666667, 1, 1, 1, 1, 1, 1, 0, 1
1.216913625000000, 0, 1, 1, 1, 1, 1, 0, 1
1.216913666666667, 1, 1, 1, 1, 1, 1, 0, 1
1.216913750000000, 0, 1, 1, 1, 1, 1, 0, 1
1.216913791666667, 1, 1, 1, 1, 1, 1, 0, 1
1.216913875000000, 0, 1, 1, 1, 1, 1, 0, 1
1.216915500000000, 0, 1, 1, 1, 0, 1, 0, 1
1.216915541666667, 1, 1, 1, 1, 0, 1, 0, 1
1.216915625000000, 0, 1, 1, 1, 0, 1, 0, 1
1.216915666666667, 1, 1, 1, 1, 0, 1, 0, 1
1.216915750000000, 0, 1, 1, 1, 0, 1, 0, 1
1.216915791666667, 1, 1, 1, 1, 0, 1, 0, 1
1.216915875000000, 0, 1, 1, 1, 0, 1, 0, 1
1.216915916666667, 1, 1, 1, 1, 0, 1, 0, 1
1.216916000000000, 0, 1, 1, 1, 0, 1, 0, 1
1.216916041666667, 1, 1, 1, 1, 0, 1, 0, 1
1.216916125000000, 0, 1, 1, 1, 0, 1, 0, 1
1.216916166666667, 1, 1, 1, 1, 0, 1, 0, 1
1.216916250000000, 0, 1, 1, 1, 0, 1, 0, 1
1.216916291666667, 1, 1, 1, 1, 0, 1, 0, 1
1.216916375000000, 0, 1, 1, 1, 0, 1, 0, 1
1.216916416666667, 1, 1, 1, 1, 0, 1, 0, 1
1.216916500000000, 0, 1, 1, 1, 1, 1, 0, 1
1.216917416666667, 0, 1, 1, 1, 0, 1, 0, 1
1.216917500000000, 1, 1, 1, 1, 0, 1, 0, 1
1.216917541666667, 0, 1, 1, 1, 0, 1, 0, 1
1.216917625000000, 1, 1, 1, 1, 0, 1, 0, 1
1.216917666666667, 0, 1, 1, 1, 0, 1, 0, 1
1.216917750000000, 1, 1, 1, 1, 0, 1, 0, 1
1.216917791666667, 0, 1, 1, 1, 1, 1, 0, 1
1.216917875000000, 1, 1, 1, 1, 1, 1, 0, 1
1.216917916666667, 0, 1, 1, 1, 1, 1, 0, 1
1.216918000000000, 1, 1, 1, 1, 1, 1, 0, 1
1.216918041666667, 0, 1, 1, 1, 1, 1, 0, 1
1.216918125000000, 1, 1, 1, 1, 1, 1, 0, 1
1.216918166666667, 0, 1, 1, 1, 1, 1, 0, 1
1.216918250000000, 1, 1, 1, 1, 1, 1, 0, 1
1.216918291666667, 0, 1, 1, 1, 1, 1, 0, 1
1.216918375000000, 1, 1, 1, 1, 1, 1, 0, 1
1.216918416666667, 0, 1, 1, 1, 1, 1, 0, 1
1.216920041666667, 0, 1, 1, 1, 0, 1, 0, 1
1.216920125000000, 1, 1, 1, 1, 0, 1, 0, 1
1.216920166666667, 0, 1, 1, 1, 0, 1, 0, 1
1.216920250000000, 1, 1, 1, 1, 0, 1, 0, 1
1.216920291666667, 0, 1, 1, 1, 0, 1, 0, 1
1.216920375000000, 1, 1, 1, 1, 0, 1, 0, 1
1.216920416666667, 0, 1, 1, 1, 0, 1, 0, 1
1.216920500000000, 1, 1, 1, 1, 0, 1, 0, 1
1.216920541666667, 0, 1, 1, 1, 0, 1, 0, 1
1.216920625000000, 1, 1, 1, 1, 0, 1, 0, 1
1.216920666666667, 0, 1, 1, 1, 0, 1, 0, 1
1.216920750000000, 1, 1, 1, 1, 0, 1, 0, 1
1.216920791666667, 0, 1, 1, 1, 0, 1, 0, 1
1.216920875000000, 1, 1, 1, 1, 0, 1, 0, 1
1.216920916666667, 0, 1, 1, 1, 0, 1, 0, 1
1.216921000000000, 1, 1, 1, 1, 0, 1, 0, 1
1.216921041666667, 0, 1, 1, 1, 1, 1, 0, 1
1.216922000000000, 0, 1, 1, 1, 0, 1, 0, 1
1.216922041666667, 1, 1, 1, 1, 0, 1, 0, 1
1.216922125000000, 0, 1, 1, 1, 0, 1, 0, 1
1.216922166666667, 1, 1, 1, 1, 0, 1, 0, 1
1.216922250000000, 0, 1, 1, 1, 0, 1, 0, 1
1.216922291666667, 1, 1, 1, 1, 0, 1, 0, 1
1.216922375000000, 0, 1, 1, 1, 1, 1, 0, 1
1.216922416666667, 1, 1, 1, 1, 1, 1, 0, 1
1.216922500000000, 0, 1, 1, 1, 1, 1, 0, 1
1.216922541666667, 1, 1, 1, 1, 1, 1, 0, 1
1.216922625000000, 0, 1, 1, 1, 1, 1, 0, 1
1.216922666666667, 1, 1, 1, 1, 1, 1, 0, 1
1.216922750000000, 0, 1, 1, 1, 1, 1, 0, 1
1.216922791666667, 1, 1, 1, 1, 1, 1, 0, 1
1.216922875000000, 0, 1, 1, 1, 1, 1, 0, 1
1.216922916666667, 1, 1, 1, 1, 1, 1, 0, 1
1.216923000000000, 0, 1, 1, 1, 1, 1, 0, 1
1.216924625000000, 0, 1, 1, 1, 0, 1, 0, 1
1.216924666666667, 1, 1, 1, 1, 0, 1, 0, 1
1.216924750000000, 0, 1, 1, 1, 0, 1, 0, 1
1.216924791666667, 1, 1, 1, 1, 0, 1, 0, 1
1.216924875000000, 0, 1, 1, 1, 0, 1, 0, 1
1.216924916666667, 1, 1, 1, 1, 0, 1, 0, 1
1.216925000000000, 0, 1, 1, 1, 0, 1, 0, 1
1.216925041666667, 1, 1, 1, 1, 0, 1, 0, 1
1.216925125000000, 0, 1, 1, 1, 0, 1, 0, 1
1.216925166666667, 1, 1, 1, 1, 0, 1, 0, 1
1.216925250000000, 0, 1, 1, 1, 0, 1, 0, 1
1.216925291666667, 1, 1, 1, 1, 0, 1, 0, 1
1.216925375000000, 0, 1, 1, 1, 0, 1, 0, 1
1.216925416666667, 1, 1, 1, 1, 0, 1, 0, 1
1.216925500000000, 0, 1, 1, 1, 0, 1, 0, 1
1.216925541666667, 1, 1, 1, 1, 0, 1, 0, 1
1.216925625000000, 0, 1, 1, 1, 1, 1, 0, 1
1.216926541666667, 0, 1, 1, 1, 0, 1, 0, 1
1.216926625000000, 1, 1, 1, 1, 0, 1, 0, 1
1.216926666666667, 0, 1, 1, 1, 0, 1, 0, 1
1.216926750000000, 1, 1, 1, 1, 0, 1, 0, 1
1.216926791666667, 0, 1, 1, 1, 0, 1, 0, 1
1.216926875000000, 1, 1, 1, 1, 0, 1, 0, 1
1.216926916666667, 0, 1, 1, 1, 1, 1, 0, 1
1.216927000000000, 1, 1, 1, 1, 1, 1, 0, 1
1.216927041666667, 0, 1, 1, 1, 1, 1, 0, 1
1.216927125000000, 1, 1, 1, 1, 1, 1, 0, 1
1.216927166666667, 0, 1, 1, 1, 1, 1, 0, 1
1.216927250000000, 1, 1, 1, 1, 1, 1, 0, 1
1.216927291666667, 0, 1, 1, 1, 1, 1, 0, 1
1.216927375000000, 1, 1, 1, 1, 1, 1, 0, 1
1.216927416666667, 0, 1, 1, 1, 1, 1, 0, 1
1.216927500000000, 1, 1, 1, 1, 1, 1, 0, 1
1.216927541666667, 0, 1, 1, 1, 1, 1, 0, 1
1.216929166666667, 0, 1, 1, 1, 0, 1, 0, 1
1.216929250000000, 1, 1, 1, 1, 0, 1, 0, 1
1.216929291666667, 0, 1, 1, 1, 0, 1, 0, 1
1.216929375000000, 1, 1, 1, 1, 0, 1, 0, 1
1.216929416666667, 0, 1, 1, 1, 0, 1, 0, 1
1.216929500000000, 1, 1, 1, 1, 0, 1, 0, 1
1.216929541666667, 0, 1, 1, 1, 0, 1, 0, 1
1.216929625000000, 1, 1, 1, 1, 0, 1, 0, 1
1.216929666666667, 0, 1, 1, 1, 0, 1, 0, 1
1.216929750000000, 1, 1, 1, 1, 0, 1, 0, 1
1.216929791666667, 0, 1, 1, 1, 0, 1, 0, 1
1.216929875000000, 1, 1, 1, 1, 0, 1, 0, 1
1.216929916666667, 0, 1, 1, 1, 0, 1, 0, 1
1.216930000000000, 1, 1, 1, 1, 0, 1, 0, 1
1.216930041666667, 0, 1, 1, 1, 0, 1, 0, 1
1.216930125000000, 1, 1, 1, 1, 0, 1, 0, 1
1.216930166666667, 0, 1, 1, 1, 1, 1, 0, 1
1.216931125000000, 0, 1, 1, 1, 0, 1, 0, 1
1.216931166666667, 1, 1, 1, 1, 0, 1, 0, 1
1.216931250000000, 0, 1, 1, 1, 0, 1, 0, 1
1.216931291666667, 1, 1, 1, 1, 0, 1, 0, 1
1.216931375000000, 0, 1, 1, 1, 0, 1, 0, 1
1.216931416666667, 1, 1, 1, 1, 0, 1, 0, 1
1.216931500000000, 0, 1, 1, 1, 1, 1, 0, 1
1.216931541666667, 1, 1, 1, 1, 1, 1, 0, 1
1.216931625000000, 0, 1, 1, 1, 1, 1, 0, 1
1.216931666666667, 1, 1, 1, 1, 1, 1, 0, 1
1.216931750000000, 0, 1, 1, 1, 1, 1, 0, 1
1.216931791666667, 1, 1, 1, 1, 1, 1, 0, 1
1.216931875000000, 0, 1, 1, 1, 1, 1, 0, 1
1.216931916666667, 1, 1, 1, 1, 1, 1, 0, 1
1.216932000000000, 0, 1, 1, 1, 1, 1, 0, 1
1.216932041666667, 1, 1, 1, 1, 1, 1, 0, 1
1.216932125000000, 0, 1, 1, 1, 1, 1, 0, 1
1.216933750000000, 0, 1, 1, 1, 0, 1, 0, 1
1.216933791666667, 1, 1, 1, 1, 0, 1, 0, 1
1.216933875000000, 0, 1, 1, 1, 0, 1, 0, 1
1.216933916666667, 1, 1, 1, 1, 0, 1, 0, 1
1.216934000000000, 0, 1, 1, 1, 0, 1, 0, 1
1.216934041666667, 1, 1, 1, 1, 0, 1, 0, 1
1.216934125000000, 0, 1, 1, 1, 0, 1, 0, 1
1.216934166666667, 1, 1, 1, 1, 0, 1, 0, 1
1.216934250000000, 0, 1, 1, 1, 0, 1, 0, 1
1.216934291666667, 1, 1, 1, 1, 0, 1, 0, 1
1.216934375000000, 0, 1, 1, 1, 0, 1, 0, 1
1.216934416666667, 1, 1, 1, 1, 0, 1, 0, 1
1.216934500000000, 0, 1, 1, 1, 0, 1, 0, 1
1.216934541666667, 1, 1, 1, 1, 0, 1, 0, 1
1.216934625000000, 0, 1, 1, 1, 0, 1, 0, 1
1.216934666666667, 1, 1, 1, 1, 0, 1, 0, 1
1.216934750000000, 0, 1, 1, 1, 1, 1, 0, 1
1.216935666666667, 0, 1, 1, 1, 0, 1, 0, 1
1.216935750000000, 1, 1, 1, 1, 0, 1, 0, 1
1.216935791666667, 0, 1, 1, 1, 0, 1, 0, 1
1.216935875000000, 1, 1, 1, 1, 0, 1, 0, 1
1.216935916666667, 0, 1, 1, 1, 0, 1, 0, 1
1.216936000000000, 1, 1, 1, 1, 0, 1, 0, 1
1.216936041666667, 0, 1, 1, 1, 1, 1, 0, 1
1.216936125000000, 1, 1, 1, 1, 1, 1, 0, 1
1.216936166666667, 0, 1, 1, 1, 1, 1, 0, 1
1.216936250000000, 1, 1, 1, 1, 1, 1, 0, 1
1.216936291666667, 0, 1, 1, 1, 1, 1, 0, 1
1.216936375000000, 1, 1, 1, 1, 1, 1, 0, 1
1.216936416666667, 0, 1, 1, 1, 1, 1, 0, 1
1.216936500000000, 1, 1, 1, 1, 1, 1, 0, 1
1.216936541666667, 0, 1, 1, 1, 1, 1, 0, 1
1.216936625000000, 1, 1, 1, 1, 1, 1, 0, 1
1.216936666666667, 0, 1, 1, 1, 1, 1, 0, 1
1.216938291666667, 0, 1, 1, 1, 0, 1, 0, 1
1.216938375000000, 1, 1, 1, 1, 0, 1, 0, 1
1.216938416666667, 0, 1, 1, 1, 0, 1, 0, 1
1.216938500000000, 1, 1, 1, 1, 0, 1, 0, 1
1.216938541666667, 0, 1, 1, 1, 0, 1, 0, 1
1.216938625000000, 1, 1, 1, 1, 0, 1, 0, 1
1.216938666666667, 0, 1, 1, 1, 0, 1, 0, 1
1.216938750000000, 1, 1, 1, 1, 0, 1, 0, 1
1.216938791666667, 0, 1, 1, 1, 0, 1, 0, 1
1.216938875000000, 1, 1, 1, 1, 0, 1, 0, 1
1.216938916666667, 0, 1, 1, 1, 0, 1, 0, 1
1.216939000000000, 1, 1, 1, 1, 0, 1, 0, 1
1.216939041666667, 0, 1, 1, 1, 0, 1, 0, 1
1.216939125000000, 1, 1, 1, 1, 0, 1, 0, 1
1.216939166666667, 0, 1, 1, 1, 0, 1, 0, 1
1.216939250000000, 1, 1, 1, 1, 0, 1, 0, 1
1.216939291666667, 0, 1, 1, 1, 1, 1, 0, 1
1.216940250000000, 0, 1, 1, 1, 0, 1, 0, 1
1.216940291666667, 1, 1, 1, 1, 0, 1, 0, 1
1.216940375000000, 0, 1, 1, 1, 0, 1, 0, 1
1.216940416666667, 1, 1, 1, 1, 0, 1, 0, 1
1.216940500000000, 0, 1, 1, 1, 0, 1, 0, 1
1.216940541666667, 1, 1, 1, 1, 0, 1, 0, 1
1.216940625000000, 0, 1, 1, 1, 1, 1, 0, 1
1.216940666666667, 1, 1, 1, 1, 1, 1, 0, 1
1.216940750000000, 0, 1, 1, 1, 1, 1, 0, 1
1.216940791666667, 1, 1, 1, 1, 1, 1, 0, 1
1.216940875000000, 0, 1, 1, 1, 1, 1, 0, 1
1.216940916666667, 1, 1, 1, 1, 1, 1, 0, 1
1.216941000000000, 0, 1, 1, 1, 1, 1, 0, 1
1.216941041666667, 1, 1, 1, 1, 1, 1, 0, 1
1.216941125000000, 0, 1, 1, 1, 1, 1, 0, 1
1.216941166666667, 1, 1, 1, 1, 1, 1, 0, 1
1.216941250000000, 0, 1, 1, 1, 1, 1, 0, 1
1.216942875000000, 0, 1, 1, 1, 0, 1, 0, 1
1.216942916666667, 1, 1, 1, 1, 0, 1, 0, 1
1.216943000000000, 0, 1, 1, 1, 0, 1, 0, 1
1.216943041666667, 1, 1, 1, 1, 0, 1, 0, 1
1.216943125000000, 0, 1, 1, 1, 0, 1, 0, 1
1.216943166666667, 1, 1, 1, 1, 0, 1, 0, 1
1.216943250000000, 0, 1, 1, 1, 0, 1, 0, 1
1.216943291666667, 1, 1, 1, 1, 0, 1, 0, 1
1.216943375000000, 0, 1, 1, 1, 0, 1, 0, 1
1.216943416666667, 1, 1, 1, 1, 0, 1, 0, 1
1.216943500000000, 0, 1, 1, 1, 0, 1, 0, 1
1.216943541666667, 1, 1, 1, 1, 0, 1, 0, 1
1.216943625000000, 0, 1, 1, 1, 0, 1, 0, 1
1.216943666666667, 1, 1, 1, 1, 0, 1, 0, 1
1.216943750000000, 0, 1, 1, 1, 0, 1, 0, 1
1.216943791666667, 1, 1, 1, 1, 0, 1, 0, 1
1.216943875000000, 0, 1, 1, 1, 1, 1, 0, 1
1.216944791666667, 0, 1, 1, 1, 0, 1, 0, 1
1.216944875000000, 1, 1, 1, 1, 0, 1, 0, 1
1.216944916666667, 0, 1, 1, 1, 0, 1, 0, 1
1.216945000000000, 1, 1, 1, 1, 0, 1, 0, 1
1.216945041666667, 0, 1, 1, 1, 0, 1, 0, 1
1.216945125000000, 1, 1, 1, 1, 0, 1, 0, 1
1.216945166666667, 0, 1, 1, 1, 1, 1, 0, 1
1.216945250000000, 1, 1, 1, 1, 1, 1, 0, 1
1.216945291666667, 0, 1, 1, 1, 1, 1, 0, 1
1.216945375000000, 1, 1, 1, 1, 1, 1, 0, 1
1.216945416666667, 0, 1, 1, 1, 1, 1, 0, 1
1.216945500000000, 1, 1, 1, 1, 1, 1, 0, 1
1.216945541666667, 0, 1, 1, 1, 1, 1, 0, 1
1.216945625000000, 1, 1, 1, 1, 1, 1, 0, 1
1.216945666666667, 0, 1, 1, 1, 1, 1, 0, 1
1.216945750000000, 1, 1, 1, 1, 1, 1, 0, 1
1.216945791666667, 0, 1, 1, 1, 1, 1, 0, 1
1.216947416666667, 0, 1, 1, 1, 0, 1, 0, 1
1.216947500000000, 1, 1, 1, 1, 0, 1, 0, 1
1.216947541666667, 0, 1, 1, 1, 0, 1, 0, 1
1.216947625000000, 1, 1, 1, 1, 0, 1, 0, 1
1.216947666666667, 0, 1, 1, 1, 0, 1, 0, 1
1.216947750000000, 1, 1, 1, 1, 0, 1, 0, 1
1.216947791666667, 0, 1, 1, 1, 0, 1, 0, 1
1.216947875000000, 1, 1, 1, 1, 0, 1, 0, 1
1.216947916666667, 0, 1, 1, 1, 0, 1, 0, 1
1.216948000000000, 1, 1, 1, 1, 0, 1, 0, 1
1.216948041666667, 0, 1, 1, 1, 0, 1, 0, 1
1.216948125000000, 1, 1, 1, 1, 0, 1, 0, 1
1.216948166666667, 0, 1, 1, 1, 0, 1, 0, 1
1.216948250000000, 1, 1, 1, 1, 0, 1, 0, 1
1.216948291666667, 0, 1, 1, 1, 0, 1, 0, 1
1.216948375000000, 1, 1, 1, 1, 0, 1, 0, 1
1.216948416666667, 0, 1, 1, 1, 1, 1, 0, 1
1.216949375000000, 0, 1, 1, 1, 0, 1, 0, 1
1.216949416666667, 1, 1, 1, 1, 0, 1, 0, 1
1.216949500000000, 0, 1, 1, 1, 0, 1, 0, 1
1.216949541666667, 1, 1, 1, 1, 0, 1, 0, 1
1.216949625000000, 0, 1, 1, 1, 0, 1, 0, 1
1.216949666666667, 1, 1, 1, 1, 0, 1, 0, 1
1.216949750000000, 0, 1, 1, 1, 1, 1, 0, 1
1.216949791666667, 1, 1, 1, 1, 1, 1, 0, 1
1.216949875000000, 0, 1, 1, 1, 1, 1, 0, 1
1.216949916666667, 1, 1, 1, 1, 1, 1, 0, 1
1.216950000000000, 0, 1, 1, 1, 1, 1, 0, 1
1.216950041666667, 1, 1, 1, 1, 1, 1, 0, 1
1.216950125000000, 0, 1, 1, 1, 1, 1, 0, 1
1.216950166666667, 1, 1, 1, 1, 1, 1, 0, 1
1.216950250000000, 0, 1, 1, 1, 1, 1, 0, 1
1.216950291666667, 1, 1, 1, 1, 1, 1, 0, 1
1.216950375000000, 0, 1, 1, 1, 1, 1, 0, 1
1.216952000000000, 0, 1, 1, 1, 0, 1, 0, 1
1.216952041666667, 1, 1, 1, 1, 0, 1, 0, 1
1.216952125000000, 0, 1, 1, 1, 0, 1, 0, 1
1.216952166666667, 1, 1, 1, 1, 0, 1, 0, 1
1.216952250000000, 0, 1, 1, 1, 0, 1, 0, 1
1.216952291666667, 1, 1, 1, 1, 0, 1, 0, 1
1.216952375000000, 0, 1, 1, 1, 0, 1, 0, 1
1.216952416666667, 1, 1, 1, 1, 0, 1, 0, 1
1.216952500000000, 0, 1, 1, 1, 0, 1, 0, 1
1.216952541666667, 1, 1, 1, 1, 0, 1, 0, 1
1.216952625000000, 0, 1, 1, 1, 0, 1, 0, 1
1.216952666666667, 1, 1, 1, 1, 0, 1, 0, 1
1.216952750000000, 0, 1, 1, 1, 0, 1, 0, 1
1.216952791666667, 1, 1, 1, 1, 0, 1, 0, 1
1.216952875000000, 0, 1, 1, 1, 0, 1, 0, 1
1.216952916666667, 1, 1, 1, 1, 0, 1, 0, 1
1.216953000000000, 0, 1, 1, 1, 1, 1, 0, 1
1.216953916666667, 0, 1, 1, 1, 0, 1, 0, 1
1.216954000000000, 1, 1, 1, 1, 0, 1, 0, 1
1.216954041666667, 0, 1, 1, 1, 0, 1, 0, 1
1.216954125000000, 1, 1, 1, 1, 0, 1, 0, 1
1.216954166666667, 0, 1, 1, 1, 0, 1, 0, 1
1.216954250000000, 1, 1, 1, 1, 0, 1, 0, 1
1.216954291666667, 0, 1, 1, 1, 1, 1, 0, 1
1.216954375000000, 1, 1, 1, 1, 1, 1, 0, 1
1.216954416666667, 0, 1, 1, 1, 1, 1, 0, 1
1.216954500000000, 1, 1, 1, 1, 1, 1, 0, 1
1.216954541666667, 0, 1, 1, 1, 1, 1, 0, 1
1.216954625000000, 1, 1, 1, 1, 1, 1, 0, 1
1.216954666666667, 0, 1, 1, 1, 1, 1, 0, 1
1.216954750000000, 1, 1, 1, 1, 1, 1, 0, 1
1.216954791666667, 0, 1, 1, 1, 1, 1, 0, 1
1.216954875000000, 1, 1, 1, 1, 1, 1, 0, 1
1.216954916666667, 0, 1, 1, 1, 1, 1, 0, 1
1.216956541666667, 0, 1, 1, 1, 0, 1, 0, 1
1.216956625000000, 1, 1, 1, 1, 0, 1, 0, 1
1.216956666666667, 0, 1, 1, 1, 0, 1, 0, 1
1.216956750000000, 1, 1, 1, 1, 0, 1, 0, 1
1.216956791666667, 0, 1, 1, 1, 0, 1, 0, 1
1.216956875000000, 1, 1, 1, 1, 0, 1, 0, 1
1.216956916666667, 0, 1, 1, 1, 0, 1, 0, 1
1.216957000000000, 1, 1, 1, 1, 0, 1, 0, 1
1.216957041666667, 0, 1, 1, 1, 0, 1, 0, 1
1.216957125000000, 1, 1, 1, 1, 0, 1, 0, 1
1.216957166666667, 0, 1, 1, 1, 0, 1, 0, 1
1.216957250000000, 1, 1, 1, 1, 0, 1, 0, 1
1.216957291666667, 0, 1, 1, 1, 0, 1, 0, 1
1.216957375000000, 1, 1, 1, 1, 0, 1, 0, 1
1.216957416666667, 0, 1, 1, 1, 0, 1, 0, 1
1.216957500000000, 1, 1, 1, 1, 0, 1, 0, 1
1.216957541666667, 0, 1, 1, 1, 1, 1, 0, 1
1.216958500000000, 0, 1, 1, 1, 0, 1, 0, 1
1.216958541666667, 1, 1, 1, 1, 0, 1, 0, 1
1.216958625000000, 0, 1, 1, 1, 0, 1, 0, 1
1.216958666666667, 1, 1, 1, 1, 0, 1, 0, 1
1.216958750000000, 0, 1, 1, 1, 0, 1, 0, 1
1.216958791666667, 1, 1, 1, 1, 0, 1, 0, 1
1.216958875000000, 0, 1, 1, 1, 1, 1, 0, 1
1.216958916666667, 1, 1, 1, 1, 1, 1, 0, 1
1.216959000000000, 0, 1, 1, 1, 1, 1, 0, 1
1.216959041666667, 1, 1, 1, 1, 1, 1, 0, 1
1.216959125000000, 0, 1, 1, 1, 1, 1, 0, 1
1.216959166666667, 1, 1, 1, 1, 1, 1, 0, 1
1.216959250000000, 0, 1, 1, 1, 1, 1, 0, 1
1.216959291666667, 1, 1, 1, 1, 1, 1, 0, 1
1.216959375000000, 0, 1, 1, 1, 1, 1, 0, 1
1.216959416666667, 1, 1, 1, 1, 1, 1, 0, 1
1.216959500000000, 0, 1, 1, 1, 1, 1, 0, 1
1.216961125000000, 0, 1, 1, 1, 0, 1, 0, 1
1.216961166666667, 1, 1, 1, 1, 0, 1, 0, 1
1.216961250000000, 0, 1, 1, 1, 0, 1, 0, 1
1.216961291666667, 1, 1, 1, 1, 0, 1, 0, 1
1.216961375000000, 0, 1, 1, 1, 0, 1, 0, 1
1.216961416666667, 1, 1, 1, 1, 0, 1, 0, 1
1.216961500000000, 0, 1, 1, 1, 0, 1, 0, 1
1.216961541666667, 1, 1, 1, 1, 0, 1, 0, 1
1.216961625000000, 0, 1, 1, 1, 0, 1, 0, 1
1.216961666666667, 1, 1, 1, 1, 0, 1, 0, 1
1.216961750000000, 0, 1, 1, 1, 0, 1, 0, 1
1.216961791666667, 1, 1, 1, 1, 0, 1, 0, 1
1.216961875000000, 0, 1, 1, 1, 0, 1, 0, 1
1.216961916666667, 1, 1, 1, 1, 0, 1, 0, 1
1.216962000000000, 0, 1, 1, 1, 0, 1, 0, 1
1.216962041666667, 1, 1, 1, 1, 0, 1, 0, 1
1.216962125000000, 0, 1, 1, 1, 1, 1, 0, 1
1.216963041666667, 0, 1, 1, 1, 0, 1, 0, 1
1.216963125000000, 1, 1, 1, 1, 0, 1, 0, 1
1.216963166666667, 0, 1, 1, 1, 0, 1, 0, 1
1.216963250000000, 1, 1, 1, 1, 0, 1, 0, 1
1.216963291666667, 0, 1, 1, 1, 0, 1, 0, 1
1.216963375000000, 1, 1, 1, 1, 0, 1, 0, 1
1.216963416666667, 0, 1, 1, 1, 1, 1, 0, 1
1.216963500000000, 1, 1, 1, 1, 1, 1, 0, 1
1.216963541666667, 0, 1, 1, 1, 1, 1, 0, 1
1.216963625000000, 1, 1, 1, 1, 1, 1, 0, 1
1.216963666666667, 0, 1, 1, 1, 1, 1, 0, 1
1.216963750000000, 1, 1, 1, 1, 1, 1, 0, 1
1.216963791666667, 0, 1, 1, 1, 1, 1, 0, 1
1.216963875000000, 1, 1, 1, 1, 1, 1, 0, 1
1.216963916666667, 0, 1, 1, 1, 1, 1, 0, 1
1.216964000000000, 1, 1, 1, 1, 1, 1, 0, 1
1.216964041666667, 0, 1, 1, 1, 1, 1, 0, 1
1.216965666666667, 0, 1, 1, 1, 0, 1, 0, 1
1.216965750000000, 1, 1, 1, 1, 0, 1, 0, 1
1.216965791666667, 0, 1, 1, 1, 0, 1, 0, 1
1.216965875000000, 1, 1, 1, 1, 0, 1, 0, 1
1.216965916666667, 0, 1, 1, 1, 0, 1, 0, 1
1.216966000000000, 1, 1, 1, 1, 0, 1, 0, 1
1.216966041666667, 0, 1, 1, 1, 0, 1, 0, 1
1.216966125000000, 1, 1, 1, 1, 0, 1, 0, 1
1.216966166666667, 0, 1, 1, 1, 0, 1, 0, 1
1.216966250000000, 1, 1, 1, 1, 0, 1, 0, 1
1.216966291666667, 0, 1, 1, 1, 0, 1, 0, 1
1.216966375000000, 1, 1, 1, 1, 0, 1, 0, 1
1.216966416666667, 0, 1, 1, 1, 0, 1, 0, 1
1.216966500000000, 1, 1, 1, 1, 0, 1, 0, 1
1.216966541666667, 0, 1, 1, 1, 0, 1, 0, 1
1.216966625000000, 1, 1, 1, 1, 0, 1, 0, 1
1.216966666666667, 0, 1, 1, 1, 1, 1, 0, 1
1.216967625000000, 0, 1, 1, 1, 0, 1, 0, 1
1.216967666666667, 1, 1, 1, 1, 0, 1, 0, 1
1.216967750000000, 0, 1, 1, 1, 0, 1, 0, 1
1.216967791666667, 1, 1, 1, 1, 0, 1, 0, 1
1.216967875000000, 0, 1, 1, 1, 0, 1, 0, 1
1.216967916666667, 1, 1, 1, 1, 0, 1, 0, 1
1.216968000000000, 0, 1, 1, 1, 1, 1, 0, 1
1.216968041666667, 1, 1, 1, 1, 1, 1, 0, 1
1.216968125000000, 0, 1, 1, 1, 1, 1, 0, 1
1.216968166666667, 1, 1, 1, 1, 1, 1, 0, 1
1.216968250000000, 0, 1, 1, 1, 1, 1, 0, 1
1.216968291666667, 1, 1, 1, 1, 1, 1, 0, 1
1.216968375000000, 0, 1, 1, 1, 1, 1, 0, 1
1.216968416666667, 1, 1, 1, 1, 1, 1, 0, 1
1.216968500000000, 0, 1, 1, 1, 1, 1, 0, 1
1.216968541666667, 1, 1, 1, 1, 1, 1, 0, 1
1.216968625000000, 0, 1, 1, 1, 1, 1, 0, 1
1.216970250000000, 0, 1, 1, 1, 0, 1, 0, 1
1.216970291666667, 1, 1, 1, 1, 0, 1, 0, 1
1.216970375000000, 0, 1, 1, 1, 0, 1, 0, 1
1.216970416666667, 1, 1, 1, 1, 0, 1, 0, 1
1.216970500000000, 0, 1, 1, 1, 0, 1, 0, 1
1.216970541666667, 1, 1, 1, 1, 0, 1, 0, 1
1.216970625000000, 0, 1, 1, 1, 0, 1, 0, 1
1.216970666666667, 1, 1, 1, 1, 0, 1, 0, 1
1.216970750000000, 0, 1, 1, 1, 0, 1, 0, 1
1.216970791666667, 1, 1, 1, 1, 0, 1, 0, 1
1.216970875000000, 0, 1, 1, 1, 0, 1, 0, 1
1.216970916666667, 1, 1, 1, 1, 0, 1, 0, 1
1.216971000000000, 0, 1, 1, 1, 0, 1, 0, 1
1.216971041666667, 1, 1, 1, 1, 0, 1, 0, 1
1.216971125000000, 0, 1, 1, 1, 0, 1, 0, 1
1.216971166666667, 1, 1, 1, 1, 0, 1, 0, 1
1.216971250000000, 0, 1, 1, 1, 1, 1, 0, 1
1.216972166666667, 0, 1, 1, 1, 0, 1, 0, 1
1.216972250000000, 1, 1, 1, 1, 0, 1, 0, 1
1.216972291666667, 0, 1, 1, 1, 0, 1, 0, 1
1.216972375000000, 1, 1, 1, 1, 0, 1, 0, 1
1.216972416666667, 0, 1, 1, 1, 0, 1, 0, 1
1.216972500000000, 1, 1, 1, 1, 0, 1, 0, 1
1.216972541666667, 0, 1, 1, 1, 1, 1, 0, 1
1.216972625000000, 1, 1, 1, 1, 1, 1, 0, 1
1.216972666666667, 0, 1, 1, 1, 1, 1, 0, 1
1.216972750000000, 1, 1, 1, 1, 1, 1, 0, 1
1.216972791666667, 0, 1, 1, 1, 1, 1, 0, 1
1.216972875000000, 1, 1, 1, 1, 1, 1, 0, 1
1.216972916666667, 0, 1, 1, 1, 1, 1, 0, 1
1.216973000000000, 1, 1, 1, 1, 1, 1, 0, 1
1.216973041666667, 0, 1, 1, 1, 1, 1, 0, 1
1.216973125000000, 1, 1, 1, 1, 1, 1, 0, 1
1.216973166666667, 0, 1, 1, 1, 1, 1, 0, 1
1.216974791666667, 0, 1, 1, 1, 0, 1, 0, 1
1.216974875000000, 1, 1, 1, 1, 0, 1, 0, 1
1.216974916666667, 0, 1, 1, 1, 0, 1, 0, 1
1.216975000000000, 1, 1, 1, 1, 0, 1, 0, 1
1.216975041666667, 0, 1, 1, 1, 0, 1, 0, 1
1.216975125000000, 1, 1, 1, 1, 0, 1, 0, 1
1.216975166666667, 0, 1, 1, 1, 0, 1, 0, 1
1.216975250000000, 1, 1, 1, 1, 0, 1, 0, 1
1.216975291666667, 0, 1, 1, 1, 0, 1, 0, 1
1.216975375000000, 1, 1, 1, 1, 0, 1, 0, 1
1.216975416666667, 0, 1, 1, 1, 0, 1, 0, 1
1.216975500000000, 1, 1, 1, 1, 0, 1, 0, 1
1.216975541666667, 0, 1, 1, 1, 0, 1, 0, 1
1.216975625000000, 1, 1, 1, 1, 0, 1, 0, 1
1.216975666666667, 0, 1, 1, 1, 0, 1, 0, 1
1.216975750000000, 1, 1, 1, 1, 0, 1, 0, 1
1.216975791666667, 0, 1, 1, 1, 1, 1, 0, 1
1.216976750000000, 0, 1, 1, 1, 0, 1, 0, 1
1.216976791666667, 1, 1, 1, 1, 0, 1, 0, 1
1.216976875000000, 0, 1, 1, 1, 0, 1, 0, 1
1.216976916666667, 1, 1, 1, 1, 0, 1, 0, 1
1.216977000000000, 0, 1, 1, 1, 0, 1, 0, 1
1.216977041666667, 1, 1, 1, 1, 0, 1, 0, 1
1.216977125000000, 0, 1, 1, 1, 1, 1, 0, 1
1.216977166666667, 1, 1, 1, 1, 1, 1, 0, 1
1.216977250000000, 0, 1, 1, 1, 1, 1, 0, 1
1.216977291666667, 1, 1, 1, 1, 1, 1, 0, 1
1.216977375000000, 0, 1, 1, 1, 1, 1, 0, 1
1.216977416666667, 1, 1, 1, 1, 1, 1, 0, 1
1.216977500000000, 0, 1, 1, 1, 1, 1, 0, 1
1.216977541666667, 1, 1, 1, 1, 1, 1, 0, 1
1.216977625000000, 0, 1, 1, 1, 1, 1, 0, 1
1.216977666666667, 1, 1, 1, 1, 1, 1, 0, 1
1.216977750000000, 0, 1, 1, 1, 1, 1, 0, 1
1.216979375000000, 0, 1, 1, 1, 0, 1, 0, 1
1.216979416666667, 1, 1, 1, 1, 0, 1, 0, 1
1.216979500000000, 0, 1, 1, 1, 0, 1, 0, 1
1.216979541666667, 1, 1, 1, 1, 0, 1, 0, 1
1.216979625000000, 0, 1, 1, 1, 0, 1, 0, 1
1.216979666666667, 1, 1, 1, 1, 0, 1, 0, 1
1.216979750000000, 0, 1, 1, 1, 0, 1, 0, 1
1.216979791666667, 1, 1, 1, 1, 0, 1, 0, 1
1.216979875000000, 0, 1, 1, 1, 0, 1, 0, 1
1.216979916666667, 1, 1, 1, 1, 0, 1, 0, 1
1.216980000000000, 0, 1, 1, 1, 0, 1, 0, 1
1.216980041666667, 1, 1, 1, 1, 0, 1, 0, 1
1.216980125000000, 0, 1, 1, 1, 0, 1, 0, 1
1.216980166666667, 1, 1, 1, 1, 0, 1, 0, 1
1.216980250000000, 0, 1, 1, 1, 0, 1, 0, 1
1.216980291666667, 1, 1, 1, 1, 0, 1, 0, 1
1.216980375000000, 0, 1, 1, 1, 1, 1, 0, 1
1.216981291666667, 0, 1, 1, 1, 0, 1, 0, 1
1.216981375000000, 1, 1, 1, 1, 0, 1, 0, 1
1.216981416666667, 0, 1, 1, 1, 0, 1, 0, 1
1.216981500000000, 1, 1, 1, 1, 0, 1, 0, 1
1.216981541666667, 0, 1, 1, 1, 0, 1, 0, 1
1.216981625000000, 1, 1, 1, 1, 0, 1, 0, 1
1.216981666666667, 0, 1, 1, 1, 1, 1, 0, 1
1.216981750000000, 1, 1, 1, 1, 1, 1, 0, 1
1.216981791666667, 0, 1, 1, 1, 1, 1, 0, 1
1.216981875000000, 1, 1, 1, 1, 1, 1, 0, 1
1.216981916666667, 0, 1, 1, 1, 1, 1, 0, 1
1.216982000000000, 1, 1, 1, 1, 1, 1, 0, 1
1.216982041666667, 0, 1, 1, 1, 1, 1, 0, 1
1.216982125000000, 1, 1, 1, 1, 1, 1, 0, 1
1.216982166666667, 0, 1, 1, 1, 1, 1, 0, 1
1.216982250000000, 1, 1, 1, 1, 1, 1, 0, 1
1.216982291666667, 0, 1, 1, 1, 1, 1, 0, 1
1.216983916666667, 0, 1, 1, 1, 0, 1, 0, 1
1.216984000000000, 1, 1, 1, 1, 0, 1, 0, 1
1.216984041666667, 0, 1, 1, 1, 0, 1, 0, 1
1.216984125000000, 1, 1, 1, 1, 0, 1, 0, 1
1.216984166666667, 0, 1, 1, 1, 0, 1, 0, 1
1.216984250000000, 1, 1, 1, 1, 0, 1, 0, 1
1.216984291666667, 0, 1, 1, 1, 0, 1, 0, 1
1.216984375000000, 1, 1, 1, 1, 0, 1, 0, 1
1.216984416666667, 0, 1, 1, 1, 0, 1, 0, 1
1.216984500000000, 1, 1, 1, 1, 0, 1, 0, 1
1.216984541666667, 0, 1, 1, 1, 0, 1, 0, 1
1.216984625000000, 1, 1, 1, 1, 0, 1, 0, 1
1.216984666666667, 0, 1, 1, 1, 0, 1, 0, 1
1.216984750000000, 1, 1, 1, 1, 0, 1, 0, 1
1.216984791666667, 0, 1, 1, 1, 0, 1, 0, 1
1.216984875000000, 1, 1, 1, 1, 0, 1, 0, 1
1.216984916666667, 0, 1, 1, 1, 1, 1, 0, 1
1.216985875000000, 0, 1, 1, 1, 0, 1, 0, 1
1.216985916666667, 1, 1, 1, 1, 0, 1, 0, 1
1.216986000000000, 0, 1, 1, 1, 0, 1, 0, 1
1.216986041666667, 1, 1, 1, 1, 0, 1, 0, 1
1.216986125000000, 0, 1, 1, 1, 0, 1, 0, 1
1.216986166666667, 1, 1, 1, 1, 0, 1, 0, 1
1.216986250000000, 0, 1, 1, 1, 1, 1, 0, 1
1.216986291666667, 1, 1, 1, 1, 1, 1, 0, 1
1.216986375000000, 0, 1, 1, 1, 1, 1, 0, 1
1.216986416666667, 1, 1, 1, 1, 1, 1, 0, 1
1.216986500000000, 0, 1, 1, 1, 1, 1, 0, 1
1.216986541666667, 1, 1, 1, 1, 1, 1, 0, 1
1.216986625000000, 0, 1, 1, 1, 1, 1, 0, 1
1.216986666666667, 1, 1, 1, 1, 1, 1, 0, 1
1.216986750000000, 0, 1, 1, 1, 1, 1, 0, 1
1.216986791666667, 1, 1, 1, 1, 1, 1, 0, 1
1.216986875000000, 0, 1, 1, 1, 1, 1, 0, 1
1.216988500000000, 0, 1, 1, 1, 0, 1, 0, 1
1.216988541666667, 1, 1, 1, 1, 0, 1, 0, 1
1.216988625000000, 0, 1, 1, 1, 0, 1, 0, 1
1.216988666666667, 1, 1, 1, 1, 0, 1, 0, 1
1.216988750000000, 0, 1, 1, 1, 0, 1, 0, 1
1.216988791666667, 1, 1, 1, 1, 0, 1, 0, 1
1.216988875000000, 0, 1, 1, 1, 0, 1, 0, 1
1.216988916666667, 1, 1, 1, 1, 0, 1, 0, 1
1.216989000000000, 0, 1, 1, 1, 0, 1, 0, 1
1.216989041666667, 1, 1, 1, 1, 0, 1, 0, 1
1.216989125000000, 0, 1, 1, 1, 0, 1, 0, 1
1.216989166666667, 1, 1, 1, 1, 0, 1, 0, 1
1.216989250000000, 0, 1, 1, 1, 0, 1, 0, 1
1.216989291666667, 1, 1, 1, 1, 0, 1, 0, 1
1.216989375000000, 0, 1, 1, 1, 0, 1, 0, 1
1.216989416666667, 1, 1, 1, 1, 0, 1, 0, 1
1.216989500000000, 0, 1, 1, 1, 1, 1, 0, 1
1.216990416666667, 0, 1, 1, 1, 0, 1, 0, 1
1.216990500000000, 1, 1, 1, 1, 0, 1, 0, 1
1.216990541666667, 0, 1, 1, 1, 0, 1, 0, 1
1.216990625000000, 1, 1, 1, 1, 0, 1, 0, 1
1.216990666666667, 0, 1, 1, 1, 0, 1, 0, 1
1.216990750000000, 1, 1, 1, 1, 0, 1, 0, 1
1.216990791666667, 0, 1, 1, 1, 1, 1, 0, 1
1.216990875000000, 1, 1, 1, 1, 1, 1, 0, 1
1.216990916666667, 0, 1, 1, 1, 1, 1, 0, 1
1.216991000000000, 1, 1, 1, 1, 1, 1, 0, 1
1.216991041666667, 0, 1, 1, 1, 1, 1, 0, 1
1.216991125000000, 1, 1, 1, 1, 1, 1, 0, 1
1.216991166666667, 0, 1, 1, 1, 1, 1, 0, 1
1.216991250000000, 1, 1, 1, 1, 1, 1, 0, 1
1.216991291666667, 0, 1, 1, 1, 1, 1, 0, 1
1.216991375000000, 1, 1, 1, 1, 1, 1, 0, 1
1.216991416666667, 0, 1, 1, 1, 1, 1, 0, 1
1.216993041666667, 0, 1, 1, 1, 0, 1, 0, 1
1.216993125000000, 1, 1, 1, 1, 0, 1, 0, 1
1.216993166666667, 0, 1, 1, 1, 0, 1, 0, 1
1.216993250000000, 1, 1, 1, 1, 0, 1, 0, 1
1.216993291666667, 0, 1, 1, 1, 0, 1, 0, 1
1.216993375000000, 1, 1, 1, 1, 0, 1, 0, 1
1.216993416666667, 0, 1, 1, 1, 0, 1, 0, 1
1.216993500000000, 1, 1, 1, 1, 0, 1, 0, 1
1.216993541666667, 0, 1, 1, 1, 0, 1, 0, 1
1.216993625000000, 1, 1, 1, 1, 0, 1, 0, 1
1.216993666666667, 0, 1, 1, 1, 0, 1, 0, 1
1.216993750000000, 1, 1, 1, 1, 0, 1, 0, 1
1.216993791666667, 0, 1, 1, 1, 0, 1, 0, 1
1.216993875000000, 1, 1, 1, 1, 0, 1, 0, 1
1.216993916666667, 0, 1, 1, 1, 0, 1, 0, 1
1.216994000000000, 1, 1, 1, 1, 0, 1, 0, 1
1.216994041666667, 0, 1, 1, 1, 1, 1, 0, 1
1.216995000000000, 0, 1, 1, 1, 0, 1, 0, 1
1.216995041666667, 1, 1, 1, 1, 0, 1, 0, 1
1.216995125000000, 0, 1, 1, 1, 0, 1, 0, 1
1.216995166666667, 1, 1, 1, 1, 0, 1, 0, 1
1.216995250000000, 0, 1, 1, 1, 0, 1, 0, 1
1.216995291666667, 1, 1, 1, 1, 0, 1, 0, 1
1.216995375000000, 0, 1, 1, 1, 1, 1, 0, 1
1.216995416666667, 1, 1, 1, 1, 1, 1, 0, 1
1.216995500000000, 0, 1, 1, 1, 1, 1, 0, 1
1.216995541666667, 1, 1, 1, 1, 1, 1, 0, 1
1.216995625000000, 0, 1, 1, 1, 1, 1, 0, 1
1.216995666666667, 1, 1, 1, 1, 1, 1, 0, 1
1.216995750000000, 0, 1, 1, 1, 1, 1, 0, 1
1.216995791666667, 1, 1, 1, 1, 1, 1, 0, 1
1.216995875000000, 0, 1, 1, 1, 1, 1, 0, 1
1.216995916666667, 1, 1, 1, 1, 1, 1, 0, 1
1.216996000000000, 0, 1, 1, 1, 1, 1, 0, 1
1.216997625000000, 0, 1, 1, 1, 0, 1, 0, 1
1.216997666666667, 1, 1, 1, 1, 0, 1, 0, 1
1.216997750000000, 0, 1, 1, 1, 0, 1, 0, 1
1.216997791666667, 1, 1, 1, 1, 0, 1, 0, 1
1.216997875000000, 0, 1, 1, 1, 0, 1, 0, 1
1.216997916666667, 1, 1, 1, 1, 0, 1, 0, 1
1.216998000000000, 0, 1, 1, 1, 0, 1, 0, 1
1.216998041666667, 1, 1, 1, 1, 0, 1, 0, 1
1.216998125000000, 0, 1, 1, 1, 0, 1, 0, 1
1.216998166666667, 1, 1, 1, 1, 0, 1, 0, 1
1.216998250000000, 0, 1, 1, 1, 0, 1, 0, 1
1.216998291666667, 1, 1, 1, 1, 0, 1, 0, 1
1.216998375000000, 0, 1, 1, 1, 0, 1, 0, 1
1.216998416666667, 1, 1, 1, 1, 0, 1, 0, 1
1.216998500000000, 0, 1, 1, 1, 0, 1, 0, 1
1.216998541666667, 1, 1, 1, 1, 0, 1, 0, 1
1.216998625000000, 0, 1, 1, 1, 1, 1, 0, 1
1.216999541666667, 0, 1, 1, 1, 0, 1, 0, 1
1.216999625000000, 1, 1, 1, 1, 0, 1, 0, 1
1.216999666666667, 0, 1, 1, 1, 0, 1, 0, 1
1.216999750000000, 1, 1, 1, 1, 0, 1, 0, 1
1.216999791666667, 0, 1, 1, 1, 0, 1, 0, 1
1.216999875000000, 1, 1, 1, 1, 0, 1, 0, 1
1.216999916666667, 0, 1, 1, 1, 1, 1, 0, 1
1.217000000000000, 1, 1, 1, 1, 1, 1, 0, 1
1.217000041666667, 0, 1, 1, 1, 1, 1, 0, 1
1.217000125000000, 1, 1, 1, 1, 1, 1, 0, 1
1.217000166666667, 0, 1, 1, 1, 1, 1, 0, 1
1.217000250000000, 1, 1, 1, 1, 1, 1, 0, 1
1.217000291666667, 0, 1, 1, 1, 1, 1, 0, 1
1.217000375000000, 1, 1, 1, 1, 1, 1, 0, 1
1.217000416666667, 0, 1, 1, 1, 1, 1, 0, 1
1.217000500000000, 1, 1, 1, 1, 1, 1, 0, 1
1.217000541666667, 0, 1, 1, 1, 1, 1, 0, 1
1.217002166666667, 0, 1, 1, 1, 0, 1, 0, 1
1.217002250000000, 1, 1, 1, 1, 0, 1, 0, 1
1.217002291666667, 0, 1, 1, 1, 0, 1, 0, 1
1.217002375000000, 1, 1, 1, 1, 0, 1, 0, 1
1.217002416666667, 0, 1, 1, 1, 0, 1, 0, 1
1.217002500000000, 1, 1, 1, 1, 0, 1, 0, 1
1.217002541666667, 0, 1, 1, 1, 0, 1, 0, 1
1.217002625000000, 1, 1, 1, 1, 0, 1, 0, 1
1.217002666666667, 0, 1, 1, 1, 0, 1, 0, 1
1.217002750000000, 1, 1, 1, 1, 0, 1, 0, 1
1.217002791666667, 0, 1, 1, 1, 0, 1, 0, 1
1.217002875000000, 1, 1, 1, 1, 0, 1, 0, 1
1.217002916666667, 0, 1, 1, 1, 0, 1, 0, 1
1.217003000000000, 1, 1, 1, 1, 0, 1, 0, 1
1.217003041666667, 0, 1, 1, 1, 0, 1, 0, 1
1.217003125000000, 1, 1, 1, 1, 0, 1, 0, 1
1.217003166666667, 0, 1, 1, 1, 1, 1, 0, 1
1.217004125000000, 0, 1, 1, 1, 0, 1, 0, 1
1.217004166666667, 1, 1, 1, 1, 0, 1, 0, 1
1.217004250000000, 0, 1, 1, 1, 0, 1, 0, 1
1.217004291666667, 1, 1, 1, 1, 0, 1, 0, 1
1.217004375000000, 0, 1, 1, 1, 0, 1, 0, 1
1.217004416666667, 1, 1, 1, 1, 0, 1, 0, 1
1.217004500000000, 0, 1, 1, 1, 1, 1, 0, 1
1.217004541666667, 1, 1, 1, 1, 1, 1, 0, 1
1.217004625000000, 0, 1, 1, 1, 1, 1, 0, 1
1.217004666666667, 1, 1, 1, 1, 1, 1, 0, 1
1.217004750000000, 0, 1, 1, 1, 1, 1, 0, 1
1.217004791666667, 1, 1, 1, 1, 1, 1, 0, 1
1.217004875000000, 0, 1, 1, 1, 1, 1, 0, 1
1.217004916666667, 1, 1, 1, 1, 1, 1, 0, 1
1.217005000000000, 0, 1, 1, 1, 1, 1, 0, 1
1.217005041666667, 1, 1, 1, 1, 1, 1, 0, 1
1.217005125000000, 0, 1, 1, 1, 1, 1, 0, 1
1.217006750000000, 0, 1, 1, 1, 0, 1, 0, 1
1.217006791666667, 1, 1, 1, 1, 0, 1, 0, 1
1.217006875000000, 0, 1, 1, 1, 0, 1, 0, 1
1.217006916666667, 1, 1, 1, 1, 0, 1, 0, 1
1.217007000000000, 0, 1, 1, 1, 0, 1, 0, 1
1.217007041666667, 1, 1, 1, 1, 0, 1, 0, 1
1.217007125000000, 0, 1, 1, 1, 0, 1, 0, 1
1.217007166666667, 1, 1, 1, 1, 0, 1, 0, 1
1.217007250000000, 0, 1, 1, 1, 0, 1, 0, 1
1.217007291666667, 1, 1, 1, 1, 0, 1, 0, 1
1.217007375000000, 0, 1, 1, 1, 0, 1, 0, 1
1.217007416666667, 1, 1, 1, 1, 0, 1, 0, 1
1.217007500000000, 0, 1, 1, 1, 0, 1, 0, 1
1.217007541666667, 1, 1, 1, 1, 0, 1, 0, 1
1.217007625000000, 0, 1, 1, 1, 0, 1, 0, 1
1.217007666666667, 1, 1, 1, 1, 0, 1, 0, 1
1.217007750000000, 0, 1, 1, 1, 1, 1, 0, 1
1.217008666666667, 0, 1, 1, 1, 0, 1, 0, 1
1.217008750000000, 1, 1, 1, 1, 0, 1, 0, 1
1.217008791666667, 0, 1, 1, 1, 0, 1, 0, 1
1.217008875000000, 1, 1, 1, 1, 0, 1, 0, 1
1.217008916666667, 0, 1, 1, 1, 0, 1, 0, 1
1.217009000000000, 1, 1, 1, 1, 0, 1, 0, 1
1.217009041666667, 0, 1, 1, 1, 1, 1, 0, 1
1.217009125000000, 1, 1, 1, 1, 1, 1, 0, 1
1.217009166666667, 0, 1, 1, 1, 1, 1, 0, 1
1.217009250000000, 1, 1, 1, 1, 1, 1, 0, 1
1.217009291666667, 0, 1, 1, 1, 1, 1, 0, 1
1.217009375000000, 1, 1, 1, 1, 1, 1, 0, 1
1.217009416666667, 0, 1, 1, 1, 1, 1, 0, 1
1.217009500000000, 1, 1, 1, 1, 1, 1, 0, 1
1.217009541666667, 0, 1, 1, 1, 1, 1, 0, 1
1.217009625000000, 1, 1, 1, 1, 1, 1, 0, 1
1.217009666666667, 0, 1, 1, 1, 1, 1, 0, 1
1.217011291666667, 0, 1, 1, 1, 0, 1, 0, 1
1.217011375000000, 1, 1, 1, 1, 0, 1, 0, 1
1.217011416666667, 0, 1, 1, 1, 0, 1, 0, 1
1.217011500000000, 1, 1, 1, 1, 0, 1, 0, 1
1.217011541666667, 0, 1, 1, 1, 0, 1, 0, 1
1.217011625000000, 1, 1, 1, 1, 0, 1, 0, 1
1.217011666666667, 0, 1, 1, 1, 0, 1, 0, 1
1.217011750000000, 1, 1, 1, 1, 0, 1, 0, 1
1.217011791666667, 0, 1, 1, 1, 0, 1, 0, 1
1.217011875000000, 1, 1, 1, 1, 0, 1, 0, 1
1.217011916666667, 0, 1, 1, 1, 0, 1, 0, 1
1.217012000000000, 1, 1, 1, 1, 0, 1, 0, 1
1.217012041666667, 0, 1, 1, 1, 0, 1, 0, 1
1.217012125000000, 1, 1, 1, 1, 0, 1, 0, 1
1.217012166666667, 0, 1, 1, 1, 0, 1, 0, 1
1.217012250000000, 1, 1, 1, 1, 0, 1, 0, 1
1.217012291666667, 0, 1, 1, 1, 1, 1, 0, 1
1.217013250000000, 0, 1, 1, 1, 0, 1, 0, 1
1.217013291666667, 1, 1, 1, 1, 0, 1, 0, 1
1.217013375000000, 0, 1, 1, 1, 0, 1, 0, 1
1.217013416666667, 1, 1, 1, 1, 0, 1, 0, 1
1.217013500000000, 0, 1, 1, 1, 0, 1, 0, 1
1.217013541666667, 1, 1, 1, 1, 0, 1, 0, 1
1.217013625000000, 0, 1, 1, 1, 1, 1, 0, 1
1.217013666666667, 1, 1, 1, 1, 1, 1, 0, 1
1.217013750000000, 0, 1, 1, 1, 1, 1, 0, 1
1.217013791666667, 1, 1, 1, 1, 1, 1, 0, 1
1.217013875000000, 0, 1, 1, 1, 1, 1, 0, 1
1.217013916666667, 1, 1, 1, 1, 1, 1, 0, 1
1.217014000000000, 0, 1, 1, 1, 1, 1, 0, 1
1.217014041666667, 1, 1, 1, 1, 1, 1, 0, 1
1.217014125000000, 0, 1, 1, 1, 1, 1, 0, 1
1.217014166666667, 1, 1, 1, 1, 1, 1, 0, 1
1.217014250000000, 0, 1, 1, 1, 1, 1, 0, 1
1.217015875000000, 0, 1, 1, 1, 0, 1, 0, 1
1.217015916666667, 1, 1, 1, 1, 0, 1, 0, 1
1.217016000000000, 0, 1, 1, 1, 0, 1, 0, 1
1.217016041666667, 1, 1, 1, 1, 0, 1, 0, 1
1.217016125000000, 0, 1, 1, 1, 0, 1, 0, 1
1.217016166666667, 1, 1, 1, 1, 0, 1, 0, 1
1.217016250000000, 0, 1, 1, 1, 0, 1, 0, 1
1.217016291666667, 1, 1, 1, 1, 0, 1, 0, 1
1.217016375000000, 0, 1, 1, 1, 0, 1, 0, 1
1.217016416666667, 1, 1, 1, 1, 0, 1, 0, 1
1.217016500000000, 0, 1, 1, 1, 0, 1, 0, 1
1.217016541666667, 1, 1, 1, 1, 0, 1, 0, 1
1.217016625000000, 0, 1, 1, 1, 0, 1, 0, 1
1.217016666666667, 1, 1, 1, 1, 0, 1, 0, 1
1.217016750000000, 0, 1, 1, 1, 0, 1, 0, 1
1.217016791666667, 1, 1, 1, 1, 0, 1, 0, 1
1.217016875000000, 0, 1, 1, 1, 1, 1, 0, 1
1.217017791666667, 0, 1, 1, 1, 0, 1, 0, 1
1.217017875000000, 1, 1, 1, 1, 0, 1, 0, 1
1.217017916666667, 0, 1, 1, 1, 0, 1, 0, 1
1.217018000000000, 1, 1, 1, 1, 0, 1, 0, 1
1.217018041666667, 0, 1, 1, 1, 0, 1, 0, 1
1.217018125000000, 1, 1, 1, 1, 0, 1, 0, 1
1.217018166666667, 0, 1, 1, 1, 1, 1, 0, 1
1.217018250000000, 1, 1, 1, 1, 1, 1, 0, 1
1.217018291666667, 0, 1, 1, 1, 1, 1, 0, 1
1.217018375000000, 1, 1, 1, 1, 1, 1, 0, 1
1.217018416666667, 0, 1, 1, 1, 1, 1, 0, 1
1.217018500000000, 1, 1, 1, 1, 1, 1, 0, 1
1.217018541666667, 0, 1, 1, 1, 1, 1, 0, 1
1.217018625000000, 1, 1, 1, 1, 1, 1, 0, 1
1.217018666666667, 0, 1, 1, 1, 1, 1, 0, 1
1.217018750000000, 1, 1, 1, 1, 1, 1, 0, 1
1.217018791666667, 0, 1, 1, 1, 1, 1, 0, 1
1.217020416666667, 0, 1, 1, 1, 0, 1, 0, 1
1.217020500000000, 1, 1, 1, 1, 0, 1, 0, 1
1.217020541666667, 0, 1, 1, 1, 0, 1, 0, 1
1.217020625000000, 1, 1, 1, 1, 0, 1, 0, 1
1.217020666666667, 0, 1, 1, 1, 0, 1, 0, 1
1.217020750000000, 1, 1, 1, 1, 0, 1, 0, 1
1.217020791666667, 0, 1, 1, 1, 0, 1, 0, 1
1.217020875000000, 1, 1, 1, 1, 0, 1, 0, 1
1.217020916666667, 0, 1, 1, 1, 0, 1, 0, 1
1.217021000000000, 1, 1, 1, 1, 0, 1, 0, 1
1.217021041666667, 0, 1, 1, 1, 0, 1, 0, 1
1.217021125000000, 1, 1, 1, 1, 0, 1, 0, 1
1.217021166666667, 0, 1, 1, 1, 0, 1, 0, 1
1.217021250000000, 1, 1, 1, 1, 0, 1, 0, 1
1.217021291666667, 0, 1, 1, 1, 0, 1, 0, 1
1.217021375000000, 1, 1, 1, 1, 0, 1, 0, 1
1.217021416666667, 0, 1, 1, 1, 1, 1, 0, 1
1.217022375000000, 0, 1, 1, 1, 0, 1, 0, 1
1.217022416666667, 1, 1, 1, 1, 0, 1, 0, 1
1.217022500000000, 0, 1, 1, 1, 0, 1, 0, 1
1.217022541666667, 1, 1, 1, 1, 0, 1, 0, 1
1.217022625000000, 0, 1, 1, 1, 0, 1, 0, 1
1.217022666666667, 1, 1, 1, 1, 0, 1, 0, 1
1.217022750000000, 0, 1, 1, 1, 1, 1, 0, 1
1.217022791666667, 1, 1, 1, 1, 1, 1, 0, 1
1.217022875000000, 0, 1, 1, 1, 1, 1, 0, 1
1.217022916666667, 1, 1, 1, 1, 1, 1, 0, 1
1.217023000000000, 0, 1, 1, 1, 1, 1, 0, 1
1.217023041666667, 1, 1, 1, 1, 1, 1, 0, 1
1.217023125000000, 0, 1, 1, 1, 1, 1, 0, 1
1.217023166666667, 1, 1, 1, 1, 1, 1, 0, 1
1.217023250000000, 0, 1, 1, 1, 1, 1, 0, 1
1.217023291666667, 1, 1, 1, 1, 1, 1, 0, 1
1.217023375000000, 0, 1, 1, 1, 1, 1, 0, 1
1.217025000000000, 0, 1, 1, 1, 0, 1, 0, 1
1.217025041666667, 1, 1, 1, 1, 0, 1, 0, 1
1.217025125000000, 0, 1, 1, 1, 0, 1, 0, 1
1.217025166666667, 1, 1, 1, 1, 0, 1, 0, 1
1.217025250000000, 0, 1, 1, 1, 0, 1, 0, 1
1.217025291666667, 1, 1, 1, 1, 0, 1, 0, 1
1.217025375000000, 0, 1, 1, 1, 0, 1, 0, 1
1.217025416666667, 1, 1, 1, 1, 0, 1, 0, 1
1.217025500000000, 0, 1, 1, 1, 0, 1, 0, 1
1.217025541666667, 1, 1, 1, 1, 0, 1, 0, 1
1.217025625000000, 0, 1, 1, 1, 0, 1, 0, 1
1.217025666666667, 1, 1, 1, 1, 0, 1, 0, 1
1.217025750000000, 0, 1, 1, 1, 0, 1, 0, 1
1.217025791666667, 1, 1, 1, 1, 0, 1, 0, 1
1.217025875000000, 0, 1, 1, 1, 0, 1, 0, 1
1.217025916666667, 1, 1, 1, 1, 0, 1, 0, 1
1.217026000000000, 0, 1, 1, 1, 1, 1, 0, 1
1.217026916666667, 0, 1, 1, 1, 0, 1, 0, 1
1.217027000000000, 1, 1, 1, 1, 0, 1, 0, 1
1.217027041666667, 0, 1, 1, 1, 0, 1, 0, 1
1.217027125000000, 1, 1, 1, 1, 0, 1, 0, 1
1.217027166666667, 0, 1, 1, 1, 0, 1, 0, 1
1.217027250000000, 1, 1, 1, 1, 0, 1, 0, 1
1.217027291666667, 0, 1, 1, 1, 1, 1, 0, 1
1.217027375000000, 1, 1, 1, 1, 1, 1, 0, 1
1.217027416666667, 0, 1, 1, 1, 1, 1, 0, 1
1.217027500000000, 1, 1, 1, 1, 1, 1, 0, 1
1.217027541666667, 0, 1, 1, 1, 1, 1, 0, 1
1.217027625000000, 1, 1, 1, 1, 1, 1, 0, 1
1.217027666666667, 0, 1, 1, 1, 1, 1, 0, 1
1.217027750000000, 1, 1, 1, 1, 1, 1, 0, 1
1.217027791666667, 0, 1, 1, 1, 1, 1, 0, 1
1.217027875000000, 1, 1, 1, 1, 1, 1, 0, 1
1.217027916666667, 0, 1, 1, 1, 1, 1, 0, 1
1.217029541666667, 0, 1, 1, 1, 0, 1, 0, 1
1.217029625000000, 1, 1, 1, 1, 0, 1, 0, 1
1.217029666666667, 0, 1, 1, 1, 0, 1, 0, 1
1.217029750000000, 1, 1, 1, 1, 0, 1, 0, 1
1.217029791666667, 0, 1, 1, 1, 0, 1, 0, 1
1.217029875000000, 1, 1, 1, 1, 0, 1, 0, 1
1.217029916666667, 0, 1, 1, 1, 0, 1, 0, 1
1.217030000000000, 1, 1, 1, 1, 0, 1, 0, 1
1.217030041666667, 0, 1, 1, 1, 0, 1, 0, 1
1.217030125000000, 1, 1, 1, 1, 0, 1, 0, 1
1.217030166666667, 0, 1, 1, 1, 0, 1, 0, 1
1.217030250000000, 1, 1, 1, 1, 0, 1, 0, 1
1.217030291666667, 0, 1, 1, 1, 0, 1, 0, 1
1.217030375000000, 1, 1, 1, 1, 0, 1, 0, 1
1.217030416666667, 0, 1, 1, 1, 0, 1, 0, 1
1.217030500000000, 1, 1, 1, 1, 0, 1, 0, 1
1.217030541666667, 0, 1, 1, 1, 1, 1, 0, 1
1.217031500000000, 0, 1, 1, 1, 0, 1, 0, 1
1.217031541666667, 1, 1, 1, 1, 0, 1, 0, 1
1.217031625000000, 0, 1, 1, 1, 0, 1, 0, 1
1.217031666666667, 1, 1, 1, 1, 0, 1, 0, 1
1.217031750000000, 0, 1, 1, 1, 0, 1, 0, 1
1.217031791666667, 1, 1, 1, 1, 0, 1, 0, 1
1.217031875000000, 0, 1, 1, 1, 1, 1, 0, 1
1.217031916666667, 1, 1, 1, 1, 1, 1, 0, 1
1.217032000000000, 0, 1, 1, 1, 1, 1, 0, 1
1.217032041666667, 1, 1, 1, 1, 1, 1, 0, 1
1.217032125000000, 0, 1, 1, 1, 1, 1, 0, 1
1.217032166666667, 1, 1, 1, 1, 1, 1, 0, 1
1.217032250000000, 0, 1, 1, 1, 1, 1, 0, 1
1.217032291666667, 1, 1, 1, 1, 1, 1, 0, 1
1.217032375000000, 0, 1, 1, 1, 1, 1, 0, 1
1.217032416666667, 1, 1, 1, 1, 1, 1, 0, 1
1.217032500000000, 0, 1, 1, 1, 1, 1, 0, 1
1.217034125000000, 0, 1, 1, 1, 0, 1, 0, 1
1.217034166666667, 1, 1, 1, 1, 0, 1, 0, 1
1.217034250000000, 0, 1, 1, 1, 0, 1, 0, 1
1.217034291666667, 1, 1, 1, 1, 0, 1, 0, 1
1.217034375000000, 0, 1, 1, 1, 0, 1, 0, 1
1.217034416666667, 1, 1, 1, 1, 0, 1, 0, 1
1.217034500000000, 0, 1, 1, 1, 0, 1, 0, 1
1.217034541666667, 1, 1, 1, 1, 0, 1, 0, 1
1.217034625000000, 0, 1, 1, 1, 0, 1, 0, 1
1.217034666666667, 1, 1, 1, 1, 0, 1, 0, 1
1.217034750000000, 0, 1, 1, 1, 0, 1, 0, 1
1.217034791666667, 1, 1, 1, 1, 0, 1, 0, 1
1.217034875000000, 0, 1, 1, 1, 0, 1, 0, 1
1.217034916666667, 1, 1, 1, 1, 0, 1, 0, 1
1.217035000000000, 0, 1, 1, 1, 0, 1, 0, 1
1.217035041666667, 1, 1, 1, 1, 0, 1, 0, 1
1.217035125000000, 0, 1, 1, 1, 1, 1, 0, 1
1.217036041666667, 0, 1, 1, 1, 0, 1, 0, 1
1.217036125000000, 1, 1, 1, 1, 0, 1, 0, 1
1.217036166666667, 0, 1, 1, 1, 0, 1, 0, 1
1.217036250000000, 1, 1, 1, 1, 0, 1, 0, 1
1.217036291666667, 0, 1, 1, 1, 0, 1, 0, 1
1.217036375000000, 1, 1, 1, 1, 0, 1, 0, 1
1.217036416666667, 0, 1, 1, 1, 1, 1, 0, 1
1.217036500000000, 1, 1, 1, 1, 1, 1, 0, 1
1.217036541666667, 0, 1, 1, 1, 1, 1, 0, 1
1.217036625000000, 1, 1, 1, 1, 1, 1, 0, 1
1.217036666666667, 0, 1, 1, 1, 1, 1, 0, 1
1.217036750000000, 1, 1, 1, 1, 1, 1, 0, 1
1.217036791666667, 0, 1, 1, 1, 1, 1, 0, 1
1.217036875000000, 1, 1, 1, 1, 1, 1, 0, 1
1.217036916666667, 0, 1, 1, 1, 1, 1, 0, 1
1.217037000000000, 1, 1, 1, 1, 1, 1, 0, 1
1.217037041666667, 0, 1, 1, 1, 1, 1, 0, 1
1.217038666666667, 0, 1, 1, 1, 0, 1, 0, 1
1.217038750000000, 1, 1, 1, 1, 0, 1, 0, 1
1.217038833333334, 0, 1, 1, 1, 0, 1, 0, 1
1.217038875000000, 1, 1, 1, 1, 0, 1, 0, 1
1.217038958333333, 0, 1, 1, 1, 0, 1, 0, 1
1.217039000000000, 1, 1, 1, 1, 0, 1, 0, 1
1.217039083333333, 0, 1, 1, 1, 0, 1, 0, 1
1.217039125000000, 1, 1, 1, 1, 0, 1, 0, 1
1.217039166666667, 0, 1, 1, 1, 0, 1, 0, 1
1.217039250000000, 1, 1, 1, 1, 0, 1, 0, 1
1.217039333333333, 0, 1, 1, 1, 0, 1, 0, 1
1.217039375000000, 1, 1, 1, 1, 0, 1, 0, 1
1.217039416666667, 0, 1, 1, 1, 0, 1, 0, 1
1.217039500000000, 1, 1, 1, 1, 0, 1, 0, 1
1.217039583333333, 0, 1, 1, 1, 0, 1, 0, 1
1.217039625000000, 1, 1, 1, 1, 0, 1, 0, 1
1.217039666666667, 0, 1, 1, 1, 1, 1, 0, 1
1.217040625000000, 0, 1, 1, 1, 0, 1, 0, 1
1.217040666666667, 1, 1, 1, 1, 0, 1, 0, 1
1.217040750000000, 0, 1, 1, 1, 0, 1, 0, 1
1.217040791666667, 1, 1, 1, 1, 0, 1, 0, 1
1.217040875000000, 0, 1, 1, 1, 0, 1, 0, 1
1.217040916666667, 1, 1, 1, 1, 0, 1, 0, 1
1.217041000000000, 0, 1, 1, 1, 1, 1, 0, 1
1.217041041666667, 1, 1, 1, 1, 1, 1, 0, 1
1.217041125000000, 0, 1, 1, 1, 1, 1, 0, 1
1.217041166666667, 1, 1, 1, 1, 1, 1, 0, 1
1.217041250000000, 0, 1, 1, 1, 1, 1, 0, 1
1.217041291666667, 1, 1, 1, 1, 1, 1, 0, 1
1.217041375000000, 0, 1, 1, 1, 1, 1, 0, 1
1.217041416666667, 1, 1, 1, 1, 1, 1, 0, 1
1.217041500000000, 0, 1, 1, 1, 1, 1, 0, 1
1.217041541666667, 1, 1, 1, 1, 1, 1, 0, 1
1.217041625000000, 0, 1, 1, 1, 1, 1, 0, 1
1.217043250000000, 0, 1, 1, 1, 0, 1, 0, 1
1.217043291666667, 1, 1, 1, 1, 0, 1, 0, 1
1.217043375000000, 0, 1, 1, 1, 0, 1, 0, 1
1.217043416666667, 1, 1, 1, 1, 0, 1, 0, 1
1.217043500000000, 0, 1, 1, 1, 0, 1, 0, 1
1.217043541666667, 1, 1, 1, 1, 0, 1, 0, 1
1.217043625000000, 0, 1, 1, 1, 0, 1, 0, 1
1.217043666666667, 1, 1, 1, 1, 0, 1, 0, 1
1.217043750000000, 0, 1, 1, 1, 0, 1, 0, 1
1.217043791666667, 1, 1, 1, 1, 0, 1, 0, 1
1.217043875000000, 0, 1, 1, 1, 0, 1, 0, 1
1.217043916666667, 1, 1, 1, 1, 0, 1, 0, 1
1.217044000000000, 0, 1, 1, 1, 0, 1, 0, 1
1.217044041666667, 1, 1, 1, 1, 0, 1, 0, 1
1.217044125000000, 0, 1, 1, 1, 0, 1, 0, 1
1.217044166666667, 1, 1, 1, 1, 0, 1, 0, 1
1.217044250000000, 0, 1, 1, 1, 1, 1, 0, 1
1.217045166666667, 0, 1, 1, 1, 0, 1, 0, 1
1.217045250000000, 1, 1, 1, 1, 0, 1, 0, 1
1.217045333333333, 0, 1, 1, 1, 0, 1, 0, 1
1.217045375000000, 1, 1, 1, 1, 0, 1, 0, 1
1.217045458333333, 0, 1, 1, 1, 0, 1, 0, 1
1.217045500000000, 1, 1, 1, 1, 0, 1, 0, 1
1.217045541666667, 0, 1, 1, 1, 1, 1, 0, 1
1.217045625000000, 1, 1, 1, 1, 1, 1, 0, 1
1.217045708333333, 0, 1, 1, 1, 1, 1, 0, 1
1.217045750000000, 1, 1, 1, 1, 1, 1, 0, 1
1.217045833333333, 0, 1, 1, 1, 1, 1, 0, 1
1.217045875000000, 1, 1, 1, 1, 1, 1, 0, 1
1.217045958333334, 0, 1, 1, 1, 1, 1, 0, 1
1.217046000000000, 1, 1, 1, 1, 1, 1, 0, 1
1.217046083333333, 0, 1, 1, 1, 1, 1, 0, 1
1.217046125000000, 1, 1, 1, 1, 1, 1, 0, 1
1.217046208333333, 0, 1, 1, 1, 1, 1, 0, 1
1.217047791666667, 0, 1, 1, 1, 0, 1, 0, 1
1.217047875000000, 1, 1, 1, 1, 0, 1, 0, 1
1.217047958333333, 0, 1, 1, 1, 0, 1, 0, 1
1.217048000000000, 1, 1, 1, 1, 0, 1, 0, 1
1.217048083333333, 0, 1, 1, 1, 0, 1, 0, 1
1.217048125000000, 1, 1, 1, 1, 0, 1, 0, 1
1.217048208333333, 0, 1, 1, 1, 0, 1, 0, 1
1.217048250000000, 1, 1, 1, 1, 0, 1, 0, 1
1.217048333333334, 0, 1, 1, 1, 0, 1, 0, 1
1.217048375000000, 1, 1, 1, 1, 0, 1, 0, 1
1.217048458333333, 0, 1, 1, 1, 0, 1, 0, 1
1.217048500000000, 1, 1, 1, 1, 0, 1, 0, 1
1.217048583333333, 0, 1, 1, 1, 0, 1, 0, 1
1.217048625000000, 1, 1, 1, 1, 0, 1, 0, 1
1.217048708333333, 0, 1, 1, 1, 0, 1, 0, 1
1.217048750000000, 1, 1, 1, 1, 0, 1, 0, 1
1.217048791666667, 0, 1, 1, 1, 1, 1, 0, 1
1.217049750000000, 0, 1, 1, 1, 0, 1, 0, 1
1.217049791666667, 1, 1, 1, 1, 0, 1, 0, 1
1.217049875000000, 0, 1, 1, 1, 0, 1, 0, 1
1.217049916666667, 1, 1, 1, 1, 0, 1, 0, 1
1.217050000000000, 0, 1, 1, 1, 0, 1, 0, 1
1.217050041666667, 1, 1, 1, 1, 0, 1, 0, 1
1.217050125000000, 0, 1, 1, 1, 1, 1, 0, 1
1.217050166666667, 1, 1, 1, 1, 1, 1, 0, 1
1.217050250000000, 0, 1, 1, 1, 1, 1, 0, 1
1.217050291666667, 1, 1, 1, 1, 1, 1, 0, 1
1.217050375000000, 0, 1, 1, 1, 1, 1, 0, 1
1.217050416666667, 1, 1, 1, 1, 1, 1, 0, 1
1.217050500000000, 0, 1, 1, 1, 1, 1, 0, 1
1.217050541666667, 1, 1, 1, 1, 1, 1, 0, 1
1.217050625000000, 0, 1, 1, 1, 1, 1, 0, 1
1.217050666666667, 1, 1, 1, 1, 1, 1, 0, 1
1.217050750000000, 0, 1, 1, 1, 1, 1, 0, 1
1.217052375000000, 0, 1, 1, 1, 0, 1, 0, 1
1.217052416666667, 1, 1, 1, 1, 0, 1, 0, 1
1.217052500000000, 0, 1, 1, 1, 0, 1, 0, 1
1.217052541666667, 1, 1, 1, 1, 0, 1, 0, 1
1.217052625000000, 0, 1, 1, 1, 0, 1, 0, 1
1.217052666666667, 1, 1, 1, 1, 0, 1, 0, 1
1.217052750000000, 0, 1, 1, 1, 0, 1, 0, 1
1.217052791666667, 1, 1, 1, 1, 0, 1, 0, 1
1.217052875000000, 0, 1, 1, 1, 0, 1, 0, 1
1.217052916666667, 1, 1, 1, 1, 0, 1, 0, 1
1.217053000000000, 0, 1, 1, 1, 0, 1, 0, 1
1.217053041666667, 1, 1, 1, 1, 0, 1, 0, 1
1.217053125000000, 0, 1, 1, 1, 0, 1, 0, 1
1.217053166666667, 1, 1, 1, 1, 0, 1, 0, 1
1.217053250000000, 0, 1, 1, 1, 0, 1, 0, 1
1.217053291666667, 1, 1, 1, 1, 0, 1, 0, 1
1.217053375000000, 0, 1, 1, 1, 1, 1, 0, 1
1.217054291666667, 0, 1, 1, 1, 0, 1, 0, 1
1.217054375000000, 1, 1, 1, 1, 0, 1, 0, 1
1.217054458333333, 0, 1, 1, 1, 0, 1, 0, 1
1.217054500000000, 1, 1, 1, 1, 0, 1, 0, 1
1.217054583333333, 0, 1, 1, 1, 0, 1, 0, 1
1.217054625000000, 1, 1, 1, 1, 0, 1, 0, 1
1.217054666666667, 0, 1, 1, 1, 1, 1, 0, 1
1.217054750000000, 1, 1, 1, 1, 1, 1, 0, 1
1.217054833333333, 0, 1, 1, 1, 1, 1, 0, 1
1.217054875000000, 1, 1, 1, 1, 1, 1, 0, 1
1.217054958333333, 0, 1, 1, 1, 1, 1, 0, 1
1.217055000000000, 1, 1, 1, 1, 1, 1, 0, 1
1.217055083333333, 0, 1, 1, 1, 1, 1, 0, 1
1.217055125000000, 1, 1, 1, 1, 1, 1, 0, 1
1.217055208333333, 0, 1, 1, 1, 1, 1, 0, 1
1.217055250000000, 1, 1, 1, 1, 1, 1, 0, 1
1.217055333333333, 0, 1, 1, 1, 1, 1, 0, 1
1.217056916666667, 0, 1, 1, 1, 0, 1, 0, 1
1.217057000000000, 1, 1, 1, 1, 0, 1, 0, 1
1.217057083333333, 0, 1, 1, 1, 0, 1, 0, 1
1.217057125000000, 1, 1, 1, 1, 0, 1, 0, 1
1.217057208333333, 0, 1, 1, 1, 0, 1, 0, 1
1.217057250000000, 1, 1, 1, 1, 0, 1, 0, 1
1.217057333333333, 0, 1, 1, 1, 0, 1, 0, 1
1.217057375000000, 1, 1, 1, 1, 0, 1, 0, 1
1.217057458333333, 0, 1, 1, 1, 0, 1, 0, 1
1.217057500000000, 1, 1, 1, 1, 0, 1, 0, 1
1.217057583333333, 0, 1, 1, 1, 0, 1, 0, 1
1.217057625000000, 1, 1, 1, 1, 0, 1, 0, 1
1.217057708333333, 0, 1, 1, 1, 0, 1, 0, 1
1.217057750000000, 1, 1, 1, 1, 0, 1, 0, 1
1.217057833333334, 0, 1, 1, 1, 0, 1, 0, 1
1.217057875000000, 1, 1, 1, 1, 0, 1, 0, 1
1.217057916666667, 0, 1, 1, 1, 1, 1, 0, 1
1.217058875000000, 0, 1, 1, 1, 0, 1, 0, 1
1.217058916666667, 1, 1, 1, 1, 0, 1, 0, 1
1.217059000000000, 0, 1, 1, 1, 0, 1, 0, 1
1.217059041666667, 1, 1, 1, 1, 0, 1, 0, 1
1.217059125000000, 0, 1, 1, 1, 0, 1, 0, 1
1.217059166666667, 1, 1, 1, 1, 0, 1, 0, 1
1.217059250000000, 0, 1, 1, 1, 1, 1, 0, 1
1.217059291666667, 1, 1, 1, 1, 1, 1, 0, 1
1.217059375000000, 0, 1, 1, 1, 1, 1, 0, 1
1.217059416666667, 1, 1, 1, 1, 1, 1, 0, 1
1.217059500000000, 0, 1, 1, 1, 1, 1, 0, 1
1.217059541666667, 1, 1, 1, 1, 1, 1, 0, 1
1.217059625000000, 0, 1, 1, 1, 1, 1, 0, 1
1.217059666666667, 1, 1, 1, 1, 1, 1, 0, 1
1.217059750000000, 0, 1, 1, 1, 1, 1, 0, 1
1.217059791666667, 1, 1, 1, 1, 1, 1, 0, 1
1.217059875000000, 0, 1, 1, 1, 1, 1, 0, 1
1.217061500000000, 0, 1, 1, 1, 0, 1, 0, 1
1.217061541666667, 1, 1, 1, 1, 0, 1, 0, 1
1.217061625000000, 0, 1, 1, 1, 0, 1, 0, 1
1.217061666666667, 1, 1, 1, 1, 0, 1, 0, 1
1.217061750000000, 0, 1, 1, 1, 0, 1, 0, 1
1.217061791666667, 1, 1, 1, 1, 0, 1, 0, 1
1.217061875000000, 0, 1, 1, 1, 0, 1, 0, 1
1.217061916666667, 1, 1, 1, 1, 0, 1, 0, 1
1.217062000000000, 0, 1, 1, 1, 0, 1, 0, 1
1.217062041666667, 1, 1, 1, 1, 0, 1, 0, 1
1.217062125000000, 0, 1, 1, 1, 0, 1, 0, 1
1.217062166666667, 1, 1, 1, 1, 0, 1, 0, 1
1.217062250000000, 0, 1, 1, 1, 0, 1, 0, 1
1.217062291666667, 1, 1, 1, 1, 0, 1, 0, 1
1.217062375000000, 0, 1, 1, 1, 0, 1, 0, 1
1.217062416666667, 1, 1, 1, 1, 0, 1, 0, 1
1.217062500000000, 0, 1, 1, 1, 1, 1, 0, 1
1.217063416666667, 0, 1, 1, 1, 0, 1, 0, 1
1.217063500000000, 1, 1, 1, 1, 0, 1, 0, 1
1.217063583333333, 0, 1, 1, 1, 0, 1, 0, 1
1.217063625000000, 1, 1, 1, 1, 0, 1, 0, 1
1.217063708333333, 0, 1, 1, 1, 0, 1, 0, 1
1.217063750000000, 1, 1, 1, 1, 0, 1, 0, 1
1.217063791666667, 1, 1, 1, 1, 1, 1, 0, 1
1.217063833333333, 0, 1, 1, 1, 1, 1, 0, 1
1.217063875000000, 1, 1, 1, 1, 1, 1, 0, 1
1.217063958333333, 0, 1, 1, 1, 1, 1, 0, 1
1.217064000000000, 1, 1, 1, 1, 1, 1, 0, 1
1.217064083333333, 0, 1, 1, 1, 1, 1, 0, 1
1.217064125000000, 1, 1, 1, 1, 1, 1, 0, 1
1.217064208333333, 0, 1, 1, 1, 1, 1, 0, 1
1.217064250000000, 1, 1, 1, 1, 1, 1, 0, 1
1.217064333333333, 0, 1, 1, 1, 1, 1, 0, 1
1.217064375000000, 1, 1, 1, 1, 1, 1, 0, 1
1.217064458333333, 0, 1, 1, 1, 1, 1, 0, 1
1.217066041666667, 0, 1, 1, 1, 0, 1, 0, 1
1.217066125000000, 1, 1, 1, 1, 0, 1, 0, 1
1.217066208333333, 0, 1, 1, 1, 0, 1, 0, 1
1.217066250000000, 1, 1, 1, 1, 0, 1, 0, 1
1.217066333333333, 0, 1, 1, 1, 0, 1, 0, 1
1.217066375000000, 1, 1, 1, 1, 0, 1, 0, 1
1.217066458333333, 0, 1, 1, 1, 0, 1, 0, 1
1.217066500000000, 1, 1, 1, 1, 0, 1, 0, 1
1.217066583333333, 0, 1, 1, 1, 0, 1, 0, 1
1.217066625000000, 1, 1, 1, 1, 0, 1, 0, 1
1.217066708333333, 0, 1, 1, 1, 0, 1, 0, 1
1.217066750000000, 1, 1, 1, 1, 0, 1, 0, 1
1.217066833333333, 0, 1, 1, 1, 0, 1, 0, 1
1.217066875000000, 1, 1, 1, 1, 0, 1, 0, 1
1.217066958333333, 0, 1, 1, 1, 0, 1, 0, 1
1.217067000000000, 1, 1, 1, 1, 0, 1, 0, 1
1.217067041666667, 1, 1, 1, 1, 1, 1, 0, 1
1.217067083333333, 0, 1, 1, 1, 1, 1, 0, 1
1.217068000000000, 0, 1, 1, 1, 0, 1, 0, 1
1.217068041666667, 1, 1, 1, 1, 0, 1, 0, 1
1.217068125000000, 0, 1, 1, 1, 0, 1, 0, 1
1.217068166666667, 1, 1, 1, 1, 0, 1, 0, 1
1.217068250000000, 0, 1, 1, 1, 0, 1, 0, 1
1.217068291666667, 1, 1, 1, 1, 0, 1, 0, 1
1.217068375000000, 0, 1, 1, 1, 1, 1, 0, 1
1.217068416666667, 1, 1, 1, 1, 1, 1, 0, 1
1.217068500000000, 0, 1, 1, 1, 1, 1, 0, 1
1.217068541666667, 1, 1, 1, 1, 1, 1, 0, 1
1.217068625000000, 0, 1, 1, 1, 1, 1, 0, 1
1.217068666666667, 1, 1, 1, 1, 1, 1, 0, 1
1.217068750000000, 0, 1, 1, 1, 1, 1, 0, 1
1.217068791666667, 1, 1, 1, 1, 1, 1, 0, 1
1.217068875000000, 0, 1, 1, 1, 1, 1, 0, 1
1.217068916666667, 1, 1, 1, 1, 1, 1, 0, 1
1.217069000000000, 0, 1, 1, 1, 1, 1, 0, 1
1.217070625000000, 0, 1, 1, 1, 0, 1, 0, 1
1.217070666666667, 1, 1, 1, 1, 0, 1, 0, 1
1.217070750000000, 0, 1, 1, 1, 0, 1, 0, 1
1.217070791666667, 1, 1, 1, 1, 0, 1, 0, 1
1.217070875000000, 0, 1, 1, 1, 0, 1, 0, 1
1.217070916666667, 1, 1, 1, 1, 0, 1, 0, 1
1.217071000000000, 0, 1, 1, 1, 0, 1, 0, 1
1.217071041666667, 1, 1, 1, 1, 0, 1, 0, 1
1.217071125000000, 0, 1, 1, 1, 0, 1, 0, 1
1.217071166666667, 1, 1, 1, 1, 0, 1, 0, 1
1.217071250000000, 0, 1, 1, 1, 0, 1, 0, 1
1.217071291666667, 1, 1, 1, 1, 0, 1, 0, 1
1.217071375000000, 0, 1, 1, 1, 0, 1, 0, 1
1.217071416666667, 1, 1, 1, 1, 0, 1, 0, 1
1.217071500000000, 0, 1, 1, 1, 0, 1, 0, 1
1.217071541666667, 1, 1, 1, 1, 0, 1, 0, 1
1.217071625000000, 0, 1, 1, 1, 1, 1, 0, 1
1.217072541666667, 0, 1, 1, 1, 0, 1, 0, 1
1.217072625000000, 1, 1, 1, 1, 0, 1, 0, 1
1.217072708333333, 0, 1, 1, 1, 0, 1, 0, 1
1.217072750000000, 1, 1, 1, 1, 0, 1, 0, 1
1.217072833333333, 0, 1, 1, 1, 0, 1, 0, 1
1.217072875000000, 1, 1, 1, 1, 0, 1, 0, 1
1.217072916666667, 1, 1, 1, 1, 1, 1, 0, 1
1.217072958333334, 0, 1, 1, 1, 1, 1, 0, 1
1.217073000000000, 1, 1, 1, 1, 1, 1, 0, 1
1.217073083333333, 0, 1, 1, 1, 1, 1, 0, 1
1.217073125000000, 1, 1, 1, 1, 1, 1, 0, 1
1.217073208333333, 0, 1, 1, 1, 1, 1, 0, 1
1.217073250000000, 1, 1, 1, 1, 1, 1, 0, 1
1.217073333333333, 0, 1, 1, 1, 1, 1, 0, 1
1.217073375000000, 1, 1, 1, 1, 1, 1, 0, 1
1.217073458333333, 0, 1, 1, 1, 1, 1, 0, 1
1.217073500000000, 1, 1, 1, 1, 1, 1, 0, 1
1.217073583333333, 0, 1, 1, 1, 1, 1, 0, 1
1.217075166666667, 0, 1, 1, 1, 0, 1, 0, 1
1.217075250000000, 1, 1, 1, 1, 0, 1, 0, 1
1.217075333333334, 0, 1, 1, 1, 0, 1, 0, 1
1.217075375000000, 1, 1, 1, 1, 0, 1, 0, 1
1.217075458333333, 0, 1, 1, 1, 0, 1, 0, 1
1.217075500000000, 1, 1, 1, 1, 0, 1, 0, 1
1.217075583333333, 0, 1, 1, 1, 0, 1, 0, 1
1.217075625000000, 1, 1, 1, 1, 0, 1, 0, 1
1.217075708333333, 0, 1, 1, 1, 0, 1, 0, 1
1.217075750000000, 1, 1, 1, 1, 0, 1, 0, 1
1.217075833333333, 0, 1, 1, 1, 0, 1, 0, 1
1.217075875000000, 1, 1, 1, 1, 0, 1, 0, 1
1.217075958333333, 0, 1, 1, 1, 0, 1, 0, 1
1.217076000000000, 1, 1, 1, 1, 0, 1, 0, 1
1.217076083333333, 0, 1, 1, 1, 0, 1, 0, 1
1.217076125000000, 1, 1, 1, 1, 0, 1, 0, 1
1.217076166666667, 1, 1, 1, 1, 1, 1, 0, 1
1.217076208333333, 0, 1, 1, 1, 1, 1, 0, 1
1.217077125000000, 0, 1, 1, 1, 0, 1, 0, 1
1.217077166666667, 1, 1, 1, 1, 0, 1, 0, 1
1.217077250000000, 0, 1, 1, 1, 0, 1, 0, 1
1.217077291666667, 1, 1, 1, 1, 0, 1, 0, 1
1.217077375000000, 0, 1, 1, 1, 0, 1, 0, 1
1.217077416666667, 1, 1, 1, 1, 0, 1, 0, 1
1.217077500000000, 0, 1, 1, 1, 1, 1, 0, 1
1.217077541666667, 1, 1, 1, 1, 1, 1, 0, 1
1.217077625000000, 0, 1, 1, 1, 1, 1, 0, 1
1.217077666666667, 1, 1, 1, 1, 1, 1, 0, 1
1.217077750000000, 0, 1, 1, 1, 1, 1, 0, 1
1.217077791666667, 1, 1, 1, 1, 1, 1, 0, 1
1.217077875000000, 0, 1, 1, 1, 1, 1, 0, 1
1.217077916666667, 1, 1, 1, 1, 1, 1, 0, 1
1.217078000000000, 0, 1, 1, 1, 1, 1, 0, 1
1.217078041666667, 1, 1, 1, 1, 1, 1, 0, 1
1.217078125000000, 0, 1, 1, 1, 1, 1, 0, 1
1.217079750000000, 0, 1, 1, 1, 0, 1, 0, 1
1.217079791666667, 1, 1, 1, 1, 0, 1, 0, 1
1.217079875000000, 0, 1, 1, 1, 0, 1, 0, 1
1.217079916666667, 1, 1, 1, 1, 0, 1, 0, 1
1.217080000000000, 0, 1, 1, 1, 0, 1, 0, 1
1.217080041666667, 1, 1, 1, 1, 0, 1, 0, 1
1.217080125000000, 0, 1, 1, 1, 0, 1, 0, 1
1.217080166666667, 1, 1, 1, 1, 0, 1, 0, 1
1.217080250000000, 0, 1, 1, 1, 0, 1, 0, 1
1.217080291666667, 1, 1, 1, 1, 0, 1, 0, 1
1.217080375000000, 0, 1, 1, 1, 0, 1, 0, 1
1.217080416666667, 1, 1, 1, 1, 0, 1, 0, 1
1.217080500000000, 0, 1, 1, 1, 0, 1, 0, 1
1.217080541666667, 1, 1, 1, 1, 0, 1, 0, 1
1.217080625000000, 0, 1, 1, 1, 0, 1, 0, 1
1.217080666666667, 1, 1, 1, 1, 0, 1, 0, 1
1.217080750000000, 0, 1, 1, 1, 1, 1, 0, 1
1.217081666666667, 0, 1, 1, 1, 0, 1, 0, 1
1.217081750000000, 1, 1, 1, 1, 0, 1, 0, 1
1.217081833333333, 0, 1, 1, 1, 0, 1, 0, 1
1.217081875000000, 1, 1, 1, 1, 0, 1, 0, 1
1.217081958333333, 0, 1, 1, 1, 0, 1, 0, 1
1.217082000000000, 1, 1, 1, 1, 0, 1, 0, 1
1.217082041666667, 1, 1, 1, 1, 1, 1, 0, 1
1.217082083333333, 0, 1, 1, 1, 1, 1, 0, 1
1.217082125000000, 1, 1, 1, 1, 1, 1, 0, 1
1.217082208333333, 0, 1, 1, 1, 1, 1, 0, 1
1.217082250000000, 1, 1, 1, 1, 1, 1, 0, 1
1.217082333333333, 0, 1, 1, 1, 1, 1, 0, 1
1.217082375000000, 1, 1, 1, 1, 1, 1, 0, 1
1.217082458333334, 0, 1, 1, 1, 1, 1, 0, 1
1.217082500000000, 1, 1, 1, 1, 1, 1, 0, 1
1.217082583333333, 0, 1, 1, 1, 1, 1, 0, 1
1.217082625000000, 1, 1, 1, 1, 1, 1, 0, 1
1.217082708333333, 0, 1, 1, 1, 1, 1, 0, 1
1.217084291666667, 0, 1, 1, 1, 0, 1, 0, 1
1.217084375000000, 1, 1, 1, 1, 0, 1, 0, 1
1.217084458333333, 0, 1, 1, 1, 0, 1, 0, 1
1.217084500000000, 1, 1, 1, 1, 0, 1, 0, 1
1.217084583333333, 0, 1, 1, 1, 0, 1, 0, 1
1.217084625000000, 1, 1, 1, 1, 0, 1, 0, 1
1.217084708333333, 0, 1, 1, 1, 0, 1, 0, 1
1.217084750000000, 1, 1, 1, 1, 0, 1, 0, 1
1.217084833333334, 0, 1, 1, 1, 0, 1, 0, 1
1.217084875000000, 1, 1, 1, 1, 0, 1, 0, 1
1.217084958333333, 0, 1, 1, 1, 0, 1, 0, 1
1.217085000000000, 1, 1, 1, 1, 0, 1, 0, 1
1.217085083333333, 0, 1, 1, 1, 0, 1, 0, 1
1.217085125000000, 1, 1, 1, 1, 0, 1, 0, 1
1.217085208333333, 0, 1, 1, 1, 0, 1, 0, 1
1.217085250000000, 1, 1, 1, 1, 0, 1, 0, 1
1.217085291666667, 1, 1, 1, 1, 1, 1, 0, 1
1.217085333333333, 0, 1, 1, 1, 1, 1, 0, 1
1.217086250000000, 0, 1, 1, 1, 0, 1, 0, 1
1.217086291666667, 1, 1, 1, 1, 0, 1, 0, 1
1.217086375000000, 0, 1, 1, 1, 0, 1, 0, 1
1.217086416666667, 1, 1, 1, 1, 0, 1, 0, 1
1.217086500000000, 0, 1, 1, 1, 0, 1, 0, 1
1.217086541666667, 1, 1, 1, 1, 0, 1, 0, 1
1.217086625000000, 0, 1, 1, 1, 1, 1, 0, 1
1.217086666666667, 1, 1, 1, 1, 1, 1, 0, 1
1.217086750000000, 0, 1, 1, 1, 1, 1, 0, 1
1.217086791666667, 1, 1, 1, 1, 1, 1, 0, 1
1.217086875000000, 0, 1, 1, 1, 1, 1, 0, 1
1.217086916666667, 1, 1, 1, 1, 1, 1, 0, 1
1.217087000000000, 0, 1, 1, 1, 1, 1, 0, 1
1.217087041666667, 1, 1, 1, 1, 1, 1, 0, 1
1.217087125000000, 0, 1, 1, 1, 1, 1, 0, 1
1.217087166666667, 1, 1, 1, 1, 1, 1, 0, 1
1.217087250000000, 0, 1, 1, 1, 1, 1, 0, 1
1.217088875000000, 0, 1, 1, 1, 0, 1, 0, 1
1.217088916666667, 1, 1, 1, 1, 0, 1, 0, 1
1.217089000000000, 0, 1, 1, 1, 0, 1, 0, 1
1.217089041666667, 1, 1, 1, 1, 0, 1, 0, 1
1.217089125000000, 0, 1, 1, 1, 0, 1, 0, 1
1.217089166666667, 1, 1, 1, 1, 0, 1, 0, 1
1.217089250000000, 0, 1, 1, 1, 0, 1, 0, 1
1.217089291666667, 1, 1, 1, 1, 0, 1, 0, 1
1.217089375000000, 0, 1, 1, 1, 0, 1, 0, 1
1.217089416666667, 1, 1, 1, 1, 0, 1, 0, 1
1.217089500000000, 0, 1, 1, 1, 0, 1, 0, 1
1.217089541666667, 1, 1, 1, 1, 0, 1, 0, 1
1.217089625000000, 0, 1, 1, 1, 0, 1, 0, 1
1.217089666666667, 1, 1, 1, 1, 0, 1, 0, 1
1.217089750000000, 0, 1, 1, 1, 0, 1, 0, 1
1.217089791666667, 1, 1, 1, 1, 0, 1, 0, 1
1.217089875000000, 0, 1, 1, 1, 1, 1, 0, 1
1.217090791666667, 0, 1, 1, 1, 0, 1, 0, 1
1.217090875000000, 1, 1, 1, 1, 0, 1, 0, 1
1.217090958333333, 0, 1, 1, 1, 0, 1, 0, 1
1.217091000000000, 1, 1, 1, 1, 0, 1, 0, 1
1.217091083333333, 0, 1, 1, 1, 0, 1, 0, 1
1.217091125000000, 1, 1, 1, 1, 0, 1, 0, 1
1.217091166666667, 1, 1, 1, 1, 1, 1, 0, 1
1.217091208333333, 0, 1, 1, 1, 1, 1, 0, 1
1.217091250000000, 1, 1, 1, 1, 1, 1, 0, 1
1.217091333333333, 0, 1, 1, 1, 1, 1, 0, 1
1.217091375000000, 1, 1, 1, 1, 1, 1, 0, 1
1.217091458333333, 0, 1, 1, 1, 1, 1, 0, 1
1.217091500000000, 1, 1, 1, 1, 1, 1, 0, 1
1.217091583333333, 0, 1, 1, 1, 1, 1, 0, 1
1.217091625000000, 1, 1, 1, 1, 1, 1, 0, 1
1.217091708333333, 0, 1, 1, 1, 1, 1, 0, 1
1.217091750000000, 1, 1, 1, 1, 1, 1, 0, 1
1.217091833333333, 0, 1, 1, 1, 1, 1, 0, 1
1.217093416666667, 0, 1, 1, 1, 0, 1, 0, 1
1.217093500000000, 1, 1, 1, 1, 0, 1, 0, 1
1.217093583333333, 0, 1, 1, 1, 0, 1, 0, 1
1.217093625000000, 1, 1, 1, 1, 0, 1, 0, 1
1.217093708333333, 0, 1, 1, 1, 0, 1, 0, 1
1.217093750000000, 1, 1, 1, 1, 0, 1, 0, 1
1.217093833333333, 0, 1, 1, 1, 0, 1, 0, 1
1.217093875000000, 1, 1, 1, 1, 0, 1, 0, 1
1.217093958333333, 0, 1, 1, 1, 0, 1, 0, 1
1.217094000000000, 1, 1, 1, 1, 0, 1, 0, 1
1.217094083333333, 0, 1, 1, 1, 0, 1, 0, 1
1.217094125000000, 1, 1, 1, 1, 0, 1, 0, 1
1.217094208333333, 0, 1, 1, 1, 0, 1, 0, 1
1.217094250000000, 1, 1, 1, 1, 0, 1, 0, 1
1.217094333333334, 0, 1, 1, 1, 0, 1, 0, 1
1.217094375000000, 1, 1, 1, 1, 0, 1, 0, 1
1.217094416666667, 1, 1, 1, 1, 1, 1, 0, 1
1.217094458333333, 0, 1, 1, 1, 1, 1, 0, 1
1.217095375000000, 0, 1, 1, 1, 0, 1, 0, 1
1.217095416666667, 1, 1, 1, 1, 0, 1, 0, 1
1.217095500000000, 0, 1, 1, 1, 0, 1, 0, 1
1.217095541666667, 1, 1, 1, 1, 0, 1, 0, 1
1.217095625000000, 0, 1, 1, 1, 0, 1, 0, 1
1.217095666666667, 1, 1, 1, 1, 0, 1, 0, 1
1.217095750000000, 0, 1, 1, 1, 1, 1, 0, 1
1.217095791666667, 1, 1, 1, 1, 1, 1, 0, 1
1.217095875000000, 0, 1, 1, 1, 1, 1, 0, 1
1.217095916666667, 1, 1, 1, 1, 1, 1, 0, 1
1.217096000000000, 0, 1, 1, 1, 1, 1, 0, 1
1.217096041666667, 1, 1, 1, 1, 1, 1, 0, 1
1.217096125000000, 0, 1, 1, 1, 1, 1, 0, 1
1.217096166666667, 1, 1, 1, 1, 1, 1, 0, 1
1.217096250000000, 0, 1, 1, 1, 1, 1, 0, 1
1.217096291666667, 1, 1, 1, 1, 1, 1, 0, 1
1.217096375000000, 0, 1, 1, 1, 1, 1, 0, 1
1.217098000000000, 0, 1, 1, 1, 0, 1, 0, 1
1.217098041666667, 1, 1, 1, 1, 0, 1, 0, 1
1.217098125000000, 0, 1, 1, 1, 0, 1, 0, 1
1.217098166666667, 1, 1, 1, 1, 0, 1, 0, 1
1.217098250000000, 0, 1, 1, 1, 0, 1, 0, 1
1.217098291666667, 1, 1, 1, 1, 0, 1, 0, 1
1.217098375000000, 0, 1, 1, 1, 0, 1, 0, 1
1.217098416666667, 1, 1, 1, 1, 0, 1, 0, 1
1.217098500000000, 0, 1, 1, 1, 0, 1, 0, 1
1.217098541666667, 1, 1, 1, 1, 0, 1, 0, 1
1.217098625000000, 0, 1, 1, 1, 0, 1, 0, 1
1.217098666666667, 1, 1, 1, 1, 0, 1, 0, 1
1.217098750000000, 0, 1, 1, 1, 0, 1, 0, 1
1.217098791666667, 1, 1, 1, 1, 0, 1, 0, 1
1.217098875000000, 0, 1, 1, 1, 0, 1, 0, 1
1.217098916666667, 1, 1, 1, 1, 0, 1, 0, 1
1.217099000000000, 0, 1, 1, 1, 1, 1, 0, 1
1.217099916666667, 0, 1, 1, 1, 0, 1, 0, 1
1.217100000000000, 1, 1, 1, 1, 0, 1, 0, 1
1.217100083333333, 0, 1, 1, 1, 0, 1, 0, 1
1.217100125000000, 1, 1, 1, 1, 0, 1, 0, 1
1.217100208333333, 0, 1, 1, 1, 0, 1, 0, 1
1.217100250000000, 1, 1, 1, 1, 0, 1, 0, 1
1.217100291666667, 1, 1, 1, 1, 1, 1, 0, 1
1.217100333333333, 0, 1, 1, 1, 1, 1, 0, 1
1.217100375000000, 1, 1, 1, 1, 1, 1, 0, 1
1.217100458333333, 0, 1, 1, 1, 1, 1, 0, 1
1.217100500000000, 1, 1, 1, 1, 1, 1, 0, 1
1.217100583333333, 0, 1, 1, 1, 1, 1, 0, 1
1.217100625000000, 1, 1, 1, 1, 1, 1, 0, 1
1.217100708333333, 0, 1, 1, 1, 1, 1, 0, 1
1.217100750000000, 1, 1, 1, 1, 1, 1, 0, 1
1.217100833333333, 0, 1, 1, 1, 1, 1, 0, 1
1.217100875000000, 1, 1, 1, 1, 1, 1, 0, 1
1.217100958333333, 0, 1, 1, 1, 1, 1, 0, 1
1.217102541666667, 0, 1, 1, 1, 0, 1, 0, 1
1.217102625000000, 1, 1, 1, 1, 0, 1, 0, 1
1.217102708333333, 0, 1, 1, 1, 0, 1, 0, 1
1.217102750000000, 1, 1, 1, 1, 0, 1, 0, 1
1.217102833333333, 0, 1, 1, 1, 0, 1, 0, 1
1.217102875000000, 1, 1, 1, 1, 0, 1, 0, 1
1.217102958333333, 0, 1, 1, 1, 0, 1, 0, 1
1.217103000000000, 1, 1, 1, 1, 0, 1, 0, 1
1.217103083333333, 0, 1, 1, 1, 0, 1, 0, 1
1.217103125000000, 1, 1, 1, 1, 0, 1, 0, 1
1.217103208333333, 0, 1, 1, 1, 0, 1, 0, 1
1.217103250000000, 1, 1, 1, 1, 0, 1, 0, 1
1.217103333333333, 0, 1, 1, 1, 0, 1, 0, 1
1.217103375000000, 1, 1, 1, 1, 0, 1, 0, 1
1.217103458333333, 0, 1, 1, 1, 0, 1, 0, 1
1.217103500000000, 1, 1, 1, 1, 0, 1, 0, 1
1.217103541666667, 1, 1, 1, 1, 1, 1, 0, 1
1.217103583333333, 0, 1, 1, 1, 1, 1, 0, 1
1.217104500000000, 0, 1, 1, 1, 0, 1, 0, 1
1.217104541666667, 1, 1, 1, 1, 0, 1, 0, 1
1.217104625000000, 0, 1, 1, 1, 0, 1, 0, 1
1.217104666666667, 1, 1, 1, 1, 0, 1, 0, 1
1.217104750000000, 0, 1, 1, 1, 0, 1, 0, 1
1.217104791666667, 1, 1, 1, 1, 0, 1, 0, 1
1.217104875000000, 0, 1, 1, 1, 1, 1, 0, 1
1.217104916666667, 1, 1, 1, 1, 1, 1, 0, 1
1.217105000000000, 0, 1, 1, 1, 1, 1, 0, 1
1.217105041666667, 1, 1, 1, 1, 1, 1, 0, 1
1.217105125000000, 0, 1, 1, 1, 1, 1, 0, 1
1.217105166666667, 1, 1, 1, 1, 1, 1, 0, 1
1.217105250000000, 0, 1, 1, 1, 1, 1, 0, 1
1.217105291666667, 1, 1, 1, 1, 1, 1, 0, 1
1.217105375000000, 0, 1, 1, 1, 1, 1, 0, 1
1.217105416666667, 1, 1, 1, 1, 1, 1, 0, 1
1.217105500000000, 0, 1, 1, 1, 1, 1, 0, 1
1.217107125000000, 0, 1, 1, 1, 0, 1, 0, 1
1.217107166666667, 1, 1, 1, 1, 0, 1, 0, 1
1.217107250000000, 0, 1, 1, 1, 0, 1, 0, 1
1.217107291666667, 1, 1, 1, 1, 0, 1, 0, 1
1.217107375000000, 0, 1, 1, 1, 0, 1, 0, 1
1.217107416666667, 1, 1, 1, 1, 0, 1, 0, 1
1.217107500000000, 0, 1, 1, 1, 0, 1, 0, 1
1.217107541666667, 1, 1, 1, 1, 0, 1, 0, 1
1.217107625000000, 0, 1, 1, 1, 0, 1, 0, 1
1.217107666666667, 1, 1, 1, 1, 0, 1, 0, 1
1.217107750000000, 0, 1, 1, 1, 0, 1, 0, 1
1.217107791666667, 1, 1, 1, 1, 0, 1, 0, 1
1.217107875000000, 0, 1, 1, 1, 0, 1, 0, 1
1.217107916666667, 1, 1, 1, 1, 0, 1, 0, 1
1.217108000000000, 0, 1, 1, 1, 0, 1, 0, 1
1.217108041666667, 1, 1, 1, 1, 0, 1, 0, 1
1.217108125000000, 0, 1, 1, 1, 1, 1, 0, 1
1.217109041666667, 0, 1, 1, 1, 0, 1, 0, 1
1.217109125000000, 1, 1, 1, 1, 0, 1, 0, 1
1.217109208333333, 0, 1, 1, 1, 0, 1, 0, 1
1.217109250000000, 1, 1, 1, 1, 0, 1, 0, 1
1.217109333333333, 0, 1, 1, 1, 0, 1, 0, 1
1.217109375000000, 1, 1, 1, 1, 0, 1, 0, 1
1.217109416666667, 1, 1, 1, 1, 1, 1, 0, 1
1.217109458333334, 0, 1, 1, 1, 1, 1, 0, 1
1.217109500000000, 1, 1, 1, 1, 1, 1, 0, 1
1.217109583333333, 0, 1, 1, 1, 1, 1, 0, 1
1.217109625000000, 1, 1, 1, 1, 1, 1, 0, 1
1.217109708333333, 0, 1, 1, 1, 1, 1, 0, 1
1.217109750000000, 1, 1, 1, 1, 1, 1, 0, 1
1.217109833333333, 0, 1, 1, 1, 1, 1, 0, 1
1.217109875000000, 1, 1, 1, 1, 1, 1, 0, 1
1.217109958333333, 0, 1, 1, 1, 1, 1, 0, 1
1.217110000000000, 1, 1, 1, 1, 1, 1, 0, 1
1.217110083333333, 0, 1, 1, 1, 1, 1, 0, 1
1.217111666666667, 0, 1, 1, 1, 0, 1, 0, 1
1.217111750000000, 1, 1, 1, 1, 0, 1, 0, 1
1.217111833333334, 0, 1, 1, 1, 0, 1, 0, 1
1.217111875000000, 1, 1, 1, 1, 0, 1, 0, 1
1.217111958333333, 0, 1, 1, 1, 0, 1, 0, 1
1.217112000000000, 1, 1, 1, 1, 0, 1, 0, 1
1.217112083333333, 0, 1, 1, 1, 0, 1, 0, 1
1.217112125000000, 1, 1, 1, 1, 0, 1, 0, 1
1.217112208333333, 0, 1, 1, 1, 0, 1, 0, 1
1.217112250000000, 1, 1, 1, 1, 0, 1, 0, 1
1.217112333333333, 0, 1, 1, 1, 0, 1, 0, 1
1.217112375000000, 1, 1, 1, 1, 0, 1, 0, 1
1.217112458333333, 0, 1, 1, 1, 0, 1, 0, 1
1.217112500000000, 1, 1, 1, 1, 0, 1, 0, 1
1.217112583333333, 0, 1, 1, 1, 0, 1, 0, 1
1.217112625000000, 1, 1, 1, 1, 0, 1, 0, 1
1.217112666666667, 1, 1, 1, 1, 1, 1, 0, 1
1.217112708333334, 0, 1, 1, 1, 1, 1, 0, 1
1.217113625000000, 0, 1, 1, 1, 0, 1, 0, 1
1.217113666666667, 1, 1, 1, 1, 0, 1, 0, 1
1.217113750000000, 0, 1, 1, 1, 0, 1, 0, 1
1.217113791666667, 1, 1, 1, 1, 0, 1, 0, 1
1.217113875000000, 0, 1, 1, 1, 0, 1, 0, 1
1.217113916666667, 1, 1, 1, 1, 0, 1, 0, 1
1.217114000000000, 0, 1, 1, 1, 1, 1, 0, 1
1.217114041666667, 1, 1, 1, 1, 1, 1, 0, 1
1.217114125000000, 0, 1, 1, 1, 1, 1, 0, 1
1.217114166666667, 1, 1, 1, 1, 1, 1, 0, 1
1.217114250000000, 0, 1, 1, 1, 1, 1, 0, 1
1.217114291666667, 1, 1, 1, 1, 1, 1, 0, 1
1.217114375000000, 0, 1, 1, 1, 1, 1, 0, 1
1.217114416666667, 1, 1, 1, 1, 1, 1, 0, 1
1.217114500000000, 0, 1, 1, 1, 1, 1, 0, 1
1.217114541666667, 1, 1, 1, 1, 1, 1, 0, 1
1.217114625000000, 0, 1, 1, 1, 1, 1, 0, 1
1.217116250000000, 0, 1, 1, 1, 0, 1, 0, 1
1.217116291666667, 1, 1, 1, 1, 0, 1, 0, 1
1.217116375000000, 0, 1, 1, 1, 0, 1, 0, 1
1.217116416666667, 1, 1, 1, 1, 0, 1, 0, 1
1.217116500000000, 0, 1, 1, 1, 0, 1, 0, 1
1.217116541666667, 1, 1, 1, 1, 0, 1, 0, 1
1.217116625000000, 0, 1, 1, 1, 0, 1, 0, 1
1.217116666666667, 1, 1, 1, 1, 0, 1, 0, 1
1.217116750000000, 0, 1, 1, 1, 0, 1, 0, 1
1.217116791666667, 1, 1, 1, 1, 0, 1, 0, 1
1.217116875000000, 0, 1, 1, 1, 0, 1, 0, 1
1.217116916666667, 1, 1, 1, 1, 0, 1, 0, 1
1.217117000000000, 0, 1, 1, 1, 0, 1, 0, 1
1.217117041666667, 1, 1, 1, 1, 0, 1, 0, 1
1.217117125000000, 0, 1, 1, 1, 0, 1, 0, 1
1.217117166666667, 1, 1, 1, 1, 0, 1, 0, 1
1.217117250000000, 0, 1, 1, 1, 1, 1, 0, 1
1.217118166666667, 0, 1, 1, 1, 0, 1, 0, 1
1.217118250000000, 1, 1, 1, 1, 0, 1, 0, 1
1.217118333333333, 0, 1, 1, 1, 0, 1, 0, 1
1.217118375000000, 1, 1, 1, 1, 0, 1, 0, 1
1.217118458333333, 0, 1, 1, 1, 0, 1, 0, 1
1.217118500000000, 1, 1, 1, 1, 0, 1, 0, 1
1.217118541666667, 1, 1, 1, 1, 1, 1, 0, 1
1.217118583333333, 0, 1, 1, 1, 1, 1, 0, 1
1.217118625000000, 1, 1, 1, 1, 1, 1, 0, 1
1.217118708333333, 0, 1, 1, 1, 1, 1, 0, 1
1.217118750000000, 1, 1, 1, 1, 1, 1, 0, 1
1.217118833333333, 0, 1, 1, 1, 1, 1, 0, 1
1.217118875000000, 1, 1, 1, 1, 1, 1, 0, 1
1.217118958333334, 0, 1, 1, 1, 1, 1, 0, 1
1.217119000000000, 1, 1, 1, 1, 1, 1, 0, 1
1.217119083333333, 0, 1, 1, 1, 1, 1, 0, 1
1.217119125000000, 1, 1, 1, 1, 1, 1, 0, 1
1.217119208333333, 0, 1, 1, 1, 1, 1, 0, 1
1.217120833333333, 0, 1, 1, 1, 0, 1, 0, 1
1.217120875000000, 1, 1, 1, 1, 0, 1, 0, 1
1.217120958333333, 0, 1, 1, 1, 0, 1, 0, 1
1.217121000000000, 1, 1, 1, 1, 0, 1, 0, 1
1.217121083333333, 0, 1, 1, 1, 0, 1, 0, 1
1.217121125000000, 1, 1, 1, 1, 0, 1, 0, 1
1.217121208333333, 0, 1, 1, 1, 0, 1, 0, 1
1.217121250000000, 1, 1, 1, 1, 0, 1, 0, 1
1.217121333333333, 0, 1, 1, 1, 0, 1, 0, 1
1.217121375000000, 1, 1, 1, 1, 0, 1, 0, 1
1.217121458333333, 0, 1, 1, 1, 0, 1, 0, 1
1.217121500000000, 1, 1, 1, 1, 0, 1, 0, 1
1.217121583333333, 0, 1, 1, 1, 0, 1, 0, 1
1.217121625000000, 1, 1, 1, 1, 0, 1, 0, 1
1.217121708333333, 0, 1, 1, 1, 0, 1, 0, 1
1.217121750000000, 1, 1, 1, 1, 0, 1, 0, 1
1.217121791666667, 1, 1, 1, 1, 1, 1, 0, 1
1.217121833333333, 0, 1, 1, 1, 1, 1, 0, 1
1.217122750000000, 0, 1, 1, 1, 0, 1, 0, 1
1.217122791666667, 1, 1, 1, 1, 0, 1, 0, 1
1.217122875000000, 0, 1, 1, 1, 0, 1, 0, 1
1.217122916666667, 1, 1, 1, 1, 0, 1, 0, 1
1.217123000000000, 0, 1, 1, 1, 0, 1, 0, 1
1.217123041666667, 1, 1, 1, 1, 0, 1, 0, 1
1.217123125000000, 0, 1, 1, 1, 1, 1, 0, 1
1.217123166666667, 1, 1, 1, 1, 1, 1, 0, 1
1.217123250000000, 0, 1, 1, 1, 1, 1, 0, 1
1.217123291666667, 1, 1, 1, 1, 1, 1, 0, 1
1.217123375000000, 0, 1, 1, 1, 1, 1, 0, 1
1.217123416666667, 1, 1, 1, 1, 1, 1, 0, 1
1.217123500000000, 0, 1, 1, 1, 1, 1, 0, 1
1.217123541666667, 1, 1, 1, 1, 1, 1, 0, 1
1.217123625000000, 0, 1, 1, 1, 1, 1, 0, 1
1.217123666666667, 1, 1, 1, 1, 1, 1, 0, 1
1.217123750000000, 0, 1, 1, 1, 1, 1, 0, 1
1.217125375000000, 0, 1, 1, 1, 0, 1, 0, 1
1.217125416666667, 1, 1, 1, 1, 0, 1, 0, 1
1.217125500000000, 0, 1, 1, 1, 0, 1, 0, 1
1.217125541666667, 1, 1, 1, 1, 0, 1, 0, 1
1.217125625000000, 0, 1, 1, 1, 0, 1, 0, 1
1.217125666666667, 1, 1, 1, 1, 0, 1, 0, 1
1.217125750000000, 0, 1, 1, 1, 0, 1, 0, 1
1.217125791666667, 1, 1, 1, 1, 0, 1, 0, 1
1.217125875000000, 0, 1, 1, 1, 0, 1, 0, 1
1.217125916666667, 1, 1, 1, 1, 0, 1, 0, 1
1.217126000000000, 0, 1, 1, 1, 0, 1, 0, 1
1.217126041666667, 1, 1, 1, 1, 0, 1, 0, 1
1.217126125000000, 0, 1, 1, 1, 0, 1, 0, 1
1.217126166666667, 1, 1, 1, 1, 0, 1, 0, 1
1.217126250000000, 0, 1, 1, 1, 0, 1, 0, 1
1.217126291666667, 1, 1, 1, 1, 0, 1, 0, 1
1.217126375000000, 0, 1, 1, 1, 1, 1, 0, 1
1.217127291666667, 0, 1, 1, 1, 0, 1, 0, 1
1.217127375000000, 1, 1, 1, 1, 0, 1, 0, 1
1.217127458333333, 0, 1, 1, 1, 0, 1, 0, 1
1.217127500000000, 1, 1, 1, 1, 0, 1, 0, 1
1.217127583333333, 0, 1, 1, 1, 0, 1, 0, 1
1.217127625000000, 1, 1, 1, 1, 0, 1, 0, 1
1.217127666666667, 1, 1, 1, 1, 1, 1, 0, 1
1.217127708333333, 0, 1, 1, 1, 1, 1, 0, 1
1.217127750000000, 1, 1, 1, 1, 1, 1, 0, 1
1.217127833333333, 0, 1, 1, 1, 1, 1, 0, 1
1.217127875000000, 1, 1, 1, 1, 1, 1, 0, 1
1.217127958333333, 0, 1, 1, 1, 1, 1, 0, 1
1.217128000000000, 1, 1, 1, 1, 1, 1, 0, 1
1.217128083333333, 0, 1, 1, 1, 1, 1, 0, 1
1.217128125000000, 1, 1, 1, 1, 1, 1, 0, 1
1.217128208333333, 0, 1, 1, 1, 1, 1, 0, 1
1.217128250000000, 1, 1, 1, 1, 1, 1, 0, 1
1.217128333333333, 0, 1, 1, 1, 1, 1, 0, 1
1.217129958333333, 0, 1, 1, 1, 0, 1, 0, 1
1.217130000000000, 1, 1, 1, 1, 0, 1, 0, 1
1.217130083333333, 0, 1, 1, 1, 0, 1, 0, 1
1.217130125000000, 1, 1, 1, 1, 0, 1, 0, 1
1.217130208333333, 0, 1, 1, 1, 0, 1, 0, 1
1.217130250000000, 1, 1, 1, 1, 0, 1, 0, 1
1.217130333333333, 0, 1, 1, 1, 0, 1, 0, 1
1.217130375000000, 1, 1, 1, 1, 0, 1, 0, 1
1.217130458333333, 0, 1, 1, 1, 0, 1, 0, 1
1.217130500000000, 1, 1, 1, 1, 0, 1, 0, 1
1.217130583333333, 0, 1, 1, 1, 0, 1, 0, 1
1.217130625000000, 1, 1, 1, 1, 0, 1, 0, 1
1.217130708333333, 0, 1, 1, 1, 0, 1, 0, 1
1.217130750000000, 1, 1, 1, 1, 0, 1, 0, 1
1.217130833333333, 0, 1, 1, 1, 0, 1, 0, 1
1.217130875000000, 1, 1, 1, 1, 0, 1, 0, 1
1.217130916666667, 1, 1, 1, 1, 1, 1, 0, 1
1.217130958333333, 0, 1, 1, 1, 1, 1, 0, 1
1.217131875000000, 0, 1, 1, 1, 0, 1, 0, 1
1.217131916666667, 1, 1, 1, 1, 0, 1, 0, 1
1.217132000000000, 0, 1, 1, 1, 0, 1, 0, 1
1.217132041666667, 1, 1, 1, 1, 0, 1, 0, 1
1.217132125000000, 0, 1, 1, 1, 0, 1, 0, 1
1.217132166666667, 1, 1, 1, 1, 0, 1, 0, 1
1.217132250000000, 0, 1, 1, 1, 1, 1, 0, 1
1.217132291666667, 1, 1, 1, 1, 1, 1, 0, 1
1.217132375000000, 0, 1, 1, 1, 1, 1, 0, 1
1.217132416666667, 1, 1, 1, 1, 1, 1, 0, 1
1.217132500000000, 0, 1, 1, 1, 1, 1, 0, 1
1.217132541666667, 1, 1, 1, 1, 1, 1, 0, 1
1.217132625000000, 0, 1, 1, 1, 1, 1, 0, 1
1.217132666666667, 1, 1, 1, 1, 1, 1, 0, 1
1.217132750000000, 0, 1, 1, 1, 1, 1, 0, 1
1.217132791666667, 1, 1, 1, 1, 1, 1, 0, 1
1.217132875000000, 0, 1, 1, 1, 1, 1, 0, 1
1.217134500000000, 0, 1, 1, 1, 0, 1, 0, 1
1.217134541666667, 1, 1, 1, 1, 0, 1, 0, 1
1.217134625000000, 0, 1, 1, 1, 0, 1, 0, 1
1.217134666666667, 1, 1, 1, 1, 0, 1, 0, 1
1.217134750000000, 0, 1, 1, 1, 0, 1, 0, 1
1.217134791666667, 1, 1, 1, 1, 0, 1, 0, 1
1.217134875000000, 0, 1, 1, 1, 0, 1, 0, 1
1.217134916666667, 1, 1, 1, 1, 0, 1, 0, 1
1.217135000000000, 0, 1, 1, 1, 0, 1, 0, 1
1.217135041666667, 1, 1, 1, 1, 0, 1, 0, 1
1.217135125000000, 0, 1, 1, 1, 0, 1, 0, 1
1.217135166666667, 1, 1, 1, 1, 0, 1, 0, 1
1.217135250000000, 0, 1, 1, 1, 0, 1, 0, 1
1.217135291666667, 1, 1, 1, 1, 0, 1, 0, 1
1.217135375000000, 0, 1, 1, 1, 0, 1, 0, 1
1.217135416666667, 1, 1, 1, 1, 0, 1, 0, 1
1.217135500000000, 0, 1, 1, 1, 1, 1, 0, 1
1.217136416666667, 0, 1, 1, 1, 0, 1, 0, 1
1.217136500000000, 1, 1, 1, 1, 0, 1, 0, 1
1.217136583333333, 0, 1, 1, 1, 0, 1, 0, 1
1.217136625000000, 1, 1, 1, 1, 0, 1, 0, 1
1.217136708333333, 0, 1, 1, 1, 0, 1, 0, 1
1.217136750000000, 1, 1, 1, 1, 0, 1, 0, 1
1.217136791666667, 1, 1, 1, 1, 1, 1, 0, 1
1.217136833333333, 0, 1, 1, 1, 1, 1, 0, 1
1.217136875000000, 1, 1, 1, 1, 1, 1, 0, 1
1.217136958333333, 0, 1, 1, 1, 1, 1, 0, 1
1.217137000000000, 1, 1, 1, 1, 1, 1, 0, 1
1.217137083333333, 0, 1, 1, 1, 1, 1, 0, 1
1.217137125000000, 1, 1, 1, 1, 1, 1, 0, 1
1.217137208333333, 0, 1, 1, 1, 1, 1, 0, 1
1.217137250000000, 1, 1, 1, 1, 1, 1, 0, 1
1.217137333333334, 0, 1, 1, 1, 1, 1, 0, 1
1.217137375000000, 1, 1, 1, 1, 1, 1, 0, 1
1.217137458333333, 0, 1, 1, 1, 1, 1, 0, 1
1.217139083333333, 0, 1, 1, 1, 0, 1, 0, 1
1.217139125000000, 1, 1, 1, 1, 0, 1, 0, 1
1.217139208333333, 0, 1, 1, 1, 0, 1, 0, 1
1.217139250000000, 1, 1, 1, 1, 0, 1, 0, 1
1.217139333333333, 0, 1, 1, 1, 0, 1, 0, 1
1.217139375000000, 1, 1, 1, 1, 0, 1, 0, 1
1.217139458333333, 0, 1, 1, 1, 0, 1, 0, 1
1.217139500000000, 1, 1, 1, 1, 0, 1, 0, 1
1.217139583333333, 0, 1, 1, 1, 0, 1, 0, 1
1.217139625000000, 1, 1, 1, 1, 0, 1, 0, 1
1.217139708333334, 0, 1, 1, 1, 0, 1, 0, 1
1.217139750000000, 1, 1, 1, 1, 0, 1, 0, 1
1.217139833333333, 0, 1, 1, 1, 0, 1, 0, 1
1.217139875000000, 1, 1, 1, 1, 0, 1, 0, 1
1.217139958333333, 0, 1, 1, 1, 0, 1, 0, 1
1.217140000000000, 1, 1, 1, 1, 0, 1, 0, 1
1.217140041666667, 1, 1, 1, 1, 1, 1, 0, 1
1.217140083333333, 0, 1, 1, 1, 1, 1, 0, 1
1.217141000000000, 0, 1, 1, 1, 0, 1, 0, 1
1.217141041666667, 1, 1, 1, 1, 0, 1, 0, 1
1.217141125000000, 0, 1, 1, 1, 0, 1, 0, 1
1.217141166666667, 1, 1, 1, 1, 0, 1, 0, 1
1.217141250000000, 0, 1, 1, 1, 0, 1, 0, 1
1.217141291666667, 1, 1, 1, 1, 0, 1, 0, 1
1.217141375000000, 0, 1, 1, 1, 1, 1, 0, 1
1.217141416666667, 1, 1, 1, 1, 1, 1, 0, 1
1.217141500000000, 0, 1, 1, 1, 1, 1, 0, 1
1.217141541666667, 1, 1, 1, 1, 1, 1, 0, 1
1.217141625000000, 0, 1, 1, 1, 1, 1, 0, 1
1.217141666666667, 1, 1, 1, 1, 1, 1, 0, 1
1.217141750000000, 0, 1, 1, 1, 1, 1, 0, 1
1.217141791666667, 1, 1, 1, 1, 1, 1, 0, 1
1.217141875000000, 0, 1, 1, 1, 1, 1, 0, 1
1.217141916666667, 1, 1, 1, 1, 1, 1, 0, 1
1.217142000000000, 0, 1, 1, 1, 1, 1, 0, 1
1.217143625000000, 0, 1, 1, 1, 0, 1, 0, 1
1.217143666666667, 1, 1, 1, 1, 0, 1, 0, 1
1.217143750000000, 0, 1, 1, 1, 0, 1, 0, 1
1.217143791666667, 1, 1, 1, 1, 0, 1, 0, 1
1.217143875000000, 0, 1, 1, 1, 0, 1, 0, 1
1.217143916666667, 1, 1, 1, 1, 0, 1, 0, 1
1.217144000000000, 0, 1, 1, 1, 0, 1, 0, 1
1.217144041666667, 1, 1, 1, 1, 0, 1, 0, 1
1.217144125000000, 0, 1, 1, 1, 0, 1, 0, 1
1.217144166666667, 1, 1, 1, 1, 0, 1, 0, 1
1.217144250000000, 0, 1, 1, 1, 0, 1, 0, 1
1.217144291666667, 1, 1, 1, 1, 0, 1, 0, 1
1.217144375000000, 0, 1, 1, 1, 0, 1, 0, 1
1.217144416666667, 1, 1, 1, 1, 0, 1, 0, 1
1.217144500000000, 0, 1, 1, 1, 0, 1, 0, 1
1.217144541666667, 1, 1, 1, 1, 0, 1, 0, 1
1.217144625000000, 0, 1, 1, 1, 1, 1, 0, 1
1.217145583333333, 0, 1, 1, 1, 0, 1, 0, 1
1.217145625000000, 1, 1, 1, 1, 0, 1, 0, 1
1.217145708333333, 0, 1, 1, 1, 0, 1, 0, 1
1.217145750000000, 1, 1, 1, 1, 0, 1, 0, 1
1.217145833333333, 0, 1, 1, 1, 0, 1, 0, 1
1.217145875000000, 1, 1, 1, 1, 0, 1, 0, 1
1.217145916666667, 1, 1, 1, 1, 1, 1, 0, 1
1.217145958333333, 0, 1, 1, 1, 1, 1, 0, 1
1.217146000000000, 1, 1, 1, 1, 1, 1, 0, 1
1.217146083333333, 0, 1, 1, 1, 1, 1, 0, 1
1.217146125000000, 1, 1, 1, 1, 1, 1, 0, 1
1.217146208333333, 0, 1, 1, 1, 1, 1, 0, 1
1.217146250000000, 1, 1, 1, 1, 1, 1, 0, 1
1.217146333333333, 0, 1, 1, 1, 1, 1, 0, 1
1.217146375000000, 1, 1, 1, 1, 1, 1, 0, 1
1.217146458333333, 0, 1, 1, 1, 1, 1, 0, 1
1.217146500000000, 1, 1, 1, 1, 1, 1, 0, 1
1.217146583333333, 0, 1, 1, 1, 1, 1, 0, 1
1.217148208333333, 0, 1, 1, 1, 0, 1, 0, 1
1.217148250000000, 1, 1, 1, 1, 0, 1, 0, 1
1.217148333333333, 0, 1, 1, 1, 0, 1, 0, 1
1.217148375000000, 1, 1, 1, 1, 0, 1, 0, 1
1.217148458333333, 0, 1, 1, 1, 0, 1, 0, 1
1.217148500000000, 1, 1, 1, 1, 0, 1, 0, 1
1.217148583333333, 0, 1, 1, 1, 0, 1, 0, 1
1.217148625000000, 1, 1, 1, 1, 0, 1, 0, 1
1.217148708333333, 0, 1, 1, 1, 0, 1, 0, 1
1.217148750000000, 1, 1, 1, 1, 0, 1, 0, 1
1.217148833333333, 0, 1, 1, 1, 0, 1, 0, 1
1.217148875000000, 1, 1, 1, 1, 0, 1, 0, 1
1.217148958333333, 0, 1, 1, 1, 0, 1, 0, 1
1.217149000000000, 1, 1, 1, 1, 0, 1, 0, 1
1.217149083333333, 0, 1, 1, 1, 0, 1, 0, 1
1.217149125000000, 1, 1, 1, 1, 0, 1, 0, 1
1.217149166666667, 1, 1, 1, 1, 1, 1, 0, 1
1.217149208333334, 0, 1, 1, 1, 1, 1, 0, 1
1.217150125000000, 0, 1, 1, 1, 0, 1, 0, 1
1.217150166666667, 1, 1, 1, 1, 0, 1, 0, 1
1.217150250000000, 0, 1, 1, 1, 0, 1, 0, 1
1.217150291666667, 1, 1, 1, 1, 0, 1, 0, 1
1.217150375000000, 0, 1, 1, 1, 0, 1, 0, 1
1.217150416666667, 1, 1, 1, 1, 0, 1, 0, 1
1.217150500000000, 0, 1, 1, 1, 1, 1, 0, 1
1.217150541666667, 1, 1, 1, 1, 1, 1, 0, 1
1.217150625000000, 0, 1, 1, 1, 1, 1, 0, 1
1.217150666666667, 1, 1, 1, 1, 1, 1, 0, 1
1.217150750000000, 0, 1, 1, 1, 1, 1, 0, 1
1.217150791666667, 1, 1, 1, 1, 1, 1, 0, 1
1.217150875000000, 0, 1, 1, 1, 1, 1, 0, 1
1.217150916666667, 1, 1, 1, 1, 1, 1, 0, 1
1.217151000000000, 0, 1, 1, 1, 1, 1, 0, 1
1.217151041666667, 1, 1, 1, 1, 1, 1, 0, 1
1.217151125000000, 0, 1, 1, 1, 1, 1, 0, 1
1.217152750000000, 0, 1, 1, 1, 0, 1, 0, 1
1.217152791666667, 1, 1, 1, 1, 0, 1, 0, 1
1.217152875000000, 0, 1, 1, 1, 0, 1, 0, 1
1.217152916666667, 1, 1, 1, 1, 0, 1, 0, 1
1.217153000000000, 0, 1, 1, 1, 0, 1, 0, 1
1.217153041666667, 1, 1, 1, 1, 0, 1, 0, 1
1.217153125000000, 0, 1, 1, 1, 0, 1, 0, 1
1.217153166666667, 1, 1, 1, 1, 0, 1, 0, 1
1.217153250000000, 0, 1, 1, 1, 0, 1, 0, 1
1.217153291666667, 1, 1, 1, 1, 0, 1, 0, 1
1.217153375000000, 0, 1, 1, 1, 0, 1, 0, 1
1.217153416666667, 1, 1, 1, 1, 0, 1, 0, 1
1.217153500000000, 0, 1, 1, 1, 0, 1, 0, 1
1.217153541666667, 1, 1, 1, 1, 0, 1, 0, 1
1.217153625000000, 0, 1, 1, 1, 0, 1, 0, 1
1.217153666666667, 1, 1, 1, 1, 0, 1, 0, 1
1.217153750000000, 0, 1, 1, 1, 1, 1, 0, 1
1.217154708333333, 0, 1, 1, 1, 0, 1, 0, 1
1.217154750000000, 1, 1, 1, 1, 0, 1, 0, 1
1.217154833333333, 0, 1, 1, 1, 0, 1, 0, 1
1.217154875000000, 1, 1, 1, 1, 0, 1, 0, 1
1.217154958333333, 0, 1, 1, 1, 0, 1, 0, 1
1.217155000000000, 1, 1, 1, 1, 0, 1, 0, 1
1.217155041666667, 1, 1, 1, 1, 1, 1, 0, 1
1.217155083333333, 0, 1, 1, 1, 1, 1, 0, 1
1.217155125000000, 1, 1, 1, 1, 1, 1, 0, 1
1.217155208333333, 0, 1, 1, 1, 1, 1, 0, 1
1.217155250000000, 1, 1, 1, 1, 1, 1, 0, 1
1.217155333333333, 0, 1, 1, 1, 1, 1, 0, 1
1.217155375000000, 1, 1, 1, 1, 1, 1, 0, 1
1.217155458333333, 0, 1, 1, 1, 1, 1, 0, 1
1.217155500000000, 1, 1, 1, 1, 1, 1, 0, 1
1.217155583333333, 0, 1, 1, 1, 1, 1, 0, 1
1.217155625000000, 1, 1, 1, 1, 1, 1, 0, 1
1.217155708333333, 0, 1, 1, 1, 1, 1, 0, 1
1.217157333333333, 0, 1, 1, 1, 0, 1, 0, 1
1.217157375000000, 1, 1, 1, 1, 0, 1, 0, 1
1.217157458333333, 0, 1, 1, 1, 0, 1, 0, 1
1.217157500000000, 1, 1, 1, 1, 0, 1, 0, 1
1.217157583333333, 0, 1, 1, 1, 0, 1, 0, 1
1.217157625000000, 1, 1, 1, 1, 0, 1, 0, 1
1.217157708333333, 0, 1, 1, 1, 0, 1, 0, 1
1.217157750000000, 1, 1, 1, 1, 0, 1, 0, 1
1.217157833333333, 0, 1, 1, 1, 0, 1, 0, 1
1.217157875000000, 1, 1, 1, 1, 0, 1, 0, 1
1.217157958333333, 0, 1, 1, 1, 0, 1, 0, 1
1.217158000000000, 1, 1, 1, 1, 0, 1, 0, 1
1.217158083333333, 0, 1, 1, 1, 0, 1, 0, 1
1.217158125000000, 1, 1, 1, 1, 0, 1, 0, 1
1.217158208333333, 0, 1, 1, 1, 0, 1, 0, 1
1.217158250000000, 1, 1, 1, 1, 0, 1, 0, 1
1.217158291666667, 1, 1, 1, 1, 1, 1, 0, 1
1.217158333333333, 0, 1, 1, 1, 1, 1, 0, 1
1.217159250000000, 0, 1, 1, 1, 0, 1, 0, 1
1.217159291666667, 1, 1, 1, 1, 0, 1, 0, 1
1.217159375000000, 0, 1, 1, 1, 0, 1, 0, 1
1.217159416666667, 1, 1, 1, 1, 0, 1, 0, 1
1.217159500000000, 0, 1, 1, 1, 0, 1, 0, 1
1.217159541666667, 1, 1, 1, 1, 0, 1, 0, 1
1.217159625000000, 0, 1, 1, 1, 1, 1, 0, 1
1.217159666666667, 1, 1, 1, 1, 1, 1, 0, 1
1.217159750000000, 0, 1, 1, 1, 1, 1, 0, 1
1.217159791666667, 1, 1, 1, 1, 1, 1, 0, 1
1.217159875000000, 0, 1, 1, 1, 1, 1, 0, 1
1.217159916666667, 1, 1, 1, 1, 1, 1, 0, 1
1.217160000000000, 0, 1, 1, 1, 1, 1, 0, 1
1.217160041666667, 1, 1, 1, 1, 1, 1, 0, 1
1.217160125000000, 0, 1, 1, 1, 1, 1, 0, 1
1.217160166666667, 1, 1, 1, 1, 1, 1, 0, 1
1.217160250000000, 0, 1, 1, 1, 1, 1, 0, 1
1.217161875000000, 0, 1, 1, 1, 0, 1, 0, 1
1.217161916666667, 1, 1, 1, 1, 0, 1, 0, 1
1.217162000000000, 0, 1, 1, 1, 0, 1, 0, 1
1.217162041666667, 1, 1, 1, 1, 0, 1, 0, 1
1.217162125000000, 0, 1, 1, 1, 0, 1, 0, 1
1.217162166666667, 1, 1, 1, 1, 0, 1, 0, 1
1.217162250000000, 0, 1, 1, 1, 0, 1, 0, 1
1.217162291666667, 1, 1, 1, 1, 0, 1, 0, 1
1.217162375000000, 0, 1, 1, 1, 0, 1, 0, 1
1.217162416666667, 1, 1, 1, 1, 0, 1, 0, 1
1.217162500000000, 0, 1, 1, 1, 0, 1, 0, 1
1.217162541666667, 1, 1, 1, 1, 0, 1, 0, 1
1.217162625000000, 0, 1, 1, 1, 0, 1, 0, 1
1.217162666666667, 1, 1, 1, 1, 0, 1, 0, 1
1.217162750000000, 0, 1, 1, 1, 0, 1, 0, 1
1.217162791666667, 1, 1, 1, 1, 0, 1, 0, 1
1.217162875000000, 0, 1, 1, 1, 1, 1, 0, 1
1.217163833333333, 0, 1, 1, 1, 0, 1, 0, 1
1.217163875000000, 1, 1, 1, 1, 0, 1, 0, 1
1.217163958333333, 0, 1, 1, 1, 0, 1, 0, 1
1.217164000000000, 1, 1, 1, 1, 0, 1, 0, 1
1.217164083333333, 0, 1, 1, 1, 0, 1, 0, 1
1.217164125000000, 1, 1, 1, 1, 0, 1, 0, 1
1.217164166666667, 1, 1, 1, 1, 1, 1, 0, 1
1.217164208333333, 0, 1, 1, 1, 1, 1, 0, 1
1.217164250000000, 1, 1, 1, 1, 1, 1, 0, 1
1.217164333333334, 0, 1, 1, 1, 1, 1, 0, 1
1.217164375000000, 1, 1, 1, 1, 1, 1, 0, 1
1.217164458333333, 0, 1, 1, 1, 1, 1, 0, 1
1.217164500000000, 1, 1, 1, 1, 1, 1, 0, 1
1.217164583333333, 0, 1, 1, 1, 1, 1, 0, 1
1.217164625000000, 1, 1, 1, 1, 1, 1, 0, 1
1.217164708333333, 0, 1, 1, 1, 1, 1, 0, 1
1.217164750000000, 1, 1, 1, 1, 1, 1, 0, 1
1.217164833333333, 0, 1, 1, 1, 1, 1, 0, 1
1.217166458333333, 0, 1, 1, 1, 0, 1, 0, 1
1.217166500000000, 1, 1, 1, 1, 0, 1, 0, 1
1.217166583333333, 0, 1, 1, 1, 0, 1, 0, 1
1.217166625000000, 1, 1, 1, 1, 0, 1, 0, 1
1.217166708333334, 0, 1, 1, 1, 0, 1, 0, 1
1.217166750000000, 1, 1, 1, 1, 0, 1, 0, 1
1.217166833333333, 0, 1, 1, 1, 0, 1, 0, 1
1.217166875000000, 1, 1, 1, 1, 0, 1, 0, 1
1.217166958333333, 0, 1, 1, 1, 0, 1, 0, 1
1.217167000000000, 1, 1, 1, 1, 0, 1, 0, 1
1.217167083333333, 0, 1, 1, 1, 0, 1, 0, 1
1.217167125000000, 1, 1, 1, 1, 0, 1, 0, 1
1.217167208333333, 0, 1, 1, 1, 0, 1, 0, 1
1.217167250000000, 1, 1, 1, 1, 0, 1, 0, 1
1.217167333333333, 0, 1, 1, 1, 0, 1, 0, 1
1.217167375000000, 1, 1, 1, 1, 0, 1, 0, 1
1.217167416666667, 1, 1, 1, 1, 1, 1, 0, 1
1.217167458333333, 0, 1, 1, 1, 1, 1, 0, 1
1.217168375000000, 0, 1, 1, 1, 0, 1, 0, 1
1.217168416666667, 1, 1, 1, 1, 0, 1, 0, 1
1.217168500000000, 0, 1, 1, 1, 0, 1, 0, 1
1.217168541666667, 1, 1, 1, 1, 0, 1, 0, 1
1.217168625000000, 0, 1, 1, 1, 0, 1, 0, 1
1.217168666666667, 1, 1, 1, 1, 0, 1, 0, 1
1.217168750000000, 0, 1, 1, 1, 1, 1, 0, 1
1.217168791666667, 1, 1, 1, 1, 1, 1, 0, 1
1.217168875000000, 0, 1, 1, 1, 1, 1, 0, 1
1.217168916666667, 1, 1, 1, 1, 1, 1, 0, 1
1.217169000000000, 0, 1, 1, 1, 1, 1, 0, 1
1.217169041666667, 1, 1, 1, 1, 1, 1, 0, 1
1.217169125000000, 0, 1, 1, 1, 1, 1, 0, 1
1.217169166666667, 1, 1, 1, 1, 1, 1, 0, 1
1.217169250000000, 0, 1, 1, 1, 1, 1, 0, 1
1.217169291666667, 1, 1, 1, 1, 1, 1, 0, 1
1.217169375000000, 0, 1, 1, 1, 1, 1, 0, 1
1.217171000000000, 0, 1, 1, 1, 0, 1, 0, 1
1.217171041666667, 1, 1, 1, 1, 0, 1, 0, 1
1.217171125000000, 0, 1, 1, 1, 0, 1, 0, 1
1.217171166666667, 1, 1, 1, 1, 0, 1, 0, 1
1.217171250000000, 0, 1, 1, 1, 0, 1, 0, 1
1.217171291666667, 1, 1, 1, 1, 0, 1, 0, 1
1.217171375000000, 0, 1, 1, 1, 0, 1, 0, 1
1.217171416666667, 1, 1, 1, 1, 0, 1, 0, 1
1.217171500000000, 0, 1, 1, 1, 0, 1, 0, 1
1.217171541666667, 1, 1, 1, 1, 0, 1, 0, 1
1.217171625000000, 0, 1, 1, 1, 0, 1, 0, 1
1.217171666666667, 1, 1, 1, 1, 0, 1, 0, 1
1.217171750000000, 0, 1, 1, 1, 0, 1, 0, 1
1.217171791666667, 1, 1, 1, 1, 0, 1, 0, 1
1.217171875000000, 0, 1, 1, 1, 0, 1, 0, 1
1.217171916666667, 1, 1, 1, 1, 0, 1, 0, 1
1.217172000000000, 0, 1, 1, 1, 1, 1, 0, 1
1.217172958333333, 0, 1, 1, 1, 0, 1, 0, 1
1.217173000000000, 1, 1, 1, 1, 0, 1, 0, 1
1.217173083333333, 0, 1, 1, 1, 0, 1, 0, 1
1.217173125000000, 1, 1, 1, 1, 0, 1, 0, 1
1.217173208333333, 0, 1, 1, 1, 0, 1, 0, 1
1.217173250000000, 1, 1, 1, 1, 0, 1, 0, 1
1.217173291666667, 1, 1, 1, 1, 1, 1, 0, 1
1.217173333333333, 0, 1, 1, 1, 1, 1, 0, 1
1.217173375000000, 1, 1, 1, 1, 1, 1, 0, 1
1.217173458333333, 0, 1, 1, 1, 1, 1, 0, 1
1.217173500000000, 1, 1, 1, 1, 1, 1, 0, 1
1.217173583333333, 0, 1, 1, 1, 1, 1, 0, 1
1.217173625000000, 1, 1, 1, 1, 1, 1, 0, 1
1.217173708333333, 0, 1, 1, 1, 1, 1, 0, 1
1.217173750000000, 1, 1, 1, 1, 1, 1, 0, 1
1.217173833333334, 0, 1, 1, 1, 1, 1, 0, 1
1.217173875000000, 1, 1, 1, 1, 1, 1, 0, 1
1.217173958333333, 0, 1, 1, 1, 1, 1, 0, 1
1.217175583333333, 0, 1, 1, 1, 0, 1, 0, 1
1.217175625000000, 1, 1, 1, 1, 0, 1, 0, 1
1.217175708333333, 0, 1, 1, 1, 0, 1, 0, 1
1.217175750000000, 1, 1, 1, 1, 0, 1, 0, 1
1.217175833333333, 0, 1, 1, 1, 0, 1, 0, 1
1.217175875000000, 1, 1, 1, 1, 0, 1, 0, 1
1.217175958333333, 0, 1, 1, 1, 0, 1, 0, 1
1.217176000000000, 1, 1, 1, 1, 0, 1, 0, 1
1.217176083333333, 0, 1, 1, 1, 0, 1, 0, 1
1.217176125000000, 1, 1, 1, 1, 0, 1, 0, 1
1.217176208333334, 0, 1, 1, 1, 0, 1, 0, 1
1.217176250000000, 1, 1, 1, 1, 0, 1, 0, 1
1.217176333333333, 0, 1, 1, 1, 0, 1, 0, 1
1.217176375000000, 1, 1, 1, 1, 0, 1, 0, 1
1.217176458333333, 0, 1, 1, 1, 0, 1, 0, 1
1.217176500000000, 1, 1, 1, 1, 0, 1, 0, 1
1.217176541666667, 1, 1, 1, 1, 1, 1, 0, 1
1.217176583333333, 0, 1, 1, 1, 1, 1, 0, 1
1.217177500000000, 0, 1, 1, 1, 0, 1, 0, 1
1.217177541666667, 1, 1, 1, 1, 0, 1, 0, 1
1.217177625000000, 0, 1, 1, 1, 0, 1, 0, 1
1.217177666666667, 1, 1, 1, 1, 0, 1, 0, 1
1.217177750000000, 0, 1, 1, 1, 0, 1, 0, 1
1.217177791666667, 1, 1, 1, 1, 0, 1, 0, 1
1.217177875000000, 0, 1, 1, 1, 1, 1, 0, 1
1.217177916666667, 1, 1, 1, 1, 1, 1, 0, 1
1.217178000000000, 0, 1, 1, 1, 1, 1, 0, 1
1.217178041666667, 1, 1, 1, 1, 1, 1, 0, 1
1.217178125000000, 0, 1, 1, 1, 1, 1, 0, 1
1.217178166666667, 1, 1, 1, 1, 1, 1, 0, 1
1.217178250000000, 0, 1, 1, 1, 1, 1, 0, 1
1.217178291666667, 1, 1, 1, 1, 1, 1, 0, 1
1.217178375000000, 0, 1, 1, 1, 1, 1, 0, 1
1.217178416666667, 1, 1, 1, 1, 1, 1, 0, 1
1.217178500000000, 0, 1, 1, 1, 1, 1, 0, 1
1.217180125000000, 0, 1, 1, 1, 0, 1, 0, 1
1.217180166666667, 1, 1, 1, 1, 0, 1, 0, 1
1.217180250000000, 0, 1, 1, 1, 0, 1, 0, 1
1.217180291666667, 1, 1, 1, 1, 0, 1, 0, 1
1.217180375000000, 0, 1, 1, 1, 0, 1, 0, 1
1.217180416666667, 1, 1, 1, 1, 0, 1, 0, 1
1.217180500000000, 0, 1, 1, 1, 0, 1, 0, 1
1.217180541666667, 1, 1, 1, 1, 0, 1, 0, 1
1.217180625000000, 0, 1, 1, 1, 0, 1, 0, 1
1.217180666666667, 1, 1, 1, 1, 0, 1, 0, 1
1.217180750000000, 0, 1, 1, 1, 0, 1, 0, 1
1.217180791666667, 1, 1, 1, 1, 0, 1, 0, 1
1.217180875000000, 0, 1, 1, 1, 0, 1, 0, 1
1.217180916666667, 1, 1, 1, 1, 0, 1, 0, 1
1.217181000000000, 0, 1, 1, 1, 0, 1, 0, 1
1.217181041666667, 1, 1, 1, 1, 0, 1, 0, 1
1.217181125000000, 0, 1, 1, 1, 1, 1, 0, 1
1.217182083333333, 0, 1, 1, 1, 0, 1, 0, 1
1.217182125000000, 1, 1, 1, 1, 0, 1, 0, 1
1.217182208333333, 0, 1, 1, 1, 0, 1, 0, 1
1.217182250000000, 1, 1, 1, 1, 0, 1, 0, 1
1.217182333333333, 0, 1, 1, 1, 0, 1, 0, 1
1.217182375000000, 1, 1, 1, 1, 0, 1, 0, 1
1.217182416666667, 1, 1, 1, 1, 1, 1, 0, 1
1.217182458333333, 0, 1, 1, 1, 1, 1, 0, 1
1.217182500000000, 1, 1, 1, 1, 1, 1, 0, 1
1.217182583333333, 0, 1, 1, 1, 1, 1, 0, 1
1.217182625000000, 1, 1, 1, 1, 1, 1, 0, 1
1.217182708333333, 0, 1, 1, 1, 1, 1, 0, 1
1.217182750000000, 1, 1, 1, 1, 1, 1, 0, 1
1.217182833333333, 0, 1, 1, 1, 1, 1, 0, 1
1.217182875000000, 1, 1, 1, 1, 1, 1, 0, 1
1.217182958333333, 0, 1, 1, 1, 1, 1, 0, 1
1.217183000000000, 1, 1, 1, 1, 1, 1, 0, 1
1.217183083333333, 0, 1, 1, 1, 1, 1, 0, 1
1.217184708333333, 0, 1, 1, 1, 0, 1, 0, 1
1.217184750000000, 1, 1, 1, 1, 0, 1, 0, 1
1.217184833333333, 0, 1, 1, 1, 0, 1, 0, 1
1.217184875000000, 1, 1, 1, 1, 0, 1, 0, 1
1.217184958333333, 0, 1, 1, 1, 0, 1, 0, 1
1.217185000000000, 1, 1, 1, 1, 0, 1, 0, 1
1.217185083333333, 0, 1, 1, 1, 0, 1, 0, 1
1.217185125000000, 1, 1, 1, 1, 0, 1, 0, 1
1.217185208333333, 0, 1, 1, 1, 0, 1, 0, 1
1.217185250000000, 1, 1, 1, 1, 0, 1, 0, 1
1.217185333333333, 0, 1, 1, 1, 0, 1, 0, 1
1.217185375000000, 1, 1, 1, 1, 0, 1, 0, 1
1.217185458333333, 0, 1, 1, 1, 0, 1, 0, 1
1.217185500000000, 1, 1, 1, 1, 0, 1, 0, 1
1.217185583333333, 0, 1, 1, 1, 0, 1, 0, 1
1.217185625000000, 1, 1, 1, 1, 0, 1, 0, 1
1.217185666666667, 1, 1, 1, 1, 1, 1, 0, 1
1.217185708333334, 0, 1, 1, 1, 1, 1, 0, 1
1.217186625000000, 0, 1, 1, 1, 0, 1, 0, 1
1.217186666666667, 1, 1, 1, 1, 0, 1, 0, 1
1.217186750000000, 0, 1, 1, 1, 0, 1, 0, 1
1.217186791666667, 1, 1, 1, 1, 0, 1, 0, 1
1.217186875000000, 0, 1, 1, 1, 0, 1, 0, 1
1.217186916666667, 1, 1, 1, 1, 0, 1, 0, 1
1.217187000000000, 0, 1, 1, 1, 1, 1, 0, 1
1.217187041666667, 1, 1, 1, 1, 1, 1, 0, 1
1.217187125000000, 0, 1, 1, 1, 1, 1, 0, 1
1.217187166666667, 1, 1, 1, 1, 1, 1, 0, 1
1.217187250000000, 0, 1, 1, 1, 1, 1, 0, 1
1.217187291666667, 1, 1, 1, 1, 1, 1, 0, 1
1.217187375000000, 0, 1, 1, 1, 1, 1, 0, 1
1.217187416666667, 1, 1, 1, 1, 1, 1, 0, 1
1.217187500000000, 0, 1, 1, 1, 1, 1, 0, 1
1.217187541666667, 1, 1, 1, 1, 1, 1, 0, 1
1.217187625000000, 0, 1, 1, 1, 1, 1, 0, 1
1.217189250000000, 0, 1, 1, 1, 0, 1, 0, 1
1.217189291666667, 1, 1, 1, 1, 0, 1, 0, 1
1.217189375000000, 0, 1, 1, 1, 0, 1, 0, 1
1.217189416666667, 1, 1, 1, 1, 0, 1, 0, 1
1.217189500000000, 0, 1, 1, 1, 0, 1, 0, 1
1.217189541666667, 1, 1, 1, 1, 0, 1, 0, 1
1.217189625000000, 0, 1, 1, 1, 0, 1, 0, 1
1.217189666666667, 1, 1, 1, 1, 0, 1, 0, 1
1.217189750000000, 0, 1, 1, 1, 0, 1, 0, 1
1.217189791666667, 1, 1, 1, 1, 0, 1, 0, 1
1.217189875000000, 0, 1, 1, 1, 0, 1, 0, 1
1.217189916666667, 1, 1, 1, 1, 0, 1, 0, 1
1.217190000000000, 0, 1, 1, 1, 0, 1, 0, 1
1.217190041666667, 1, 1, 1, 1, 0, 1, 0, 1
1.217190125000000, 0, 1, 1, 1, 0, 1, 0, 1
1.217190166666667, 1, 1, 1, 1, 0, 1, 0, 1
1.217190250000000, 0, 1, 1, 1, 1, 1, 0, 1
1.217191208333333, 0, 1, 1, 1, 0, 1, 0, 1
1.217191250000000, 1, 1, 1, 1, 0, 1, 0, 1
1.217191333333334, 0, 1, 1, 1, 0, 1, 0, 1
1.217191375000000, 1, 1, 1, 1, 0, 1, 0, 1
1.217191458333333, 0, 1, 1, 1, 0, 1, 0, 1
1.217191500000000, 1, 1, 1, 1, 0, 1, 0, 1
1.217191541666667, 1, 1, 1, 1, 1, 1, 0, 1
1.217191583333333, 0, 1, 1, 1, 1, 1, 0, 1
1.217191625000000, 1, 1, 1, 1, 1, 1, 0, 1
1.217191708333333, 0, 1, 1, 1, 1, 1, 0, 1
1.217191750000000, 1, 1, 1, 1, 1, 1, 0, 1
1.217191833333333, 0, 1, 1, 1, 1, 1, 0, 1
1.217191875000000, 1, 1, 1, 1, 1, 1, 0, 1
1.217191958333333, 0, 1, 1, 1, 1, 1, 0, 1
1.217192000000000, 1, 1, 1, 1, 1, 1, 0, 1
1.217192083333333, 0, 1, 1, 1, 1, 1, 0, 1
1.217192125000000, 1, 1, 1, 1, 1, 1, 0, 1
1.217192208333333, 0, 1, 1, 1, 1, 1, 0, 1
1.217193833333333, 0, 1, 1, 1, 0, 1, 0, 1
1.217193875000000, 1, 1, 1, 1, 0, 1, 0, 1
1.217193958333333, 0, 1, 1, 1, 0, 1, 0, 1
1.217194000000000, 1, 1, 1, 1, 0, 1, 0, 1
1.217194083333333, 0, 1, 1, 1, 0, 1, 0, 1
1.217194125000000, 1, 1, 1, 1, 0, 1, 0, 1
1.217194208333333, 0, 1, 1, 1, 0, 1, 0, 1
1.217194250000000, 1, 1, 1, 1, 0, 1, 0, 1
1.217194333333333, 0, 1, 1, 1, 0, 1, 0, 1
1.217194375000000, 1, 1, 1, 1, 0, 1, 0, 1
1.217194458333333, 0, 1, 1, 1, 0, 1, 0, 1
1.217194500000000, 1, 1, 1, 1, 0, 1, 0, 1
1.217194583333333, 0, 1, 1, 1, 0, 1, 0, 1
1.217194625000000, 1, 1, 1, 1, 0, 1, 0, 1
1.217194708333333, 0, 1, 1, 1, 0, 1, 0, 1
1.217194750000000, 1, 1, 1, 1, 0, 1, 0, 1
1.217194791666667, 1, 1, 1, 1, 1, 1, 0, 1
1.217194833333333, 0, 1, 1, 1, 1, 1, 0, 1
1.217195750000000, 0, 1, 1, 1, 0, 1, 0, 1
1.217195791666667, 1, 1, 1, 1, 0, 1, 0, 1
1.217195875000000, 0, 1, 1, 1, 0, 1, 0, 1
1.217195916666667, 1, 1, 1, 1, 0, 1, 0, 1
1.217196000000000, 0, 1, 1, 1, 0, 1, 0, 1
1.217196041666667, 1, 1, 1, 1, 0, 1, 0, 1
1.217196125000000, 0, 1, 1, 1, 1, 1, 0, 1
1.217196166666667, 1, 1, 1, 1, 1, 1, 0, 1
1.217196250000000, 0, 1, 1, 1, 1, 1, 0, 1
1.217196291666667, 1, 1, 1, 1, 1, 1, 0, 1
1.217196375000000, 0, 1, 1, 1, 1, 1, 0, 1
1.217196416666667, 1, 1, 1, 1, 1, 1, 0, 1
1.217196500000000, 0, 1, 1, 1, 1, 1, 0, 1
1.217196541666667, 1, 1, 1, 1, 1, 1, 0, 1
1.217196625000000, 0, 1, 1, 1, 1, 1, 0, 1
1.217196666666667, 1, 1, 1, 1, 1, 1, 0, 1
1.217196750000000, 0, 1, 1, 1, 1, 1, 0, 1
1.217198375000000, 0, 1, 1, 1, 0, 1, 0, 1
1.217198416666667, 1, 1, 1, 1, 0, 1, 0, 1
1.217198500000000, 0, 1, 1, 1, 0, 1, 0, 1
1.217198541666667, 1, 1, 1, 1, 0, 1, 0, 1
1.217198625000000, 0, 1, 1, 1, 0, 1, 0, 1
1.217198666666667, 1, 1, 1, 1, 0, 1, 0, 1
1.217198750000000, 0, 1, 1, 1, 0, 1, 0, 1
1.217198791666667, 1, 1, 1, 1, 0, 1, 0, 1
1.217198875000000, 0, 1, 1, 1, 0, 1, 0, 1
1.217198916666667, 1, 1, 1, 1, 0, 1, 0, 1
1.217199000000000, 0, 1, 1, 1, 0, 1, 0, 1
1.217199041666667, 1, 1, 1, 1, 0, 1, 0, 1
1.217199125000000, 0, 1, 1, 1, 0, 1, 0, 1
1.217199166666667, 1, 1, 1, 1, 0, 1, 0, 1
1.217199250000000, 0, 1, 1, 1, 0, 1, 0, 1
1.217199291666667, 1, 1, 1, 1, 0, 1, 0, 1
1.217199375000000, 0, 1, 1, 1, 1, 1, 0, 1
1.217200333333333, 0, 1, 1, 1, 0, 1, 0, 1
1.217200375000000, 1, 1, 1, 1, 0, 1, 0, 1
1.217200458333333, 0, 1, 1, 1, 0, 1, 0, 1
1.217200500000000, 1, 1, 1, 1, 0, 1, 0, 1
1.217200583333333, 0, 1, 1, 1, 0, 1, 0, 1
1.217200625000000, 1, 1, 1, 1, 0, 1, 0, 1
1.217200666666667, 1, 1, 1, 1, 1, 1, 0, 1
1.217200708333333, 0, 1, 1, 1, 1, 1, 0, 1
1.217200750000000, 1, 1, 1, 1, 1, 1, 0, 1
1.217200833333334, 0, 1, 1, 1, 1, 1, 0, 1
1.217200875000000, 1, 1, 1, 1, 1, 1, 0, 1
1.217200958333333, 0, 1, 1, 1, 1, 1, 0, 1
1.217201000000000, 1, 1, 1, 1, 1, 1, 0, 1
1.217201083333333, 0, 1, 1, 1, 1, 1, 0, 1
1.217201125000000, 1, 1, 1, 1, 1, 1, 0, 1
1.217201208333333, 0, 1, 1, 1, 1, 1, 0, 1
1.217201250000000, 1, 1, 1, 1, 1, 1, 0, 1
1.217201333333333, 0, 1, 1, 1, 1, 1, 0, 1
1.217202958333333, 0, 1, 1, 1, 0, 1, 0, 1
1.217203000000000, 1, 1, 1, 1, 0, 1, 0, 1
1.217203083333333, 0, 1, 1, 1, 0, 1, 0, 1
1.217203125000000, 1, 1, 1, 1, 0, 1, 0, 1
1.217203208333334, 0, 1, 1, 1, 0, 1, 0, 1
1.217203250000000, 1, 1, 1, 1, 0, 1, 0, 1
1.217203333333333, 0, 1, 1, 1, 0, 1, 0, 1
1.217203375000000, 1, 1, 1, 1, 0, 1, 0, 1
1.217203458333333, 0, 1, 1, 1, 0, 1, 0, 1
1.217203500000000, 1, 1, 1, 1, 0, 1, 0, 1
1.217203583333333, 0, 1, 1, 1, 0, 1, 0, 1
1.217203625000000, 1, 1, 1, 1, 0, 1, 0, 1
1.217203708333333, 0, 1, 1, 1, 0, 1, 0, 1
1.217203750000000, 1, 1, 1, 1, 0, 1, 0, 1
1.217203833333333, 0, 1, 1, 1, 0, 1, 0, 1
1.217203875000000, 1, 1, 1, 1, 0, 1, 0, 1
1.217203958333333, 0, 1, 1, 1, 1, 1, 0, 1
1.217204875000000, 0, 1, 1, 1, 0, 1, 0, 1
1.217204916666667, 1, 1, 1, 1, 0, 1, 0, 1
1.217205000000000, 0, 1, 1, 1, 0, 1, 0, 1
1.217205041666667, 1, 1, 1, 1, 0, 1, 0, 1
1.217205125000000, 0, 1, 1, 1, 0, 1, 0, 1
1.217205166666667, 1, 1, 1, 1, 0, 1, 0, 1
1.217205250000000, 0, 1, 1, 1, 1, 1, 0, 1
1.217205291666667, 1, 1, 1, 1, 1, 1, 0, 1
1.217205375000000, 0, 1, 1, 1, 1, 1, 0, 1
1.217205416666667, 1, 1, 1, 1, 1, 1, 0, 1
1.217205500000000, 0, 1, 1, 1, 1, 1, 0, 1
1.217205541666667, 1, 1, 1, 1, 1, 1, 0, 1
1.217205625000000, 0, 1, 1, 1, 1, 1, 0, 1
1.217205666666667, 1, 1, 1, 1, 1, 1, 0, 1
1.217205750000000, 0, 1, 1, 1, 1, 1, 0, 1
1.217205791666667, 1, 1, 1, 1, 1, 1, 0, 1
1.217205875000000, 0, 1, 1, 1, 1, 1, 0, 1
1.217207500000000, 0, 1, 1, 1, 0, 1, 0, 1
1.217207541666667, 1, 1, 1, 1, 0, 1, 0, 1
1.217207625000000, 0, 1, 1, 1, 0, 1, 0, 1
1.217207666666667, 1, 1, 1, 1, 0, 1, 0, 1
1.217207750000000, 0, 1, 1, 1, 0, 1, 0, 1
1.217207791666667, 1, 1, 1, 1, 0, 1, 0, 1
1.217207875000000, 0, 1, 1, 1, 0, 1, 0, 1
1.217207916666667, 1, 1, 1, 1, 0, 1, 0, 1
1.217208000000000, 0, 1, 1, 1, 0, 1, 0, 1
1.217208041666667, 1, 1, 1, 1, 0, 1, 0, 1
1.217208125000000, 0, 1, 1, 1, 0, 1, 0, 1
1.217208166666667, 1, 1, 1, 1, 0, 1, 0, 1
1.217208250000000, 0, 1, 1, 1, 0, 1, 0, 1
1.217208291666667, 1, 1, 1, 1, 0, 1, 0, 1
1.217208375000000, 0, 1, 1, 1, 0, 1, 0, 1
1.217208416666667, 1, 1, 1, 1, 0, 1, 0, 1
1.217208500000000, 0, 1, 1, 1, 1, 1, 0, 1
1.217209458333333, 0, 1, 1, 1, 0, 1, 0, 1
1.217209500000000, 1, 1, 1, 1, 0, 1, 0, 1
1.217209583333333, 0, 1, 1, 1, 0, 1, 0, 1
1.217209625000000, 1, 1, 1, 1, 0, 1, 0, 1
1.217209708333333, 0, 1, 1, 1, 0, 1, 0, 1
1.217209750000000, 1, 1, 1, 1, 0, 1, 0, 1
1.217209791666667, 1, 1, 1, 1, 1, 1, 0, 1
1.217209833333333, 0, 1, 1, 1, 1, 1, 0, 1
1.217209875000000, 1, 1, 1, 1, 1, 1, 0, 1
1.217209958333333, 0, 1, 1, 1, 1, 1, 0, 1
1.217210000000000, 1, 1, 1, 1, 1, 1, 0, 1
1.217210083333333, 0, 1, 1, 1, 1, 1, 0, 1
1.217210125000000, 1, 1, 1, 1, 1, 1, 0, 1
1.217210208333333, 0, 1, 1, 1, 1, 1, 0, 1
1.217210250000000, 1, 1, 1, 1, 1, 1, 0, 1
1.217210333333334, 0, 1, 1, 1, 1, 1, 0, 1
1.217210375000000, 1, 1, 1, 1, 1, 1, 0, 1
1.217210458333333, 0, 1, 1, 1, 1, 1, 0, 1
1.217212083333333, 0, 1, 1, 1, 0, 1, 0, 1
1.217212125000000, 1, 1, 1, 1, 0, 1, 0, 1
1.217212208333333, 0, 1, 1, 1, 0, 1, 0, 1
1.217212250000000, 1, 1, 1, 1, 0, 1, 0, 1
1.217212333333333, 0, 1, 1, 1, 0, 1, 0, 1
1.217212375000000, 1, 1, 1, 1, 0, 1, 0, 1
1.217212458333333, 0, 1, 1, 1, 0, 1, 0, 1
1.217212500000000, 1, 1, 1, 1, 0, 1, 0, 1
1.217212583333333, 0, 1, 1, 1, 0, 1, 0, 1
1.217212625000000, 1, 1, 1, 1, 0, 1, 0, 1
1.217212708333334, 0, 1, 1, 1, 0, 1, 0, 1
1.217212750000000, 1, 1, 1, 1, 0, 1, 0, 1
1.217212833333333, 0, 1, 1, 1, 0, 1, 0, 1
1.217212875000000, 1, 1, 1, 1, 0, 1, 0, 1
1.217212958333333, 0, 1, 1, 1, 0, 1, 0, 1
1.217213000000000, 1, 1, 1, 1, 0, 1, 0, 1
1.217213083333333, 0, 1, 1, 1, 1, 1, 0, 1
1.217214000000000, 0, 1, 1, 1, 0, 1, 0, 1
1.217214041666667, 1, 1, 1, 1, 0, 1, 0, 1
1.217214125000000, 0, 1, 1, 1, 0, 1, 0, 1
1.217214166666667, 1, 1, 1, 1, 0, 1, 0, 1
1.217214250000000, 0, 1, 1, 1, 0, 1, 0, 1
1.217214291666667, 1, 1, 1, 1, 0, 1, 0, 1
1.217214375000000, 0, 1, 1, 1, 1, 1, 0, 1
1.217214416666667, 1, 1, 1, 1, 1, 1, 0, 1
1.217214500000000, 0, 1, 1, 1, 1, 1, 0, 1
1.217214541666667, 1, 1, 1, 1, 1, 1, 0, 1
1.217214625000000, 0, 1, 1, 1, 1, 1, 0, 1
1.217214666666667, 1, 1, 1, 1, 1, 1, 0, 1
1.217214750000000, 0, 1, 1, 1, 1, 1, 0, 1
1.217214791666667, 1, 1, 1, 1, 1, 1, 0, 1
1.217214875000000, 0, 1, 1, 1, 1, 1, 0, 1
1.217214916666667, 1, 1, 1, 1, 1, 1, 0, 1
1.217215000000000, 0, 1, 1, 1, 1, 1, 0, 1
