Time[s], Channel 0, Channel 1, Channel 2, Channel 3, Channel 4, Channel 5, Channel 6, Channel 7
4.876410416666667, 0, 1, 1, 1, 1, 1, 1, 1
4.876419166666667, 0, 1, 1, 1, 1, 1, 0, 1
4.876419875000001, 0, 1, 1, 1, 0, 1, 0, 1
4.876419916666667, 1, 1, 1, 1, 0, 1, 0, 1
4.876420000000000, 0, 1, 1, 1, 0, 1, 0, 1
4.876420041666667, 1, 1, 1, 1, 0, 1, 0, 1
4.876420125000000, 0, 1, 1, 1, 0, 1, 0, 1
4.876420166666667, 1, 1, 1, 1, 0, 1, 0, 1
4.876420250000001, 0, 1, 1, 1, 0, 1, 0, 1
4.876420291666667, 1, 1, 1, 1, 0, 1, 0, 1
4.876420375000000, 0, 1, 1, 1, 0, 1, 0, 1
4.876420416666667, 1, 1, 1, 1, 0, 1, 0, 1
4.876420500000000, 0, 1, 1, 1, 0, 1, 0, 1
4.876420541666667, 1, 1, 1, 1, 0, 1, 0, 1
4.876420625000001, 0, 1, 1, 1, 0, 1, 0, 1
4.876420666666667, 1, 1, 1, 1, 0, 1, 0, 1
4.876420750000000, 0, 1, 1, 1, 0, 1, 0, 1
4.876420791666667, 1, 1, 1, 1, 0, 1, 0, 1
4.876420875000000, 0, 1, 1, 1, 1, 1, 0, 1
4.876421791666667, 0, 1, 1, 1, 0, 1, 0, 1
4.876421875000000, 1, 1, 1, 1, 0, 1, 0, 1
4.876421916666667, 0, 1, 1, 1, 0, 1, 0, 1
4.876422000000001, 1, 1, 1, 1, 0, 1, 0, 1
4.876422041666667, 0, 1, 1, 1, 0, 1, 0, 1
4.876422125000000, 1, 1, 1, 1, 0, 1, 0, 1
4.876422166666667, 0, 1, 1, 1, 0, 1, 0, 1
4.876422250000000, 1, 1, 1, 1, 0, 1, 0, 1
4.876422291666667, 0, 1, 1, 1, 0, 1, 0, 1
4.876422375000001, 1, 1, 1, 1, 0, 1, 0, 1
4.876422416666667, 0, 1, 1, 1, 0, 1, 0, 1
4.876422500000000, 1, 1, 1, 1, 0, 1, 0, 1
4.876422541666667, 0, 1, 1, 1, 0, 1, 0, 1
4.876422625000000, 1, 1, 1, 1, 0, 1, 0, 1
4.876422666666667, 0, 1, 1, 1, 0, 1, 0, 1
4.876422750000001, 1, 1, 1, 1, 0, 1, 0, 1
4.876422791666667, 0, 1, 1, 1, 1, 1, 0, 1
4.876427875000000, 0, 1, 1, 1, 1, 1, 1, 1
4.876436625000000, 0, 1, 1, 1, 1, 1, 0, 1
4.876437291666667, 0, 1, 1, 1, 0, 1, 0, 1
4.876437375000000, 1, 1, 1, 1, 0, 1, 0, 1
4.876437416666667, 0, 1, 1, 1, 0, 1, 0, 1
4.876437500000001, 1, 1, 1, 1, 0, 1, 0, 1
4.876437541666667, 0, 1, 1, 1, 0, 1, 0, 1
4.876437625000000, 1, 1, 1, 1, 0, 1, 0, 1
4.876437666666667, 0, 1, 1, 1, 0, 1, 0, 1
4.876437750000000, 1, 1, 1, 1, 0, 1, 0, 1
4.876437791666667, 0, 1, 1, 1, 0, 1, 0, 1
4.876437875000001, 1, 1, 1, 1, 0, 1, 0, 1
4.876437916666667, 0, 1, 1, 1, 0, 1, 0, 1
4.876438000000000, 1, 1, 1, 1, 0, 1, 0, 1
4.876438041666667, 0, 1, 1, 1, 0, 1, 0, 1
4.876438125000000, 1, 1, 1, 1, 0, 1, 0, 1
4.876438166666667, 0, 1, 1, 1, 0, 1, 0, 1
4.876438250000001, 1, 1, 1, 1, 0, 1, 0, 1
4.876438291666667, 0, 1, 1, 1, 1, 1, 0, 1
4.876439250000001, 0, 1, 1, 1, 0, 1, 0, 1
4.876439291666667, 1, 1, 1, 1, 0, 1, 0, 1
4.876439375000000, 0, 1, 1, 1, 0, 1, 0, 1
4.876439416666667, 1, 1, 1, 1, 0, 1, 0, 1
4.876439500000000, 0, 1, 1, 1, 0, 1, 0, 1
4.876439541666667, 1, 1, 1, 1, 0, 1, 0, 1
4.876439625000001, 0, 1, 1, 1, 0, 1, 0, 1
4.876439666666667, 1, 1, 1, 1, 0, 1, 0, 1
4.876439750000000, 0, 1, 1, 1, 1, 1, 0, 1
4.876439791666667, 1, 1, 1, 1, 1, 1, 0, 1
4.876439875000000, 0, 1, 1, 1, 0, 1, 0, 1
4.876439916666667, 1, 1, 1, 1, 0, 1, 0, 1
4.876440000000001, 0, 1, 1, 1, 0, 1, 0, 1
4.876440041666667, 1, 1, 1, 1, 0, 1, 0, 1
4.876440125000000, 0, 1, 1, 1, 0, 1, 0, 1
4.876440166666667, 1, 1, 1, 1, 0, 1, 0, 1
4.876440250000000, 0, 1, 1, 1, 1, 1, 0, 1
4.876445291666667, 0, 1, 1, 1, 1, 1, 1, 1
4.876453916666667, 0, 1, 1, 1, 1, 1, 0, 1
4.876454666666667, 1, 1, 1, 1, 1, 1, 0, 1
4.876454750000001, 0, 1, 1, 1, 1, 1, 0, 1
4.876454791666667, 1, 1, 1, 1, 1, 1, 0, 1
4.876454875000000, 0, 1, 1, 1, 0, 1, 0, 1
4.876454916666667, 1, 1, 1, 1, 0, 1, 0, 1
4.876455000000000, 0, 1, 1, 1, 0, 1, 0, 1
4.876455041666667, 1, 1, 1, 1, 0, 1, 0, 1
4.876455125000001, 0, 1, 1, 1, 0, 1, 0, 1
4.876455166666667, 1, 1, 1, 1, 0, 1, 0, 1
4.876455250000000, 0, 1, 1, 1, 0, 1, 0, 1
4.876455291666667, 1, 1, 1, 1, 0, 1, 0, 1
4.876455375000000, 0, 1, 1, 1, 0, 1, 0, 1
4.876455416666667, 1, 1, 1, 1, 0, 1, 0, 1
4.876455500000000, 0, 1, 1, 1, 0, 1, 0, 1
4.876455541666667, 1, 1, 1, 1, 0, 1, 0, 1
4.876455625000000, 0, 1, 1, 1, 1, 1, 0, 1
4.876460666666667, 0, 1, 1, 1, 1, 1, 1, 1
4.876469416666667, 0, 1, 1, 1, 1, 1, 0, 1
4.876470125000000, 0, 1, 1, 1, 0, 1, 0, 1
4.876470166666667, 1, 1, 1, 1, 0, 1, 0, 1
4.876470250000001, 0, 1, 1, 1, 0, 1, 0, 1
4.876470291666667, 1, 1, 1, 1, 0, 1, 0, 1
4.876470375000000, 0, 1, 1, 1, 0, 1, 0, 1
4.876470416666667, 1, 1, 1, 1, 0, 1, 0, 1
4.876470500000000, 0, 1, 1, 1, 0, 1, 0, 1
4.876470541666667, 1, 1, 1, 1, 0, 1, 0, 1
4.876470625000001, 0, 1, 1, 1, 0, 1, 0, 1
4.876470666666667, 1, 1, 1, 1, 0, 1, 0, 1
4.876470750000000, 0, 1, 1, 1, 0, 1, 0, 1
4.876470791666667, 1, 1, 1, 1, 0, 1, 0, 1
4.876470875000000, 0, 1, 1, 1, 0, 1, 0, 1
4.876470916666667, 1, 1, 1, 1, 0, 1, 0, 1
4.876471000000000, 0, 1, 1, 1, 0, 1, 0, 1
4.876471041666667, 1, 1, 1, 1, 0, 1, 0, 1
4.876471125000000, 0, 1, 1, 1, 1, 1, 0, 1
4.876472041666667, 0, 1, 1, 1, 0, 1, 0, 1
4.876472125000000, 1, 1, 1, 1, 0, 1, 0, 1
4.876472208333333, 0, 1, 1, 1, 0, 1, 0, 1
4.876472250000000, 1, 1, 1, 1, 0, 1, 0, 1
4.876472333333334, 0, 1, 1, 1, 0, 1, 0, 1
4.876472375000001, 1, 1, 1, 1, 0, 1, 0, 1
4.876472416666667, 0, 1, 1, 1, 1, 1, 0, 1
4.876472500000000, 1, 1, 1, 1, 1, 1, 0, 1
4.876472583333333, 0, 1, 1, 1, 1, 1, 0, 1
4.876472625000000, 1, 1, 1, 1, 1, 1, 0, 1
4.876472708333334, 0, 1, 1, 1, 0, 1, 0, 1
4.876472750000000, 1, 1, 1, 1, 0, 1, 0, 1
4.876472833333334, 0, 1, 1, 1, 0, 1, 0, 1
4.876472875000000, 1, 1, 1, 1, 0, 1, 0, 1
4.876472916666667, 0, 1, 1, 1, 1, 1, 0, 1
4.876473000000001, 1, 1, 1, 1, 1, 1, 0, 1
4.876473083333334, 0, 1, 1, 1, 1, 1, 0, 1
4.876478125000000, 0, 1, 1, 1, 1, 1, 1, 1
4.876486875000000, 0, 1, 1, 1, 1, 1, 0, 1
4.876487541666667, 0, 1, 1, 1, 0, 1, 0, 1
4.876487625000000, 1, 1, 1, 1, 0, 1, 0, 1
4.876487708333333, 0, 1, 1, 1, 0, 1, 0, 1
4.876487750000000, 1, 1, 1, 1, 0, 1, 0, 1
4.876487833333334, 0, 1, 1, 1, 0, 1, 0, 1
4.876487875000000, 1, 1, 1, 1, 0, 1, 0, 1
4.876487958333334, 0, 1, 1, 1, 0, 1, 0, 1
4.876488000000000, 1, 1, 1, 1, 0, 1, 0, 1
4.876488083333333, 0, 1, 1, 1, 0, 1, 0, 1
4.876488125000001, 1, 1, 1, 1, 0, 1, 0, 1
4.876488208333334, 0, 1, 1, 1, 0, 1, 0, 1
4.876488250000000, 1, 1, 1, 1, 0, 1, 0, 1
4.876488333333334, 0, 1, 1, 1, 0, 1, 0, 1
4.876488375000000, 1, 1, 1, 1, 0, 1, 0, 1
4.876488458333333, 0, 1, 1, 1, 0, 1, 0, 1
4.876488500000001, 1, 1, 1, 1, 0, 1, 0, 1
4.876488541666667, 1, 1, 1, 1, 1, 1, 0, 1
4.876488583333334, 0, 1, 1, 1, 1, 1, 0, 1
4.876495541666667, 0, 1, 1, 1, 0, 1, 0, 1
4.876495625000000, 1, 1, 1, 1, 0, 1, 0, 1
4.876495708333334, 0, 1, 1, 1, 0, 1, 0, 1
4.876495750000000, 1, 1, 1, 1, 0, 1, 0, 1
4.876495833333333, 0, 1, 1, 1, 0, 1, 0, 1
4.876495875000001, 1, 1, 1, 1, 0, 1, 0, 1
4.876495916666667, 1, 1, 1, 1, 1, 1, 0, 1
4.876495958333334, 0, 1, 1, 1, 1, 1, 0, 1
4.876496000000000, 1, 1, 1, 1, 1, 1, 0, 1
4.876496083333334, 0, 1, 1, 1, 1, 1, 0, 1
4.876496125000000, 1, 1, 1, 1, 1, 1, 0, 1
4.876496208333333, 0, 1, 1, 1, 0, 1, 0, 1
4.876496250000001, 1, 1, 1, 1, 0, 1, 0, 1
4.876496291666667, 1, 1, 1, 1, 1, 1, 0, 1
4.876496333333334, 0, 1, 1, 1, 1, 1, 0, 1
4.876496375000000, 1, 1, 1, 1, 1, 1, 0, 1
4.876496458333333, 0, 1, 1, 1, 0, 1, 0, 1
4.876496500000000, 1, 1, 1, 1, 0, 1, 0, 1
4.876496541666667, 1, 1, 1, 1, 1, 1, 0, 1
4.876496583333334, 0, 1, 1, 1, 1, 1, 0, 1
4.876501625000000, 0, 1, 1, 1, 1, 1, 1, 1
4.876510250000000, 0, 1, 1, 1, 1, 1, 0, 1
4.876511000000001, 1, 1, 1, 1, 1, 1, 0, 1
4.876511083333334, 0, 1, 1, 1, 1, 1, 0, 1
4.876511125000000, 1, 1, 1, 1, 1, 1, 0, 1
4.876511208333334, 0, 1, 1, 1, 0, 1, 0, 1
4.876511250000000, 1, 1, 1, 1, 0, 1, 0, 1
4.876511333333333, 0, 1, 1, 1, 0, 1, 0, 1
4.876511375000001, 1, 1, 1, 1, 0, 1, 0, 1
4.876511458333334, 0, 1, 1, 1, 0, 1, 0, 1
4.876511500000000, 1, 1, 1, 1, 0, 1, 0, 1
4.876511583333333, 0, 1, 1, 1, 0, 1, 0, 1
4.876511625000000, 1, 1, 1, 1, 0, 1, 0, 1
4.876511708333334, 0, 1, 1, 1, 0, 1, 0, 1
4.876511750000001, 1, 1, 1, 1, 0, 1, 0, 1
4.876511791666667, 1, 1, 1, 1, 1, 1, 0, 1
4.876511833333334, 0, 1, 1, 1, 1, 1, 0, 1
4.876511875000000, 1, 1, 1, 1, 1, 1, 0, 1
4.876511958333333, 0, 1, 1, 1, 1, 1, 0, 1
4.876517000000001, 0, 1, 1, 1, 1, 1, 1, 1
4.876525750000000, 0, 1, 1, 1, 1, 1, 0, 1
4.876526416666667, 0, 1, 1, 1, 0, 1, 0, 1
4.876526500000001, 1, 1, 1, 1, 0, 1, 0, 1
4.876526583333334, 0, 1, 1, 1, 0, 1, 0, 1
4.876526625000000, 1, 1, 1, 1, 0, 1, 0, 1
4.876526708333333, 0, 1, 1, 1, 0, 1, 0, 1
4.876526750000000, 1, 1, 1, 1, 0, 1, 0, 1
4.876526833333334, 0, 1, 1, 1, 0, 1, 0, 1
4.876526875000001, 1, 1, 1, 1, 0, 1, 0, 1
4.876526958333334, 0, 1, 1, 1, 0, 1, 0, 1
4.876527000000000, 1, 1, 1, 1, 0, 1, 0, 1
4.876527083333333, 0, 1, 1, 1, 0, 1, 0, 1
4.876527125000000, 1, 1, 1, 1, 0, 1, 0, 1
4.876527208333334, 0, 1, 1, 1, 0, 1, 0, 1
4.876527250000001, 1, 1, 1, 1, 0, 1, 0, 1
4.876527333333334, 0, 1, 1, 1, 0, 1, 0, 1
4.876527375000000, 1, 1, 1, 1, 0, 1, 0, 1
4.876527416666667, 1, 1, 1, 1, 1, 1, 0, 1
4.876527458333333, 0, 1, 1, 1, 1, 1, 0, 1
4.876528375000000, 0, 1, 1, 1, 0, 1, 0, 1
4.876528416666667, 1, 1, 1, 1, 0, 1, 0, 1
4.876528500000000, 0, 1, 1, 1, 1, 1, 0, 1
4.876528541666667, 1, 1, 1, 1, 1, 1, 0, 1
4.876528625000001, 0, 1, 1, 1, 0, 1, 0, 1
4.876528666666667, 1, 1, 1, 1, 0, 1, 0, 1
4.876528750000000, 0, 1, 1, 1, 0, 1, 0, 1
4.876528791666667, 1, 1, 1, 1, 0, 1, 0, 1
4.876528875000000, 0, 1, 1, 1, 0, 1, 0, 1
4.876528916666667, 1, 1, 1, 1, 0, 1, 0, 1
4.876529000000001, 0, 1, 1, 1, 1, 1, 0, 1
4.876529041666667, 1, 1, 1, 1, 1, 1, 0, 1
4.876529125000000, 0, 1, 1, 1, 0, 1, 0, 1
4.876529166666667, 1, 1, 1, 1, 0, 1, 0, 1
4.876529250000000, 0, 1, 1, 1, 1, 1, 0, 1
4.876529291666667, 1, 1, 1, 1, 1, 1, 0, 1
4.876529375000000, 0, 1, 1, 1, 1, 1, 0, 1
4.876534416666667, 0, 1, 1, 1, 1, 1, 1, 1
4.876543166666667, 0, 1, 1, 1, 1, 1, 0, 1
4.876543875000000, 0, 1, 1, 1, 0, 1, 0, 1
4.876543916666667, 1, 1, 1, 1, 0, 1, 0, 1
4.876544000000000, 0, 1, 1, 1, 0, 1, 0, 1
4.876544041666667, 1, 1, 1, 1, 0, 1, 0, 1
4.876544125000001, 0, 1, 1, 1, 0, 1, 0, 1
4.876544166666667, 1, 1, 1, 1, 0, 1, 0, 1
4.876544250000000, 0, 1, 1, 1, 0, 1, 0, 1
4.876544291666667, 1, 1, 1, 1, 0, 1, 0, 1
4.876544375000000, 0, 1, 1, 1, 0, 1, 0, 1
4.876544416666667, 1, 1, 1, 1, 0, 1, 0, 1
4.876544500000001, 0, 1, 1, 1, 0, 1, 0, 1
4.876544541666667, 1, 1, 1, 1, 0, 1, 0, 1
4.876544625000000, 0, 1, 1, 1, 0, 1, 0, 1
4.876544666666667, 1, 1, 1, 1, 0, 1, 0, 1
4.876544750000000, 0, 1, 1, 1, 0, 1, 0, 1
4.876544791666667, 1, 1, 1, 1, 0, 1, 0, 1
4.876544875000000, 0, 1, 1, 1, 1, 1, 0, 1
4.876545791666667, 0, 1, 1, 1, 0, 1, 0, 1
4.876545875000001, 1, 1, 1, 1, 0, 1, 0, 1
4.876545958333334, 0, 1, 1, 1, 0, 1, 0, 1
4.876546000000000, 1, 1, 1, 1, 0, 1, 0, 1
4.876546083333333, 0, 1, 1, 1, 0, 1, 0, 1
4.876546125000000, 1, 1, 1, 1, 0, 1, 0, 1
4.876546208333334, 0, 1, 1, 1, 0, 1, 0, 1
4.876546250000001, 1, 1, 1, 1, 0, 1, 0, 1
4.876546333333334, 0, 1, 1, 1, 0, 1, 0, 1
4.876546375000000, 1, 1, 1, 1, 0, 1, 0, 1
4.876546458333333, 0, 1, 1, 1, 0, 1, 0, 1
4.876546500000000, 1, 1, 1, 1, 0, 1, 0, 1
4.876546583333334, 0, 1, 1, 1, 0, 1, 0, 1
4.876546625000000, 1, 1, 1, 1, 0, 1, 0, 1
4.876546708333334, 0, 1, 1, 1, 0, 1, 0, 1
4.876546750000000, 1, 1, 1, 1, 0, 1, 0, 1
4.876546791666667, 1, 1, 1, 1, 1, 1, 0, 1
4.876546833333333, 0, 1, 1, 1, 1, 1, 0, 1
4.876551875000001, 0, 1, 1, 1, 1, 1, 1, 1
4.876560500000000, 0, 1, 1, 1, 1, 1, 0, 1
4.876561250000000, 1, 1, 1, 1, 1, 1, 0, 1
4.876561333333334, 0, 1, 1, 1, 1, 1, 0, 1
4.876561375000001, 1, 1, 1, 1, 1, 1, 0, 1
4.876561458333334, 0, 1, 1, 1, 0, 1, 0, 1
4.876561500000000, 1, 1, 1, 1, 0, 1, 0, 1
4.876561583333333, 0, 1, 1, 1, 0, 1, 0, 1
4.876561625000000, 1, 1, 1, 1, 0, 1, 0, 1
4.876561708333334, 0, 1, 1, 1, 0, 1, 0, 1
4.876561750000000, 1, 1, 1, 1, 0, 1, 0, 1
4.876561833333334, 0, 1, 1, 1, 0, 1, 0, 1
4.876561875000000, 1, 1, 1, 1, 0, 1, 0, 1
4.876561916666667, 1, 1, 1, 1, 1, 1, 0, 1
4.876561958333333, 0, 1, 1, 1, 1, 1, 0, 1
4.876562000000001, 1, 1, 1, 1, 1, 1, 0, 1
4.876562083333334, 0, 1, 1, 1, 0, 1, 0, 1
4.876562125000000, 1, 1, 1, 1, 0, 1, 0, 1
4.876562166666667, 1, 1, 1, 1, 1, 1, 0, 1
4.876562208333334, 0, 1, 1, 1, 1, 1, 0, 1
4.876567250000000, 0, 1, 1, 1, 1, 1, 1, 1
4.876576000000000, 0, 1, 1, 1, 1, 1, 0, 1
4.876576708333333, 0, 1, 1, 1, 0, 1, 0, 1
4.876576750000000, 1, 1, 1, 1, 0, 1, 0, 1
4.876576833333334, 0, 1, 1, 1, 0, 1, 0, 1
4.876576875000000, 1, 1, 1, 1, 0, 1, 0, 1
4.876576958333334, 0, 1, 1, 1, 0, 1, 0, 1
4.876577000000000, 1, 1, 1, 1, 0, 1, 0, 1
4.876577083333333, 0, 1, 1, 1, 0, 1, 0, 1
4.876577125000001, 1, 1, 1, 1, 0, 1, 0, 1
4.876577208333334, 0, 1, 1, 1, 0, 1, 0, 1
4.876577250000000, 1, 1, 1, 1, 0, 1, 0, 1
4.876577333333334, 0, 1, 1, 1, 0, 1, 0, 1
4.876577375000000, 1, 1, 1, 1, 0, 1, 0, 1
4.876577458333333, 0, 1, 1, 1, 0, 1, 0, 1
4.876577500000001, 1, 1, 1, 1, 0, 1, 0, 1
4.876577583333334, 0, 1, 1, 1, 0, 1, 0, 1
4.876577625000000, 1, 1, 1, 1, 0, 1, 0, 1
4.876577666666667, 1, 1, 1, 1, 1, 1, 0, 1
4.876577708333333, 0, 1, 1, 1, 1, 1, 0, 1
4.876578625000000, 0, 1, 1, 1, 0, 1, 0, 1
4.876578666666667, 1, 1, 1, 1, 0, 1, 0, 1
4.876578750000000, 0, 1, 1, 1, 0, 1, 0, 1
4.876578791666667, 1, 1, 1, 1, 0, 1, 0, 1
4.876578875000000, 0, 1, 1, 1, 1, 1, 0, 1
4.876578916666667, 1, 1, 1, 1, 1, 1, 0, 1
4.876579000000000, 0, 1, 1, 1, 1, 1, 0, 1
4.876579041666667, 1, 1, 1, 1, 1, 1, 0, 1
4.876579125000000, 0, 1, 1, 1, 0, 1, 0, 1
4.876579166666667, 1, 1, 1, 1, 0, 1, 0, 1
4.876579250000001, 0, 1, 1, 1, 0, 1, 0, 1
4.876579291666667, 1, 1, 1, 1, 0, 1, 0, 1
4.876579375000000, 0, 1, 1, 1, 1, 1, 0, 1
4.876579416666667, 1, 1, 1, 1, 1, 1, 0, 1
4.876579500000000, 0, 1, 1, 1, 1, 1, 0, 1
4.876579541666667, 1, 1, 1, 1, 1, 1, 0, 1
4.876579625000001, 0, 1, 1, 1, 1, 1, 0, 1
4.876584666666667, 0, 1, 1, 1, 1, 1, 1, 1
4.876593333333334, 0, 1, 1, 1, 1, 1, 0, 1
4.876594041666667, 1, 1, 1, 1, 1, 1, 0, 1
4.876594125000000, 0, 1, 1, 1, 1, 1, 0, 1
4.876594166666667, 1, 1, 1, 1, 1, 1, 0, 1
4.876594250000000, 0, 1, 1, 1, 0, 1, 0, 1
4.876594291666667, 1, 1, 1, 1, 0, 1, 0, 1
4.876594375000001, 0, 1, 1, 1, 0, 1, 0, 1
4.876594416666667, 1, 1, 1, 1, 0, 1, 0, 1
4.876594500000000, 0, 1, 1, 1, 0, 1, 0, 1
4.876594541666667, 1, 1, 1, 1, 0, 1, 0, 1
4.876594625000000, 0, 1, 1, 1, 1, 1, 0, 1
4.876594666666667, 1, 1, 1, 1, 1, 1, 0, 1
4.876594750000001, 0, 1, 1, 1, 0, 1, 0, 1
4.876594791666667, 1, 1, 1, 1, 0, 1, 0, 1
4.876594875000000, 0, 1, 1, 1, 1, 1, 0, 1
4.876594916666667, 1, 1, 1, 1, 1, 1, 0, 1
4.876595000000000, 0, 1, 1, 1, 1, 1, 0, 1
4.876600041666667, 0, 1, 1, 1, 1, 1, 1, 1
4.876608833333334, 0, 1, 1, 1, 1, 1, 0, 1
4.876609500000001, 0, 1, 1, 1, 0, 1, 0, 1
4.876609541666667, 1, 1, 1, 1, 0, 1, 0, 1
4.876609625000000, 0, 1, 1, 1, 0, 1, 0, 1
4.876609666666667, 1, 1, 1, 1, 0, 1, 0, 1
4.876609750000000, 0, 1, 1, 1, 0, 1, 0, 1
4.876609791666667, 1, 1, 1, 1, 0, 1, 0, 1
4.876609875000001, 0, 1, 1, 1, 0, 1, 0, 1
4.876609916666667, 1, 1, 1, 1, 0, 1, 0, 1
4.876610000000000, 0, 1, 1, 1, 0, 1, 0, 1
4.876610041666667, 1, 1, 1, 1, 0, 1, 0, 1
4.876610125000000, 0, 1, 1, 1, 0, 1, 0, 1
4.876610166666667, 1, 1, 1, 1, 0, 1, 0, 1
4.876610250000001, 0, 1, 1, 1, 0, 1, 0, 1
4.876610291666667, 1, 1, 1, 1, 0, 1, 0, 1
4.876610375000000, 0, 1, 1, 1, 0, 1, 0, 1
4.876610416666667, 1, 1, 1, 1, 0, 1, 0, 1
4.876610500000000, 0, 1, 1, 1, 1, 1, 0, 1
4.876611458333334, 0, 1, 1, 1, 0, 1, 0, 1
4.876611500000000, 1, 1, 1, 1, 0, 1, 0, 1
4.876611583333333, 0, 1, 1, 1, 0, 1, 0, 1
4.876611625000001, 1, 1, 1, 1, 0, 1, 0, 1
4.876611708333334, 0, 1, 1, 1, 0, 1, 0, 1
4.876611750000000, 1, 1, 1, 1, 0, 1, 0, 1
4.876611833333333, 0, 1, 1, 1, 0, 1, 0, 1
4.876611875000000, 1, 1, 1, 1, 0, 1, 0, 1
4.876611958333334, 0, 1, 1, 1, 0, 1, 0, 1
4.876612000000001, 1, 1, 1, 1, 0, 1, 0, 1
4.876612083333334, 0, 1, 1, 1, 0, 1, 0, 1
4.876612125000000, 1, 1, 1, 1, 0, 1, 0, 1
4.876612208333333, 0, 1, 1, 1, 0, 1, 0, 1
4.876612250000000, 1, 1, 1, 1, 0, 1, 0, 1
4.876612333333334, 0, 1, 1, 1, 0, 1, 0, 1
4.876612375000001, 1, 1, 1, 1, 0, 1, 0, 1
4.876612416666667, 1, 1, 1, 1, 1, 1, 0, 1
4.876612458333334, 0, 1, 1, 1, 1, 1, 0, 1
4.876617500000000, 0, 1, 1, 1, 1, 1, 1, 1
4.876626250000000, 0, 1, 1, 1, 1, 1, 0, 1
4.876626958333333, 0, 1, 1, 1, 0, 1, 0, 1
4.876627000000000, 1, 1, 1, 1, 0, 1, 0, 1
4.876627083333334, 0, 1, 1, 1, 0, 1, 0, 1
4.876627125000001, 1, 1, 1, 1, 0, 1, 0, 1
4.876627208333334, 0, 1, 1, 1, 0, 1, 0, 1
4.876627250000000, 1, 1, 1, 1, 0, 1, 0, 1
4.876627333333333, 0, 1, 1, 1, 0, 1, 0, 1
4.876627375000000, 1, 1, 1, 1, 0, 1, 0, 1
4.876627458333334, 0, 1, 1, 1, 0, 1, 0, 1
4.876627500000001, 1, 1, 1, 1, 0, 1, 0, 1
4.876627583333334, 0, 1, 1, 1, 0, 1, 0, 1
4.876627625000000, 1, 1, 1, 1, 0, 1, 0, 1
4.876627708333333, 0, 1, 1, 1, 0, 1, 0, 1
4.876627750000000, 1, 1, 1, 1, 0, 1, 0, 1
4.876627833333334, 0, 1, 1, 1, 0, 1, 0, 1
4.876627875000001, 1, 1, 1, 1, 0, 1, 0, 1
4.876627958333334, 0, 1, 1, 1, 1, 1, 0, 1
4.876628875000001, 0, 1, 1, 1, 0, 1, 0, 1
4.876628916666667, 1, 1, 1, 1, 0, 1, 0, 1
4.876629000000000, 0, 1, 1, 1, 0, 1, 0, 1
4.876629041666667, 1, 1, 1, 1, 0, 1, 0, 1
4.876629125000000, 0, 1, 1, 1, 1, 1, 0, 1
4.876629166666667, 1, 1, 1, 1, 1, 1, 0, 1
4.876629250000001, 0, 1, 1, 1, 0, 1, 0, 1
4.876629291666667, 1, 1, 1, 1, 0, 1, 0, 1
4.876629375000000, 0, 1, 1, 1, 1, 1, 0, 1
4.876629416666667, 1, 1, 1, 1, 1, 1, 0, 1
4.876629500000000, 0, 1, 1, 1, 0, 1, 0, 1
4.876629541666667, 1, 1, 1, 1, 0, 1, 0, 1
4.876629625000001, 0, 1, 1, 1, 0, 1, 0, 1
4.876629666666667, 1, 1, 1, 1, 0, 1, 0, 1
4.876629750000000, 0, 1, 1, 1, 0, 1, 0, 1
4.876629791666667, 1, 1, 1, 1, 0, 1, 0, 1
4.876629875000000, 0, 1, 1, 1, 1, 1, 0, 1
4.876634916666667, 0, 1, 1, 1, 1, 1, 1, 1
4.876643583333333, 0, 1, 1, 1, 1, 1, 0, 1
4.876644291666667, 1, 1, 1, 1, 1, 1, 0, 1
4.876644375000001, 0, 1, 1, 1, 0, 1, 0, 1
4.876644458333334, 1, 1, 1, 1, 0, 1, 0, 1
4.876644500000000, 0, 1, 1, 1, 1, 1, 0, 1
4.876644541666667, 1, 1, 1, 1, 1, 1, 0, 1
4.876644625000000, 0, 1, 1, 1, 1, 1, 0, 1
4.876644666666667, 1, 1, 1, 1, 1, 1, 0, 1
4.876644750000001, 0, 1, 1, 1, 0, 1, 0, 1
4.876644791666667, 1, 1, 1, 1, 0, 1, 0, 1
4.876644875000000, 0, 1, 1, 1, 0, 1, 0, 1
4.876644916666667, 1, 1, 1, 1, 0, 1, 0, 1
4.876645000000000, 0, 1, 1, 1, 0, 1, 0, 1
4.876645041666667, 1, 1, 1, 1, 0, 1, 0, 1
4.876645125000000, 0, 1, 1, 1, 1, 1, 0, 1
4.876645166666667, 1, 1, 1, 1, 1, 1, 0, 1
4.876645250000000, 0, 1, 1, 1, 1, 1, 0, 1
4.876650291666667, 0, 1, 1, 1, 1, 1, 1, 1
4.876659083333333, 0, 1, 1, 1, 1, 1, 0, 1
4.876659750000000, 0, 1, 1, 1, 0, 1, 0, 1
4.876659833333334, 1, 1, 1, 1, 0, 1, 0, 1
4.876659875000001, 0, 1, 1, 1, 0, 1, 0, 1
4.876659958333334, 1, 1, 1, 1, 0, 1, 0, 1
4.876660000000000, 0, 1, 1, 1, 0, 1, 0, 1
4.876660083333333, 1, 1, 1, 1, 0, 1, 0, 1
4.876660125000000, 0, 1, 1, 1, 0, 1, 0, 1
4.876660208333334, 1, 1, 1, 1, 0, 1, 0, 1
4.876660250000000, 0, 1, 1, 1, 0, 1, 0, 1
4.876660333333334, 1, 1, 1, 1, 0, 1, 0, 1
4.876660375000000, 0, 1, 1, 1, 0, 1, 0, 1
4.876660458333333, 1, 1, 1, 1, 0, 1, 0, 1
4.876660500000001, 0, 1, 1, 1, 0, 1, 0, 1
4.876660583333334, 1, 1, 1, 1, 0, 1, 0, 1
4.876660625000000, 0, 1, 1, 1, 0, 1, 0, 1
4.876660708333334, 1, 1, 1, 1, 0, 1, 0, 1
4.876660750000000, 0, 1, 1, 1, 1, 1, 0, 1
4.876661750000000, 1, 1, 1, 1, 1, 1, 0, 1
4.876661833333333, 0, 1, 1, 1, 0, 1, 0, 1
4.876661875000000, 1, 1, 1, 1, 0, 1, 0, 1
4.876661958333334, 0, 1, 1, 1, 1, 1, 0, 1
4.876662000000000, 1, 1, 1, 1, 1, 1, 0, 1
4.876662083333334, 0, 1, 1, 1, 0, 1, 0, 1
4.876662125000000, 1, 1, 1, 1, 0, 1, 0, 1
4.876662208333333, 0, 1, 1, 1, 0, 1, 0, 1
4.876662250000000, 1, 1, 1, 1, 0, 1, 0, 1
4.876662333333334, 0, 1, 1, 1, 0, 1, 0, 1
4.876662375000000, 1, 1, 1, 1, 0, 1, 0, 1
4.876662458333334, 0, 1, 1, 1, 0, 1, 0, 1
4.876662500000000, 1, 1, 1, 1, 0, 1, 0, 1
4.876662583333333, 0, 1, 1, 1, 0, 1, 0, 1
4.876662625000001, 1, 1, 1, 1, 0, 1, 0, 1
4.876662708333334, 0, 1, 1, 1, 1, 1, 0, 1
4.876667750000000, 0, 1, 1, 1, 1, 1, 1, 1
4.876676500000000, 0, 1, 1, 1, 1, 1, 0, 1
4.876677208333334, 0, 1, 1, 1, 0, 1, 0, 1
4.876677250000000, 1, 1, 1, 1, 0, 1, 0, 1
4.876677333333333, 0, 1, 1, 1, 0, 1, 0, 1
4.876677375000000, 1, 1, 1, 1, 0, 1, 0, 1
4.876677458333334, 0, 1, 1, 1, 0, 1, 0, 1
4.876677500000000, 1, 1, 1, 1, 0, 1, 0, 1
4.876677583333334, 0, 1, 1, 1, 0, 1, 0, 1
4.876677625000000, 1, 1, 1, 1, 0, 1, 0, 1
4.876677708333333, 0, 1, 1, 1, 0, 1, 0, 1
4.876677750000001, 1, 1, 1, 1, 0, 1, 0, 1
4.876677833333334, 0, 1, 1, 1, 0, 1, 0, 1
4.876677875000000, 1, 1, 1, 1, 0, 1, 0, 1
4.876677958333334, 0, 1, 1, 1, 0, 1, 0, 1
4.876678000000000, 1, 1, 1, 1, 0, 1, 0, 1
4.876678083333333, 0, 1, 1, 1, 0, 1, 0, 1
4.876678125000001, 1, 1, 1, 1, 0, 1, 0, 1
4.876678208333334, 0, 1, 1, 1, 1, 1, 0, 1
4.876679125000000, 0, 1, 1, 1, 0, 1, 0, 1
4.876679208333334, 1, 1, 1, 1, 0, 1, 0, 1
4.876679250000000, 0, 1, 1, 1, 0, 1, 0, 1
4.876679333333334, 1, 1, 1, 1, 0, 1, 0, 1
4.876679375000000, 0, 1, 1, 1, 0, 1, 0, 1
4.876679458333333, 1, 1, 1, 1, 0, 1, 0, 1
4.876679500000001, 0, 1, 1, 1, 1, 1, 0, 1
4.876679583333334, 1, 1, 1, 1, 1, 1, 0, 1
4.876679625000000, 0, 1, 1, 1, 0, 1, 0, 1
4.876679708333334, 1, 1, 1, 1, 0, 1, 0, 1
4.876679750000000, 0, 1, 1, 1, 0, 1, 0, 1
4.876679833333333, 1, 1, 1, 1, 0, 1, 0, 1
4.876679875000001, 0, 1, 1, 1, 0, 1, 0, 1
4.876679958333334, 1, 1, 1, 1, 0, 1, 0, 1
4.876680000000000, 0, 1, 1, 1, 1, 1, 0, 1
4.876680083333333, 1, 1, 1, 1, 1, 1, 0, 1
4.876680125000000, 0, 1, 1, 1, 1, 1, 0, 1
4.876685166666667, 0, 1, 1, 1, 1, 1, 1, 1
4.876693833333333, 0, 1, 1, 1, 1, 1, 0, 1
4.876694583333333, 1, 1, 1, 1, 1, 1, 0, 1
4.876694625000001, 0, 1, 1, 1, 0, 1, 0, 1
4.876694708333334, 1, 1, 1, 1, 0, 1, 0, 1
4.876694750000000, 0, 1, 1, 1, 1, 1, 0, 1
4.876694833333334, 1, 1, 1, 1, 1, 1, 0, 1
4.876694875000000, 0, 1, 1, 1, 1, 1, 0, 1
4.876694958333333, 1, 1, 1, 1, 1, 1, 0, 1
4.876695000000001, 0, 1, 1, 1, 0, 1, 0, 1
4.876695083333334, 1, 1, 1, 1, 0, 1, 0, 1
4.876695125000000, 0, 1, 1, 1, 1, 1, 0, 1
4.876695208333333, 1, 1, 1, 1, 1, 1, 0, 1
4.876695250000000, 0, 1, 1, 1, 0, 1, 0, 1
4.876695333333334, 1, 1, 1, 1, 0, 1, 0, 1
4.876695375000001, 0, 1, 1, 1, 0, 1, 0, 1
4.876695458333334, 1, 1, 1, 1, 0, 1, 0, 1
4.876695500000000, 0, 1, 1, 1, 1, 1, 0, 1
4.876700541666667, 0, 1, 1, 1, 1, 1, 1, 1
4.876709333333333, 0, 1, 1, 1, 1, 1, 0, 1
4.876710000000000, 0, 1, 1, 1, 0, 1, 0, 1
4.876710083333333, 1, 1, 1, 1, 0, 1, 0, 1
4.876710125000001, 0, 1, 1, 1, 0, 1, 0, 1
4.876710208333334, 1, 1, 1, 1, 0, 1, 0, 1
4.876710250000000, 0, 1, 1, 1, 0, 1, 0, 1
4.876710333333333, 1, 1, 1, 1, 0, 1, 0, 1
4.876710375000000, 0, 1, 1, 1, 0, 1, 0, 1
4.876710458333334, 1, 1, 1, 1, 0, 1, 0, 1
4.876710500000001, 0, 1, 1, 1, 0, 1, 0, 1
4.876710583333334, 1, 1, 1, 1, 0, 1, 0, 1
4.876710625000000, 0, 1, 1, 1, 0, 1, 0, 1
4.876710708333333, 1, 1, 1, 1, 0, 1, 0, 1
4.876710750000000, 0, 1, 1, 1, 0, 1, 0, 1
4.876710833333334, 1, 1, 1, 1, 0, 1, 0, 1
4.876710875000001, 0, 1, 1, 1, 0, 1, 0, 1
4.876710958333334, 1, 1, 1, 1, 0, 1, 0, 1
4.876711000000000, 0, 1, 1, 1, 1, 1, 0, 1
4.876711958333334, 0, 1, 1, 1, 0, 1, 0, 1
4.876712000000000, 1, 1, 1, 1, 0, 1, 0, 1
4.876712083333334, 0, 1, 1, 1, 0, 1, 0, 1
4.876712125000000, 1, 1, 1, 1, 0, 1, 0, 1
4.876712208333333, 0, 1, 1, 1, 0, 1, 0, 1
4.876712250000001, 1, 1, 1, 1, 0, 1, 0, 1
4.876712333333334, 0, 1, 1, 1, 0, 1, 0, 1
4.876712375000000, 1, 1, 1, 1, 0, 1, 0, 1
4.876712458333333, 0, 1, 1, 1, 0, 1, 0, 1
4.876712500000000, 1, 1, 1, 1, 0, 1, 0, 1
4.876712583333334, 0, 1, 1, 1, 0, 1, 0, 1
4.876712625000001, 1, 1, 1, 1, 0, 1, 0, 1
4.876712708333334, 0, 1, 1, 1, 1, 1, 0, 1
4.876712750000000, 1, 1, 1, 1, 1, 1, 0, 1
4.876712833333333, 0, 1, 1, 1, 0, 1, 0, 1
4.876712875000000, 1, 1, 1, 1, 0, 1, 0, 1
4.876712958333334, 0, 1, 1, 1, 1, 1, 0, 1
4.876718000000000, 0, 1, 1, 1, 1, 1, 1, 1
4.876726625000000, 0, 1, 1, 1, 1, 1, 0, 1
4.876727375000001, 1, 1, 1, 1, 1, 1, 0, 1
4.876727458333334, 0, 1, 1, 1, 0, 1, 0, 1
4.876727500000000, 1, 1, 1, 1, 0, 1, 0, 1
4.876727583333333, 0, 1, 1, 1, 1, 1, 0, 1
4.876727625000000, 1, 1, 1, 1, 1, 1, 0, 1
4.876727708333334, 0, 1, 1, 1, 1, 1, 0, 1
4.876727750000001, 1, 1, 1, 1, 1, 1, 0, 1
4.876727833333334, 0, 1, 1, 1, 0, 1, 0, 1
4.876727875000000, 1, 1, 1, 1, 0, 1, 0, 1
4.876727958333333, 0, 1, 1, 1, 1, 1, 0, 1
4.876728000000000, 1, 1, 1, 1, 1, 1, 0, 1
4.876728083333334, 0, 1, 1, 1, 1, 1, 0, 1
4.876728125000001, 1, 1, 1, 1, 1, 1, 0, 1
4.876728208333334, 0, 1, 1, 1, 0, 1, 0, 1
4.876728250000000, 1, 1, 1, 1, 0, 1, 0, 1
4.876728333333333, 0, 1, 1, 1, 1, 1, 0, 1
4.876733375000001, 0, 1, 1, 1, 1, 1, 1, 1
4.876742125000001, 0, 1, 1, 1, 1, 1, 0, 1
4.876742833333334, 0, 1, 1, 1, 0, 1, 0, 1
4.876742875000001, 1, 1, 1, 1, 0, 1, 0, 1
4.876742958333334, 0, 1, 1, 1, 0, 1, 0, 1
4.876743000000000, 1, 1, 1, 1, 0, 1, 0, 1
4.876743083333333, 0, 1, 1, 1, 0, 1, 0, 1
4.876743125000000, 1, 1, 1, 1, 0, 1, 0, 1
4.876743208333334, 0, 1, 1, 1, 0, 1, 0, 1
4.876743250000001, 1, 1, 1, 1, 0, 1, 0, 1
4.876743333333334, 0, 1, 1, 1, 0, 1, 0, 1
4.876743375000000, 1, 1, 1, 1, 0, 1, 0, 1
4.876743458333333, 0, 1, 1, 1, 0, 1, 0, 1
4.876743500000000, 1, 1, 1, 1, 0, 1, 0, 1
4.876743583333334, 0, 1, 1, 1, 0, 1, 0, 1
4.876743625000000, 1, 1, 1, 1, 0, 1, 0, 1
4.876743708333334, 0, 1, 1, 1, 0, 1, 0, 1
4.876743750000000, 1, 1, 1, 1, 0, 1, 0, 1
4.876743833333333, 0, 1, 1, 1, 1, 1, 0, 1
4.876744750000000, 0, 1, 1, 1, 0, 1, 0, 1
4.876744833333333, 1, 1, 1, 1, 0, 1, 0, 1
4.876744875000000, 0, 1, 1, 1, 0, 1, 0, 1
4.876744958333334, 1, 1, 1, 1, 0, 1, 0, 1
4.876745000000001, 0, 1, 1, 1, 0, 1, 0, 1
4.876745083333334, 1, 1, 1, 1, 0, 1, 0, 1
4.876745125000000, 0, 1, 1, 1, 0, 1, 0, 1
4.876745208333333, 1, 1, 1, 1, 0, 1, 0, 1
4.876745250000000, 0, 1, 1, 1, 0, 1, 0, 1
4.876745333333334, 1, 1, 1, 1, 0, 1, 0, 1
4.876745375000000, 0, 1, 1, 1, 0, 1, 0, 1
4.876745458333334, 1, 1, 1, 1, 0, 1, 0, 1
4.876745500000000, 0, 1, 1, 1, 0, 1, 0, 1
4.876745583333333, 1, 1, 1, 1, 0, 1, 0, 1
4.876745625000000, 0, 1, 1, 1, 0, 1, 0, 1
4.876745708333334, 1, 1, 1, 1, 0, 1, 0, 1
4.876745750000000, 0, 1, 1, 1, 1, 1, 0, 1
4.876750833333333, 0, 1, 1, 1, 1, 1, 1, 1
4.876759583333333, 0, 1, 1, 1, 1, 1, 0, 1
4.876760250000000, 0, 1, 1, 1, 0, 1, 0, 1
4.876760333333333, 1, 1, 1, 1, 0, 1, 0, 1
4.876760375000000, 0, 1, 1, 1, 0, 1, 0, 1
4.876760458333334, 1, 1, 1, 1, 0, 1, 0, 1
4.876760500000000, 0, 1, 1, 1, 0, 1, 0, 1
4.876760583333334, 1, 1, 1, 1, 0, 1, 0, 1
4.876760625000000, 0, 1, 1, 1, 0, 1, 0, 1
4.876760708333333, 1, 1, 1, 1, 0, 1, 0, 1
4.876760750000000, 0, 1, 1, 1, 0, 1, 0, 1
4.876760833333334, 1, 1, 1, 1, 0, 1, 0, 1
4.876760875000000, 0, 1, 1, 1, 0, 1, 0, 1
4.876760958333334, 1, 1, 1, 1, 0, 1, 0, 1
4.876761000000000, 0, 1, 1, 1, 0, 1, 0, 1
4.876761083333333, 1, 1, 1, 1, 0, 1, 0, 1
4.876761125000001, 0, 1, 1, 1, 0, 1, 0, 1
4.876761208333334, 1, 1, 1, 1, 0, 1, 0, 1
4.876761250000000, 0, 1, 1, 1, 1, 1, 0, 1
4.876762208333334, 0, 1, 1, 1, 0, 1, 0, 1
4.876762250000001, 1, 1, 1, 1, 0, 1, 0, 1
4.876762333333334, 0, 1, 1, 1, 1, 1, 0, 1
4.876762375000000, 1, 1, 1, 1, 1, 1, 0, 1
4.876762458333333, 0, 1, 1, 1, 0, 1, 0, 1
4.876762500000000, 1, 1, 1, 1, 0, 1, 0, 1
4.876762583333334, 0, 1, 1, 1, 0, 1, 0, 1
4.876762625000000, 1, 1, 1, 1, 0, 1, 0, 1
4.876762708333334, 0, 1, 1, 1, 0, 1, 0, 1
4.876762750000000, 1, 1, 1, 1, 0, 1, 0, 1
4.876762833333333, 0, 1, 1, 1, 0, 1, 0, 1
4.876762875000001, 1, 1, 1, 1, 0, 1, 0, 1
4.876762958333334, 0, 1, 1, 1, 1, 1, 0, 1
4.876763000000000, 1, 1, 1, 1, 1, 1, 0, 1
4.876763083333334, 0, 1, 1, 1, 0, 1, 0, 1
4.876763125000000, 1, 1, 1, 1, 0, 1, 0, 1
4.876763208333333, 0, 1, 1, 1, 1, 1, 0, 1
4.876768250000000, 0, 1, 1, 1, 1, 1, 1, 1
4.876777000000001, 0, 1, 1, 1, 1, 1, 0, 1
4.876777708333334, 0, 1, 1, 1, 0, 1, 0, 1
4.876777750000000, 1, 1, 1, 1, 0, 1, 0, 1
4.876777833333334, 0, 1, 1, 1, 0, 1, 0, 1
4.876777875000000, 1, 1, 1, 1, 0, 1, 0, 1
4.876777958333333, 0, 1, 1, 1, 0, 1, 0, 1
4.876778000000001, 1, 1, 1, 1, 0, 1, 0, 1
4.876778083333334, 0, 1, 1, 1, 0, 1, 0, 1
4.876778125000000, 1, 1, 1, 1, 0, 1, 0, 1
4.876778208333334, 0, 1, 1, 1, 0, 1, 0, 1
4.876778250000000, 1, 1, 1, 1, 0, 1, 0, 1
4.876778333333333, 0, 1, 1, 1, 0, 1, 0, 1
4.876778375000001, 1, 1, 1, 1, 0, 1, 0, 1
4.876778458333334, 0, 1, 1, 1, 0, 1, 0, 1
4.876778500000000, 1, 1, 1, 1, 0, 1, 0, 1
4.876778583333333, 0, 1, 1, 1, 0, 1, 0, 1
4.876778625000000, 1, 1, 1, 1, 0, 1, 0, 1
4.876778708333334, 0, 1, 1, 1, 1, 1, 0, 1
4.876779625000000, 0, 1, 1, 1, 0, 1, 0, 1
4.876779708333333, 1, 1, 1, 1, 0, 1, 0, 1
4.876779750000000, 0, 1, 1, 1, 0, 1, 0, 1
4.876779833333334, 1, 1, 1, 1, 0, 1, 0, 1
4.876779875000000, 0, 1, 1, 1, 1, 1, 0, 1
4.876779958333334, 1, 1, 1, 1, 1, 1, 0, 1
4.876780000000000, 0, 1, 1, 1, 1, 1, 0, 1
4.876780083333333, 1, 1, 1, 1, 1, 1, 0, 1
4.876780125000001, 0, 1, 1, 1, 1, 1, 0, 1
4.876780208333334, 1, 1, 1, 1, 1, 1, 0, 1
4.876780250000000, 0, 1, 1, 1, 0, 1, 0, 1
4.876780333333333, 1, 1, 1, 1, 0, 1, 0, 1
4.876780375000000, 0, 1, 1, 1, 1, 1, 0, 1
4.876780458333334, 1, 1, 1, 1, 1, 1, 0, 1
4.876780500000001, 0, 1, 1, 1, 1, 1, 0, 1
4.876780583333334, 1, 1, 1, 1, 1, 1, 0, 1
4.876780625000000, 0, 1, 1, 1, 1, 1, 0, 1
4.876785708333333, 0, 1, 1, 1, 1, 1, 1, 1
4.876794333333334, 0, 1, 1, 1, 1, 1, 0, 1
4.876795083333334, 1, 1, 1, 1, 1, 1, 0, 1
4.876795125000000, 0, 1, 1, 1, 0, 1, 0, 1
4.876795208333333, 1, 1, 1, 1, 0, 1, 0, 1
4.876795250000001, 0, 1, 1, 1, 1, 1, 0, 1
4.876795333333334, 1, 1, 1, 1, 1, 1, 0, 1
4.876795375000000, 0, 1, 1, 1, 1, 1, 0, 1
4.876795458333333, 1, 1, 1, 1, 1, 1, 0, 1
4.876795500000000, 0, 1, 1, 1, 0, 1, 0, 1
4.876795583333334, 1, 1, 1, 1, 0, 1, 0, 1
4.876795625000001, 0, 1, 1, 1, 1, 1, 0, 1
4.876795708333334, 1, 1, 1, 1, 1, 1, 0, 1
4.876795750000000, 0, 1, 1, 1, 1, 1, 0, 1
4.876795833333333, 1, 1, 1, 1, 1, 1, 0, 1
4.876795875000000, 0, 1, 1, 1, 1, 1, 0, 1
4.876795958333334, 1, 1, 1, 1, 1, 1, 0, 1
4.876796000000001, 0, 1, 1, 1, 1, 1, 0, 1
4.876801083333334, 0, 1, 1, 1, 1, 1, 1, 1
4.876809833333334, 0, 1, 1, 1, 1, 1, 0, 1
4.876810500000000, 0, 1, 1, 1, 0, 1, 0, 1
4.876810583333334, 1, 1, 1, 1, 0, 1, 0, 1
4.876810625000000, 0, 1, 1, 1, 0, 1, 0, 1
4.876810708333333, 1, 1, 1, 1, 0, 1, 0, 1
4.876810750000001, 0, 1, 1, 1, 0, 1, 0, 1
4.876810833333334, 1, 1, 1, 1, 0, 1, 0, 1
4.876810875000000, 0, 1, 1, 1, 0, 1, 0, 1
4.876810958333333, 1, 1, 1, 1, 0, 1, 0, 1
4.876811000000000, 0, 1, 1, 1, 0, 1, 0, 1
4.876811083333334, 1, 1, 1, 1, 0, 1, 0, 1
4.876811125000001, 0, 1, 1, 1, 0, 1, 0, 1
4.876811208333334, 1, 1, 1, 1, 0, 1, 0, 1
4.876811250000000, 0, 1, 1, 1, 0, 1, 0, 1
4.876811333333333, 1, 1, 1, 1, 0, 1, 0, 1
4.876811375000000, 0, 1, 1, 1, 0, 1, 0, 1
4.876811458333334, 1, 1, 1, 1, 0, 1, 0, 1
4.876811500000001, 0, 1, 1, 1, 1, 1, 0, 1
4.876812458333333, 0, 1, 1, 1, 0, 1, 0, 1
4.876812500000001, 1, 1, 1, 1, 0, 1, 0, 1
4.876812583333334, 0, 1, 1, 1, 0, 1, 0, 1
4.876812625000000, 1, 1, 1, 1, 0, 1, 0, 1
4.876812708333333, 0, 1, 1, 1, 0, 1, 0, 1
4.876812750000000, 1, 1, 1, 1, 0, 1, 0, 1
4.876812833333334, 0, 1, 1, 1, 0, 1, 0, 1
4.876812875000001, 1, 1, 1, 1, 0, 1, 0, 1
4.876812958333334, 0, 1, 1, 1, 0, 1, 0, 1
4.876813000000000, 1, 1, 1, 1, 0, 1, 0, 1
4.876813083333333, 0, 1, 1, 1, 1, 1, 0, 1
4.876813125000000, 1, 1, 1, 1, 1, 1, 0, 1
4.876813208333334, 0, 1, 1, 1, 1, 1, 0, 1
4.876813250000001, 1, 1, 1, 1, 1, 1, 0, 1
4.876813333333334, 0, 1, 1, 1, 1, 1, 0, 1
4.876813375000000, 1, 1, 1, 1, 1, 1, 0, 1
4.876813458333333, 0, 1, 1, 1, 1, 1, 0, 1
4.876818500000001, 0, 1, 1, 1, 1, 1, 1, 1
4.876827125000000, 0, 1, 1, 1, 1, 1, 0, 1
4.876827875000000, 1, 1, 1, 1, 1, 1, 0, 1
4.876827958333334, 0, 1, 1, 1, 1, 1, 0, 1
4.876828000000001, 1, 1, 1, 1, 1, 1, 0, 1
4.876828083333334, 0, 1, 1, 1, 1, 1, 0, 1
4.876828125000000, 1, 1, 1, 1, 1, 1, 0, 1
4.876828208333333, 0, 1, 1, 1, 0, 1, 0, 1
4.876828250000000, 1, 1, 1, 1, 0, 1, 0, 1
4.876828333333334, 0, 1, 1, 1, 0, 1, 0, 1
4.876828375000001, 1, 1, 1, 1, 0, 1, 0, 1
4.876828458333334, 0, 1, 1, 1, 0, 1, 0, 1
4.876828500000000, 1, 1, 1, 1, 0, 1, 0, 1
4.876828583333333, 0, 1, 1, 1, 0, 1, 0, 1
4.876828625000000, 1, 1, 1, 1, 0, 1, 0, 1
4.876828708333334, 0, 1, 1, 1, 0, 1, 0, 1
4.876828750000000, 1, 1, 1, 1, 0, 1, 0, 1
4.876828833333334, 0, 1, 1, 1, 1, 1, 0, 1
4.876833875000000, 0, 1, 1, 1, 1, 1, 1, 1
4.876842625000000, 0, 1, 1, 1, 1, 1, 0, 1
4.876843333333333, 0, 1, 1, 1, 0, 1, 0, 1
4.876843375000000, 1, 1, 1, 1, 0, 1, 0, 1
4.876843458333334, 0, 1, 1, 1, 0, 1, 0, 1
4.876843500000001, 1, 1, 1, 1, 0, 1, 0, 1
4.876843583333334, 0, 1, 1, 1, 0, 1, 0, 1
4.876843625000000, 1, 1, 1, 1, 0, 1, 0, 1
4.876843708333333, 0, 1, 1, 1, 0, 1, 0, 1
4.876843750000000, 1, 1, 1, 1, 0, 1, 0, 1
4.876843833333334, 0, 1, 1, 1, 0, 1, 0, 1
4.876843875000000, 1, 1, 1, 1, 0, 1, 0, 1
4.876843958333334, 0, 1, 1, 1, 0, 1, 0, 1
4.876844000000000, 1, 1, 1, 1, 0, 1, 0, 1
4.876844083333333, 0, 1, 1, 1, 0, 1, 0, 1
4.876844125000000, 1, 1, 1, 1, 0, 1, 0, 1
4.876844208333334, 0, 1, 1, 1, 0, 1, 0, 1
4.876844250000000, 1, 1, 1, 1, 0, 1, 0, 1
4.876844333333334, 0, 1, 1, 1, 1, 1, 0, 1
4.876845250000001, 0, 1, 1, 1, 0, 1, 0, 1
4.876845333333334, 1, 1, 1, 1, 0, 1, 0, 1
4.876845375000000, 0, 1, 1, 1, 0, 1, 0, 1
4.876845458333333, 1, 1, 1, 1, 0, 1, 0, 1
4.876845500000000, 0, 1, 1, 1, 0, 1, 0, 1
4.876845583333334, 1, 1, 1, 1, 0, 1, 0, 1
4.876845625000001, 0, 1, 1, 1, 1, 1, 0, 1
4.876845708333334, 1, 1, 1, 1, 1, 1, 0, 1
4.876845750000000, 0, 1, 1, 1, 1, 1, 0, 1
4.876845833333333, 1, 1, 1, 1, 1, 1, 0, 1
4.876845875000000, 0, 1, 1, 1, 1, 1, 0, 1
4.876845958333334, 1, 1, 1, 1, 1, 1, 0, 1
4.876846000000000, 0, 1, 1, 1, 1, 1, 0, 1
4.876846083333334, 1, 1, 1, 1, 1, 1, 0, 1
4.876846125000000, 0, 1, 1, 1, 1, 1, 0, 1
4.876846208333333, 1, 1, 1, 1, 1, 1, 0, 1
4.876846250000001, 0, 1, 1, 1, 1, 1, 0, 1
4.876851333333334, 0, 1, 1, 1, 1, 1, 1, 1
4.876860083333334, 0, 1, 1, 1, 1, 1, 0, 1
4.876860750000001, 0, 1, 1, 1, 0, 1, 0, 1
4.876860833333334, 1, 1, 1, 1, 0, 1, 0, 1
4.876860875000000, 0, 1, 1, 1, 0, 1, 0, 1
4.876860958333333, 1, 1, 1, 1, 0, 1, 0, 1
4.876861000000000, 0, 1, 1, 1, 0, 1, 0, 1
4.876861083333334, 1, 1, 1, 1, 0, 1, 0, 1
4.876861125000000, 0, 1, 1, 1, 0, 1, 0, 1
4.876861208333334, 1, 1, 1, 1, 0, 1, 0, 1
4.876861250000000, 0, 1, 1, 1, 0, 1, 0, 1
4.876861333333333, 1, 1, 1, 1, 0, 1, 0, 1
4.876861375000001, 0, 1, 1, 1, 0, 1, 0, 1
4.876861458333334, 1, 1, 1, 1, 0, 1, 0, 1
4.876861500000000, 0, 1, 1, 1, 0, 1, 0, 1
4.876861583333334, 1, 1, 1, 1, 0, 1, 0, 1
4.876861625000000, 0, 1, 1, 1, 0, 1, 0, 1
4.876861708333333, 1, 1, 1, 1, 0, 1, 0, 1
4.876861750000001, 0, 1, 1, 1, 1, 1, 0, 1
4.876862708333333, 0, 1, 1, 1, 0, 1, 0, 1
4.876862750000000, 1, 1, 1, 1, 0, 1, 0, 1
4.876862833333334, 0, 1, 1, 1, 0, 1, 0, 1
4.876862875000000, 1, 1, 1, 1, 0, 1, 0, 1
4.876862958333334, 0, 1, 1, 1, 1, 1, 0, 1
4.876863000000000, 1, 1, 1, 1, 1, 1, 0, 1
4.876863083333333, 0, 1, 1, 1, 0, 1, 0, 1
4.876863125000000, 1, 1, 1, 1, 0, 1, 0, 1
4.876863208333334, 0, 1, 1, 1, 0, 1, 0, 1
4.876863250000000, 1, 1, 1, 1, 0, 1, 0, 1
4.876863333333334, 0, 1, 1, 1, 1, 1, 0, 1
4.876863375000000, 1, 1, 1, 1, 1, 1, 0, 1
4.876863458333333, 0, 1, 1, 1, 0, 1, 0, 1
4.876863500000001, 1, 1, 1, 1, 0, 1, 0, 1
4.876863583333334, 0, 1, 1, 1, 1, 1, 0, 1
4.876863625000000, 1, 1, 1, 1, 1, 1, 0, 1
4.876863708333333, 0, 1, 1, 1, 1, 1, 0, 1
4.876868750000000, 0, 1, 1, 1, 1, 1, 1, 1
4.876877500000000, 0, 1, 1, 1, 1, 1, 0, 1
4.876878208333333, 0, 1, 1, 1, 0, 1, 0, 1
4.876878250000000, 1, 1, 1, 1, 0, 1, 0, 1
4.876878333333334, 0, 1, 1, 1, 0, 1, 0, 1
4.876878375000000, 1, 1, 1, 1, 0, 1, 0, 1
4.876878458333334, 0, 1, 1, 1, 0, 1, 0, 1
4.876878500000000, 1, 1, 1, 1, 0, 1, 0, 1
4.876878583333333, 0, 1, 1, 1, 0, 1, 0, 1
4.876878625000001, 1, 1, 1, 1, 0, 1, 0, 1
4.876878708333334, 0, 1, 1, 1, 0, 1, 0, 1
4.876878750000000, 1, 1, 1, 1, 0, 1, 0, 1
4.876878833333333, 0, 1, 1, 1, 0, 1, 0, 1
4.876878875000000, 1, 1, 1, 1, 0, 1, 0, 1
4.876878958333334, 0, 1, 1, 1, 0, 1, 0, 1
4.876879000000001, 1, 1, 1, 1, 0, 1, 0, 1
4.876879083333334, 0, 1, 1, 1, 0, 1, 0, 1
4.876879125000000, 1, 1, 1, 1, 0, 1, 0, 1
4.876879208333333, 0, 1, 1, 1, 1, 1, 0, 1
4.876880125000000, 0, 1, 1, 1, 0, 1, 0, 1
4.876880208333334, 1, 1, 1, 1, 0, 1, 0, 1
4.876880250000000, 0, 1, 1, 1, 0, 1, 0, 1
4.876880333333333, 1, 1, 1, 1, 0, 1, 0, 1
4.876880375000001, 0, 1, 1, 1, 1, 1, 0, 1
4.876880458333334, 1, 1, 1, 1, 1, 1, 0, 1
4.876880500000000, 0, 1, 1, 1, 0, 1, 0, 1
4.876880583333334, 1, 1, 1, 1, 0, 1, 0, 1
4.876880625000000, 0, 1, 1, 1, 0, 1, 0, 1
4.876880708333333, 1, 1, 1, 1, 0, 1, 0, 1
4.876880750000001, 0, 1, 1, 1, 0, 1, 0, 1
4.876880833333334, 1, 1, 1, 1, 0, 1, 0, 1
4.876880875000000, 0, 1, 1, 1, 1, 1, 0, 1
4.876880958333333, 1, 1, 1, 1, 1, 1, 0, 1
4.876881000000000, 0, 1, 1, 1, 0, 1, 0, 1
4.876881083333334, 1, 1, 1, 1, 0, 1, 0, 1
4.876881125000001, 0, 1, 1, 1, 1, 1, 0, 1
4.876886208333334, 0, 1, 1, 1, 1, 1, 1, 1
4.876894958333334, 0, 1, 1, 1, 1, 1, 0, 1
4.876895625000000, 0, 1, 1, 1, 0, 1, 0, 1
4.876895708333334, 1, 1, 1, 1, 0, 1, 0, 1
4.876895750000000, 0, 1, 1, 1, 0, 1, 0, 1
4.876895833333333, 1, 1, 1, 1, 0, 1, 0, 1
4.876895875000001, 0, 1, 1, 1, 0, 1, 0, 1
4.876895958333334, 1, 1, 1, 1, 0, 1, 0, 1
4.876896000000000, 0, 1, 1, 1, 0, 1, 0, 1
4.876896083333333, 1, 1, 1, 1, 0, 1, 0, 1
4.876896125000000, 0, 1, 1, 1, 0, 1, 0, 1
4.876896208333334, 1, 1, 1, 1, 0, 1, 0, 1
4.876896250000001, 0, 1, 1, 1, 0, 1, 0, 1
4.876896333333334, 1, 1, 1, 1, 0, 1, 0, 1
4.876896375000000, 0, 1, 1, 1, 0, 1, 0, 1
4.876896458333333, 1, 1, 1, 1, 0, 1, 0, 1
4.876896500000000, 0, 1, 1, 1, 0, 1, 0, 1
4.876896583333334, 1, 1, 1, 1, 0, 1, 0, 1
4.876896625000001, 0, 1, 1, 1, 1, 1, 0, 1
4.876897583333333, 0, 1, 1, 1, 0, 1, 0, 1
4.876897625000001, 1, 1, 1, 1, 0, 1, 0, 1
4.876897708333334, 0, 1, 1, 1, 0, 1, 0, 1
4.876897750000000, 1, 1, 1, 1, 0, 1, 0, 1
4.876897833333333, 0, 1, 1, 1, 0, 1, 0, 1
4.876897875000000, 1, 1, 1, 1, 0, 1, 0, 1
4.876897958333334, 0, 1, 1, 1, 0, 1, 0, 1
4.876898000000001, 1, 1, 1, 1, 0, 1, 0, 1
4.876898083333334, 0, 1, 1, 1, 1, 1, 0, 1
4.876898125000000, 1, 1, 1, 1, 1, 1, 0, 1
4.876898208333333, 0, 1, 1, 1, 0, 1, 0, 1
4.876898250000000, 1, 1, 1, 1, 0, 1, 0, 1
4.876898333333334, 0, 1, 1, 1, 1, 1, 0, 1
4.876898375000001, 1, 1, 1, 1, 1, 1, 0, 1
4.876898458333334, 0, 1, 1, 1, 1, 1, 0, 1
4.876898500000000, 1, 1, 1, 1, 1, 1, 0, 1
4.876898583333333, 0, 1, 1, 1, 1, 1, 0, 1
4.876903625000001, 0, 1, 1, 1, 1, 1, 1, 1
4.876912375000000, 0, 1, 1, 1, 1, 1, 0, 1
4.876913083333334, 0, 1, 1, 1, 0, 1, 0, 1
4.876913125000001, 1, 1, 1, 1, 0, 1, 0, 1
4.876913208333334, 0, 1, 1, 1, 0, 1, 0, 1
4.876913250000000, 1, 1, 1, 1, 0, 1, 0, 1
4.876913333333333, 0, 1, 1, 1, 0, 1, 0, 1
4.876913375000000, 1, 1, 1, 1, 0, 1, 0, 1
4.876913458333334, 0, 1, 1, 1, 0, 1, 0, 1
4.876913500000001, 1, 1, 1, 1, 0, 1, 0, 1
4.876913583333334, 0, 1, 1, 1, 0, 1, 0, 1
4.876913625000000, 1, 1, 1, 1, 0, 1, 0, 1
4.876913708333333, 0, 1, 1, 1, 0, 1, 0, 1
4.876913750000000, 1, 1, 1, 1, 0, 1, 0, 1
4.876913833333334, 0, 1, 1, 1, 0, 1, 0, 1
4.876913875000001, 1, 1, 1, 1, 0, 1, 0, 1
4.876913958333334, 0, 1, 1, 1, 0, 1, 0, 1
4.876914000000000, 1, 1, 1, 1, 0, 1, 0, 1
4.876914083333333, 0, 1, 1, 1, 1, 1, 0, 1
4.876915000000000, 0, 1, 1, 1, 0, 1, 0, 1
4.876915083333333, 1, 1, 1, 1, 0, 1, 0, 1
4.876915125000000, 0, 1, 1, 1, 0, 1, 0, 1
4.876915208333334, 1, 1, 1, 1, 0, 1, 0, 1
4.876915250000001, 0, 1, 1, 1, 0, 1, 0, 1
4.876915333333334, 1, 1, 1, 1, 0, 1, 0, 1
4.876915375000000, 0, 1, 1, 1, 0, 1, 0, 1
4.876915458333333, 1, 1, 1, 1, 0, 1, 0, 1
4.876915500000000, 0, 1, 1, 1, 0, 1, 0, 1
4.876915583333334, 1, 1, 1, 1, 0, 1, 0, 1
4.876915625000001, 0, 1, 1, 1, 1, 1, 0, 1
4.876915708333334, 1, 1, 1, 1, 1, 1, 0, 1
4.876915750000000, 0, 1, 1, 1, 1, 1, 0, 1
4.876915833333333, 1, 1, 1, 1, 1, 1, 0, 1
4.876915875000000, 0, 1, 1, 1, 0, 1, 0, 1
4.876915958333334, 1, 1, 1, 1, 0, 1, 0, 1
4.876916000000000, 0, 1, 1, 1, 1, 1, 0, 1
4.876921083333333, 0, 1, 1, 1, 1, 1, 1, 1
4.876929833333334, 0, 1, 1, 1, 1, 1, 0, 1
4.876930500000000, 0, 1, 1, 1, 0, 1, 0, 1
4.876930583333333, 1, 1, 1, 1, 0, 1, 0, 1
4.876930625000000, 0, 1, 1, 1, 0, 1, 0, 1
4.876930708333334, 1, 1, 1, 1, 0, 1, 0, 1
4.876930750000001, 0, 1, 1, 1, 0, 1, 0, 1
4.876930833333334, 1, 1, 1, 1, 0, 1, 0, 1
4.876930875000000, 0, 1, 1, 1, 0, 1, 0, 1
4.876930958333333, 1, 1, 1, 1, 0, 1, 0, 1
4.876931000000000, 0, 1, 1, 1, 0, 1, 0, 1
4.876931083333334, 1, 1, 1, 1, 0, 1, 0, 1
4.876931125000000, 0, 1, 1, 1, 0, 1, 0, 1
4.876931208333334, 1, 1, 1, 1, 0, 1, 0, 1
4.876931250000000, 0, 1, 1, 1, 0, 1, 0, 1
4.876931333333333, 1, 1, 1, 1, 0, 1, 0, 1
4.876931375000001, 0, 1, 1, 1, 0, 1, 0, 1
4.876931458333334, 1, 1, 1, 1, 0, 1, 0, 1
4.876931500000000, 0, 1, 1, 1, 1, 1, 0, 1
4.876932458333334, 0, 1, 1, 1, 0, 1, 0, 1
4.876932500000001, 1, 1, 1, 1, 0, 1, 0, 1
4.876932583333334, 0, 1, 1, 1, 0, 1, 0, 1
4.876932625000000, 1, 1, 1, 1, 0, 1, 0, 1
4.876932708333333, 0, 1, 1, 1, 0, 1, 0, 1
4.876932750000000, 1, 1, 1, 1, 0, 1, 0, 1
4.876932833333334, 0, 1, 1, 1, 0, 1, 0, 1
4.876932875000001, 1, 1, 1, 1, 0, 1, 0, 1
4.876932958333334, 0, 1, 1, 1, 1, 1, 0, 1
4.876933000000000, 1, 1, 1, 1, 1, 1, 0, 1
4.876933083333333, 0, 1, 1, 1, 0, 1, 0, 1
4.876933125000000, 1, 1, 1, 1, 0, 1, 0, 1
4.876933208333334, 0, 1, 1, 1, 1, 1, 0, 1
4.876933250000000, 1, 1, 1, 1, 1, 1, 0, 1
4.876933333333334, 0, 1, 1, 1, 0, 1, 0, 1
4.876933375000000, 1, 1, 1, 1, 0, 1, 0, 1
4.876933458333333, 0, 1, 1, 1, 1, 1, 0, 1
4.876938500000001, 0, 1, 1, 1, 1, 1, 1, 1
4.876947250000001, 0, 1, 1, 1, 1, 1, 0, 1
4.876947958333334, 0, 1, 1, 1, 0, 1, 0, 1
4.876948000000001, 1, 1, 1, 1, 0, 1, 0, 1
4.876948083333334, 0, 1, 1, 1, 0, 1, 0, 1
4.876948125000000, 1, 1, 1, 1, 0, 1, 0, 1
4.876948208333333, 0, 1, 1, 1, 0, 1, 0, 1
4.876948250000000, 1, 1, 1, 1, 0, 1, 0, 1
4.876948333333334, 0, 1, 1, 1, 0, 1, 0, 1
4.876948375000000, 1, 1, 1, 1, 0, 1, 0, 1
4.876948458333334, 0, 1, 1, 1, 0, 1, 0, 1
4.876948500000000, 1, 1, 1, 1, 0, 1, 0, 1
4.876948583333333, 0, 1, 1, 1, 0, 1, 0, 1
4.876948625000001, 1, 1, 1, 1, 0, 1, 0, 1
4.876948708333334, 0, 1, 1, 1, 0, 1, 0, 1
4.876948750000000, 1, 1, 1, 1, 0, 1, 0, 1
4.876948833333334, 0, 1, 1, 1, 0, 1, 0, 1
4.876948875000000, 1, 1, 1, 1, 0, 1, 0, 1
4.876948958333333, 0, 1, 1, 1, 1, 1, 0, 1
4.876949875000000, 0, 1, 1, 1, 0, 1, 0, 1
4.876949958333333, 1, 1, 1, 1, 0, 1, 0, 1
4.876950000000000, 0, 1, 1, 1, 1, 1, 0, 1
4.876950083333334, 1, 1, 1, 1, 1, 1, 0, 1
4.876950125000000, 0, 1, 1, 1, 0, 1, 0, 1
4.876950208333334, 1, 1, 1, 1, 0, 1, 0, 1
4.876950250000000, 0, 1, 1, 1, 0, 1, 0, 1
4.876950333333333, 1, 1, 1, 1, 0, 1, 0, 1
4.876950375000001, 0, 1, 1, 1, 1, 1, 0, 1
4.876950458333334, 1, 1, 1, 1, 1, 1, 0, 1
4.876950500000000, 0, 1, 1, 1, 1, 1, 0, 1
4.876950583333334, 1, 1, 1, 1, 1, 1, 0, 1
4.876950625000000, 0, 1, 1, 1, 1, 1, 0, 1
4.876950708333333, 1, 1, 1, 1, 1, 1, 0, 1
4.876950750000001, 0, 1, 1, 1, 0, 1, 0, 1
4.876950833333334, 1, 1, 1, 1, 0, 1, 0, 1
4.876950875000000, 0, 1, 1, 1, 1, 1, 0, 1
4.876955958333333, 0, 1, 1, 1, 1, 1, 1, 1
4.876964708333333, 0, 1, 1, 1, 1, 1, 0, 1
4.876965375000000, 0, 1, 1, 1, 0, 1, 0, 1
4.876965458333333, 1, 1, 1, 1, 0, 1, 0, 1
4.876965500000001, 0, 1, 1, 1, 0, 1, 0, 1
4.876965583333334, 1, 1, 1, 1, 0, 1, 0, 1
4.876965625000000, 0, 1, 1, 1, 0, 1, 0, 1
4.876965708333334, 1, 1, 1, 1, 0, 1, 0, 1
4.876965750000000, 0, 1, 1, 1, 0, 1, 0, 1
4.876965833333333, 1, 1, 1, 1, 0, 1, 0, 1
4.876965875000001, 0, 1, 1, 1, 0, 1, 0, 1
4.876965958333334, 1, 1, 1, 1, 0, 1, 0, 1
4.876966000000000, 0, 1, 1, 1, 0, 1, 0, 1
4.876966083333333, 1, 1, 1, 1, 0, 1, 0, 1
4.876966125000000, 0, 1, 1, 1, 0, 1, 0, 1
4.876966208333334, 1, 1, 1, 1, 0, 1, 0, 1
4.876966250000001, 0, 1, 1, 1, 0, 1, 0, 1
4.876966333333334, 1, 1, 1, 1, 0, 1, 0, 1
4.876966375000000, 0, 1, 1, 1, 1, 1, 0, 1
4.876967375000000, 1, 1, 1, 1, 1, 1, 0, 1
4.876967458333334, 0, 1, 1, 1, 1, 1, 0, 1
4.876967500000000, 1, 1, 1, 1, 1, 1, 0, 1
4.876967583333333, 0, 1, 1, 1, 0, 1, 0, 1
4.876967625000001, 1, 1, 1, 1, 0, 1, 0, 1
4.876967708333334, 0, 1, 1, 1, 0, 1, 0, 1
4.876967750000000, 1, 1, 1, 1, 0, 1, 0, 1
4.876967833333334, 0, 1, 1, 1, 0, 1, 0, 1
4.876967875000000, 1, 1, 1, 1, 0, 1, 0, 1
4.876967958333333, 0, 1, 1, 1, 1, 1, 0, 1
4.876968000000001, 1, 1, 1, 1, 1, 1, 0, 1
4.876968083333334, 0, 1, 1, 1, 1, 1, 0, 1
4.876968125000000, 1, 1, 1, 1, 1, 1, 0, 1
4.876968208333333, 0, 1, 1, 1, 0, 1, 0, 1
4.876968250000000, 1, 1, 1, 1, 0, 1, 0, 1
4.876968333333334, 0, 1, 1, 1, 1, 1, 0, 1
4.876973375000000, 0, 1, 1, 1, 1, 1, 1, 1
4.876982125000001, 0, 1, 1, 1, 1, 1, 0, 1
4.876982833333334, 0, 1, 1, 1, 0, 1, 0, 1
4.876982875000000, 1, 1, 1, 1, 0, 1, 0, 1
4.876982958333334, 0, 1, 1, 1, 0, 1, 0, 1
4.876983000000000, 1, 1, 1, 1, 0, 1, 0, 1
4.876983083333333, 0, 1, 1, 1, 0, 1, 0, 1
4.876983125000001, 1, 1, 1, 1, 0, 1, 0, 1
4.876983208333334, 0, 1, 1, 1, 0, 1, 0, 1
4.876983250000000, 1, 1, 1, 1, 0, 1, 0, 1
4.876983333333333, 0, 1, 1, 1, 0, 1, 0, 1
4.876983375000000, 1, 1, 1, 1, 0, 1, 0, 1
4.876983458333334, 0, 1, 1, 1, 0, 1, 0, 1
4.876983500000001, 1, 1, 1, 1, 0, 1, 0, 1
4.876983583333334, 0, 1, 1, 1, 0, 1, 0, 1
4.876983625000000, 1, 1, 1, 1, 0, 1, 0, 1
4.876983708333333, 0, 1, 1, 1, 0, 1, 0, 1
4.876983750000000, 1, 1, 1, 1, 0, 1, 0, 1
4.876983833333334, 0, 1, 1, 1, 1, 1, 0, 1
4.876984750000000, 0, 1, 1, 1, 0, 1, 0, 1
4.876984833333333, 1, 1, 1, 1, 0, 1, 0, 1
4.876984875000001, 0, 1, 1, 1, 0, 1, 0, 1
4.876984958333334, 1, 1, 1, 1, 0, 1, 0, 1
4.876985000000000, 0, 1, 1, 1, 1, 1, 0, 1
4.876985083333333, 1, 1, 1, 1, 1, 1, 0, 1
4.876985125000000, 0, 1, 1, 1, 1, 1, 0, 1
4.876985208333334, 1, 1, 1, 1, 1, 1, 0, 1
4.876985250000001, 0, 1, 1, 1, 1, 1, 0, 1
4.876985333333334, 1, 1, 1, 1, 1, 1, 0, 1
4.876985375000000, 0, 1, 1, 1, 0, 1, 0, 1
4.876985458333333, 1, 1, 1, 1, 0, 1, 0, 1
4.876985500000000, 0, 1, 1, 1, 0, 1, 0, 1
4.876985583333334, 1, 1, 1, 1, 0, 1, 0, 1
4.876985625000001, 0, 1, 1, 1, 1, 1, 0, 1
4.876985708333334, 1, 1, 1, 1, 1, 1, 0, 1
4.876985750000000, 0, 1, 1, 1, 1, 1, 0, 1
4.876990833333334, 0, 1, 1, 1, 1, 1, 1, 1
4.876999583333333, 0, 1, 1, 1, 1, 1, 0, 1
4.877000250000000, 0, 1, 1, 1, 0, 1, 0, 1
4.877000333333334, 1, 1, 1, 1, 0, 1, 0, 1
4.877000375000001, 0, 1, 1, 1, 0, 1, 0, 1
4.877000458333334, 1, 1, 1, 1, 0, 1, 0, 1
4.877000500000000, 0, 1, 1, 1, 0, 1, 0, 1
4.877000583333333, 1, 1, 1, 1, 0, 1, 0, 1
4.877000625000000, 0, 1, 1, 1, 0, 1, 0, 1
4.877000708333334, 1, 1, 1, 1, 0, 1, 0, 1
4.877000750000001, 0, 1, 1, 1, 0, 1, 0, 1
4.877000833333334, 1, 1, 1, 1, 0, 1, 0, 1
4.877000875000000, 0, 1, 1, 1, 0, 1, 0, 1
4.877000958333333, 1, 1, 1, 1, 0, 1, 0, 1
4.877001000000000, 0, 1, 1, 1, 0, 1, 0, 1
4.877001083333334, 1, 1, 1, 1, 0, 1, 0, 1
4.877001125000000, 0, 1, 1, 1, 0, 1, 0, 1
4.877001208333334, 1, 1, 1, 1, 0, 1, 0, 1
4.877001250000000, 0, 1, 1, 1, 1, 1, 0, 1
4.877002208333334, 0, 1, 1, 1, 0, 1, 0, 1
4.877002250000000, 1, 1, 1, 1, 0, 1, 0, 1
4.877002333333333, 0, 1, 1, 1, 0, 1, 0, 1
4.877002375000000, 1, 1, 1, 1, 0, 1, 0, 1
4.877002458333334, 0, 1, 1, 1, 0, 1, 0, 1
4.877002500000001, 1, 1, 1, 1, 0, 1, 0, 1
4.877002583333334, 0, 1, 1, 1, 0, 1, 0, 1
4.877002625000000, 1, 1, 1, 1, 0, 1, 0, 1
4.877002708333333, 0, 1, 1, 1, 0, 1, 0, 1
4.877002750000000, 1, 1, 1, 1, 0, 1, 0, 1
4.877002833333334, 0, 1, 1, 1, 0, 1, 0, 1
4.877002875000001, 1, 1, 1, 1, 0, 1, 0, 1
4.877002958333334, 0, 1, 1, 1, 0, 1, 0, 1
4.877003000000000, 1, 1, 1, 1, 0, 1, 0, 1
4.877003083333333, 0, 1, 1, 1, 0, 1, 0, 1
4.877003125000000, 1, 1, 1, 1, 0, 1, 0, 1
4.877003208333334, 0, 1, 1, 1, 1, 1, 0, 1
4.877008250000000, 0, 1, 1, 1, 1, 1, 1, 1
4.877017000000000, 0, 1, 1, 1, 1, 1, 0, 1
4.877017708333334, 0, 1, 1, 1, 0, 1, 0, 1
4.877017750000000, 1, 1, 1, 1, 0, 1, 0, 1
4.877017833333333, 0, 1, 1, 1, 0, 1, 0, 1
4.877017875000000, 1, 1, 1, 1, 0, 1, 0, 1
4.877017958333334, 0, 1, 1, 1, 0, 1, 0, 1
4.877018000000001, 1, 1, 1, 1, 0, 1, 0, 1
4.877018083333334, 0, 1, 1, 1, 0, 1, 0, 1
4.877018125000000, 1, 1, 1, 1, 0, 1, 0, 1
4.877018208333333, 0, 1, 1, 1, 0, 1, 0, 1
4.877018250000000, 1, 1, 1, 1, 0, 1, 0, 1
4.877018333333334, 0, 1, 1, 1, 0, 1, 0, 1
4.877018375000000, 1, 1, 1, 1, 0, 1, 0, 1
4.877018458333334, 0, 1, 1, 1, 0, 1, 0, 1
4.877018500000000, 1, 1, 1, 1, 0, 1, 0, 1
4.877018583333333, 0, 1, 1, 1, 0, 1, 0, 1
4.877018625000001, 1, 1, 1, 1, 0, 1, 0, 1
4.877018708333334, 0, 1, 1, 1, 1, 1, 0, 1
4.877019625000000, 0, 1, 1, 1, 0, 1, 0, 1
4.877019708333334, 1, 1, 1, 1, 0, 1, 0, 1
4.877019750000001, 0, 1, 1, 1, 0, 1, 0, 1
4.877019833333334, 1, 1, 1, 1, 0, 1, 0, 1
4.877019875000000, 0, 1, 1, 1, 0, 1, 0, 1
4.877019958333333, 1, 1, 1, 1, 0, 1, 0, 1
4.877020000000000, 0, 1, 1, 1, 0, 1, 0, 1
4.877020083333334, 1, 1, 1, 1, 0, 1, 0, 1
4.877020125000000, 0, 1, 1, 1, 0, 1, 0, 1
4.877020208333334, 1, 1, 1, 1, 0, 1, 0, 1
4.877020250000000, 0, 1, 1, 1, 0, 1, 0, 1
4.877020333333333, 1, 1, 1, 1, 0, 1, 0, 1
4.877020375000000, 0, 1, 1, 1, 0, 1, 0, 1
4.877020458333334, 1, 1, 1, 1, 0, 1, 0, 1
4.877020500000000, 0, 1, 1, 1, 0, 1, 0, 1
4.877020583333334, 1, 1, 1, 1, 0, 1, 0, 1
4.877020625000000, 0, 1, 1, 1, 1, 1, 0, 1
4.877025708333334, 0, 1, 1, 1, 1, 1, 1, 1
4.877034458333334, 0, 1, 1, 1, 1, 1, 0, 1
4.877035125000000, 0, 1, 1, 1, 0, 1, 0, 1
4.877035208333334, 1, 1, 1, 1, 0, 1, 0, 1
4.877035250000000, 0, 1, 1, 1, 0, 1, 0, 1
4.877035333333334, 1, 1, 1, 1, 0, 1, 0, 1
4.877035375000000, 0, 1, 1, 1, 0, 1, 0, 1
4.877035458333333, 1, 1, 1, 1, 0, 1, 0, 1
4.877035500000000, 0, 1, 1, 1, 0, 1, 0, 1
4.877035583333334, 1, 1, 1, 1, 0, 1, 0, 1
4.877035625000000, 0, 1, 1, 1, 0, 1, 0, 1
4.877035708333334, 1, 1, 1, 1, 0, 1, 0, 1
4.877035750000000, 0, 1, 1, 1, 0, 1, 0, 1
4.877035833333333, 1, 1, 1, 1, 0, 1, 0, 1
4.877035875000001, 0, 1, 1, 1, 0, 1, 0, 1
4.877035958333334, 1, 1, 1, 1, 0, 1, 0, 1
4.877036000000000, 0, 1, 1, 1, 0, 1, 0, 1
4.877036083333333, 1, 1, 1, 1, 0, 1, 0, 1
4.877036125000000, 0, 1, 1, 1, 1, 1, 0, 1
4.877037083333334, 0, 1, 1, 1, 0, 1, 0, 1
4.877037125000000, 1, 1, 1, 1, 0, 1, 0, 1
4.877037208333333, 0, 1, 1, 1, 0, 1, 0, 1
4.877037250000000, 1, 1, 1, 1, 0, 1, 0, 1
4.877037333333334, 0, 1, 1, 1, 0, 1, 0, 1
4.877037375000000, 1, 1, 1, 1, 0, 1, 0, 1
4.877037458333334, 0, 1, 1, 1, 0, 1, 0, 1
4.877037500000000, 1, 1, 1, 1, 0, 1, 0, 1
4.877037583333333, 0, 1, 1, 1, 0, 1, 0, 1
4.877037625000001, 1, 1, 1, 1, 0, 1, 0, 1
4.877037708333334, 0, 1, 1, 1, 0, 1, 0, 1
4.877037750000000, 1, 1, 1, 1, 0, 1, 0, 1
4.877037833333334, 0, 1, 1, 1, 0, 1, 0, 1
4.877037875000000, 1, 1, 1, 1, 0, 1, 0, 1
4.877037958333333, 0, 1, 1, 1, 0, 1, 0, 1
4.877038000000001, 1, 1, 1, 1, 0, 1, 0, 1
4.877038083333334, 0, 1, 1, 1, 1, 1, 0, 1
4.877043125000000, 0, 1, 1, 1, 1, 1, 1, 1
4.877051875000000, 0, 1, 1, 1, 1, 1, 0, 1
4.877052583333334, 0, 1, 1, 1, 0, 1, 0, 1
4.877052625000000, 1, 1, 1, 1, 0, 1, 0, 1
4.877052708333333, 0, 1, 1, 1, 0, 1, 0, 1
4.877052750000001, 1, 1, 1, 1, 0, 1, 0, 1
4.877052833333334, 0, 1, 1, 1, 0, 1, 0, 1
4.877052875000000, 1, 1, 1, 1, 0, 1, 0, 1
4.877052958333334, 0, 1, 1, 1, 0, 1, 0, 1
4.877053000000000, 1, 1, 1, 1, 0, 1, 0, 1
4.877053083333333, 0, 1, 1, 1, 0, 1, 0, 1
4.877053125000001, 1, 1, 1, 1, 0, 1, 0, 1
4.877053208333334, 0, 1, 1, 1, 0, 1, 0, 1
4.877053250000000, 1, 1, 1, 1, 0, 1, 0, 1
4.877053333333333, 0, 1, 1, 1, 0, 1, 0, 1
4.877053375000000, 1, 1, 1, 1, 0, 1, 0, 1
4.877053458333334, 0, 1, 1, 1, 0, 1, 0, 1
4.877053500000001, 1, 1, 1, 1, 0, 1, 0, 1
4.877053583333334, 0, 1, 1, 1, 1, 1, 0, 1
4.877054500000001, 0, 1, 1, 1, 0, 1, 0, 1
4.877054583333334, 1, 1, 1, 1, 0, 1, 0, 1
4.877054625000000, 0, 1, 1, 1, 0, 1, 0, 1
4.877054708333334, 1, 1, 1, 1, 0, 1, 0, 1
4.877054750000000, 0, 1, 1, 1, 0, 1, 0, 1
4.877054833333333, 1, 1, 1, 1, 0, 1, 0, 1
4.877054875000001, 0, 1, 1, 1, 0, 1, 0, 1
4.877054958333334, 1, 1, 1, 1, 0, 1, 0, 1
4.877055000000000, 0, 1, 1, 1, 0, 1, 0, 1
4.877055083333333, 1, 1, 1, 1, 0, 1, 0, 1
4.877055125000000, 0, 1, 1, 1, 0, 1, 0, 1
4.877055208333334, 1, 1, 1, 1, 0, 1, 0, 1
4.877055250000001, 0, 1, 1, 1, 0, 1, 0, 1
4.877055333333334, 1, 1, 1, 1, 0, 1, 0, 1
4.877055375000000, 0, 1, 1, 1, 0, 1, 0, 1
4.877055458333333, 1, 1, 1, 1, 0, 1, 0, 1
4.877055500000000, 0, 1, 1, 1, 1, 1, 0, 1
4.877060583333334, 0, 1, 1, 1, 1, 1, 1, 1
4.877069333333334, 0, 1, 1, 1, 1, 1, 0, 1
4.877070000000001, 0, 1, 1, 1, 0, 1, 0, 1
4.877070083333334, 1, 1, 1, 1, 0, 1, 0, 1
4.877070125000000, 0, 1, 1, 1, 0, 1, 0, 1
4.877070208333333, 1, 1, 1, 1, 0, 1, 0, 1
4.877070250000000, 0, 1, 1, 1, 0, 1, 0, 1
4.877070333333334, 1, 1, 1, 1, 0, 1, 0, 1
4.877070375000001, 0, 1, 1, 1, 0, 1, 0, 1
4.877070458333334, 1, 1, 1, 1, 0, 1, 0, 1
4.877070500000000, 0, 1, 1, 1, 0, 1, 0, 1
4.877070583333333, 1, 1, 1, 1, 0, 1, 0, 1
4.877070625000000, 0, 1, 1, 1, 0, 1, 0, 1
4.877070708333334, 1, 1, 1, 1, 0, 1, 0, 1
4.877070750000001, 0, 1, 1, 1, 0, 1, 0, 1
4.877070833333334, 1, 1, 1, 1, 0, 1, 0, 1
4.877070875000000, 0, 1, 1, 1, 0, 1, 0, 1
4.877070958333333, 1, 1, 1, 1, 0, 1, 0, 1
4.877071000000000, 0, 1, 1, 1, 1, 1, 0, 1
4.877071958333334, 0, 1, 1, 1, 0, 1, 0, 1
4.877072000000000, 1, 1, 1, 1, 0, 1, 0, 1
4.877072083333333, 0, 1, 1, 1, 0, 1, 0, 1
4.877072125000001, 1, 1, 1, 1, 0, 1, 0, 1
4.877072208333334, 0, 1, 1, 1, 0, 1, 0, 1
4.877072250000000, 1, 1, 1, 1, 0, 1, 0, 1
4.877072333333333, 0, 1, 1, 1, 0, 1, 0, 1
4.877072375000000, 1, 1, 1, 1, 0, 1, 0, 1
4.877072458333334, 0, 1, 1, 1, 0, 1, 0, 1
4.877072500000001, 1, 1, 1, 1, 0, 1, 0, 1
4.877072583333334, 0, 1, 1, 1, 0, 1, 0, 1
4.877072625000000, 1, 1, 1, 1, 0, 1, 0, 1
4.877072708333333, 0, 1, 1, 1, 0, 1, 0, 1
4.877072750000000, 1, 1, 1, 1, 0, 1, 0, 1
4.877072833333334, 0, 1, 1, 1, 0, 1, 0, 1
4.877072875000001, 1, 1, 1, 1, 0, 1, 0, 1
4.877072958333334, 0, 1, 1, 1, 1, 1, 0, 1
4.877078000000000, 0, 1, 1, 1, 1, 1, 1, 1
4.877086750000000, 0, 1, 1, 1, 1, 1, 0, 1
4.877087458333333, 0, 1, 1, 1, 0, 1, 0, 1
4.877087500000000, 1, 1, 1, 1, 0, 1, 0, 1
4.877087583333334, 0, 1, 1, 1, 0, 1, 0, 1
4.877087625000001, 1, 1, 1, 1, 0, 1, 0, 1
4.877087708333334, 0, 1, 1, 1, 0, 1, 0, 1
4.877087750000000, 1, 1, 1, 1, 0, 1, 0, 1
4.877087833333333, 0, 1, 1, 1, 0, 1, 0, 1
4.877087875000000, 1, 1, 1, 1, 0, 1, 0, 1
4.877087958333334, 0, 1, 1, 1, 0, 1, 0, 1
4.877088000000001, 1, 1, 1, 1, 0, 1, 0, 1
4.877088083333334, 0, 1, 1, 1, 0, 1, 0, 1
4.877088125000000, 1, 1, 1, 1, 0, 1, 0, 1
4.877088208333333, 0, 1, 1, 1, 0, 1, 0, 1
4.877088250000000, 1, 1, 1, 1, 0, 1, 0, 1
4.877088333333334, 0, 1, 1, 1, 0, 1, 0, 1
4.877088375000000, 1, 1, 1, 1, 0, 1, 0, 1
4.877088458333334, 0, 1, 1, 1, 1, 1, 0, 1
4.877089375000001, 0, 1, 1, 1, 0, 1, 0, 1
4.877089458333334, 1, 1, 1, 1, 0, 1, 0, 1
4.877089500000000, 0, 1, 1, 1, 0, 1, 0, 1
4.877089583333333, 1, 1, 1, 1, 0, 1, 0, 1
4.877089625000000, 0, 1, 1, 1, 0, 1, 0, 1
4.877089708333334, 1, 1, 1, 1, 0, 1, 0, 1
4.877089750000001, 0, 1, 1, 1, 0, 1, 0, 1
4.877089833333334, 1, 1, 1, 1, 0, 1, 0, 1
4.877089875000000, 0, 1, 1, 1, 0, 1, 0, 1
4.877089958333333, 1, 1, 1, 1, 0, 1, 0, 1
4.877090000000000, 0, 1, 1, 1, 0, 1, 0, 1
4.877090083333334, 1, 1, 1, 1, 0, 1, 0, 1
4.877090125000000, 0, 1, 1, 1, 0, 1, 0, 1
4.877090208333334, 1, 1, 1, 1, 0, 1, 0, 1
4.877090250000000, 0, 1, 1, 1, 0, 1, 0, 1
4.877090333333333, 1, 1, 1, 1, 0, 1, 0, 1
4.877090375000000, 0, 1, 1, 1, 1, 1, 0, 1
4.877095458333334, 0, 1, 1, 1, 1, 1, 1, 1
4.877104083333333, 0, 1, 1, 1, 1, 1, 0, 1
4.877104833333334, 1, 1, 1, 1, 1, 1, 0, 1
4.877104875000001, 0, 1, 1, 1, 1, 1, 0, 1
4.877104958333334, 1, 1, 1, 1, 1, 1, 0, 1
4.877105000000000, 0, 1, 1, 1, 1, 1, 0, 1
4.877105083333333, 1, 1, 1, 1, 1, 1, 0, 1
4.877105166666667, 0, 1, 1, 1, 0, 1, 0, 1
4.877105208333334, 1, 1, 1, 1, 0, 1, 0, 1
4.877105250000001, 0, 1, 1, 1, 0, 1, 0, 1
4.877105333333334, 1, 1, 1, 1, 0, 1, 0, 1
4.877105375000000, 0, 1, 1, 1, 0, 1, 0, 1
4.877105458333333, 1, 1, 1, 1, 0, 1, 0, 1
4.877105500000000, 0, 1, 1, 1, 0, 1, 0, 1
4.877105583333334, 1, 1, 1, 1, 0, 1, 0, 1
4.877105625000000, 0, 1, 1, 1, 1, 1, 0, 1
4.877105708333334, 1, 1, 1, 1, 1, 1, 0, 1
4.877105750000000, 0, 1, 1, 1, 1, 1, 0, 1
4.877110833333334, 0, 1, 1, 1, 1, 1, 1, 1
4.877119583333334, 0, 1, 1, 1, 1, 1, 0, 1
4.877120250000000, 0, 1, 1, 1, 0, 1, 0, 1
4.877120333333334, 1, 1, 1, 1, 0, 1, 0, 1
4.877120416666667, 0, 1, 1, 1, 0, 1, 0, 1
4.877120458333334, 1, 1, 1, 1, 0, 1, 0, 1
4.877120541666667, 0, 1, 1, 1, 0, 1, 0, 1
4.877120583333333, 1, 1, 1, 1, 0, 1, 0, 1
4.877120666666667, 0, 1, 1, 1, 0, 1, 0, 1
4.877120708333334, 1, 1, 1, 1, 0, 1, 0, 1
4.877120791666667, 0, 1, 1, 1, 0, 1, 0, 1
4.877120833333334, 1, 1, 1, 1, 0, 1, 0, 1
4.877120916666667, 0, 1, 1, 1, 0, 1, 0, 1
4.877120958333333, 1, 1, 1, 1, 0, 1, 0, 1
4.877121041666667, 0, 1, 1, 1, 0, 1, 0, 1
4.877121083333334, 1, 1, 1, 1, 0, 1, 0, 1
4.877121166666667, 0, 1, 1, 1, 0, 1, 0, 1
4.877121208333334, 1, 1, 1, 1, 0, 1, 0, 1
4.877121250000000, 0, 1, 1, 1, 1, 1, 0, 1
4.877122208333334, 0, 1, 1, 1, 0, 1, 0, 1
4.877122250000000, 1, 1, 1, 1, 0, 1, 0, 1
4.877122333333333, 0, 1, 1, 1, 0, 1, 0, 1
4.877122375000000, 1, 1, 1, 1, 0, 1, 0, 1
4.877122458333334, 0, 1, 1, 1, 0, 1, 0, 1
4.877122500000000, 1, 1, 1, 1, 0, 1, 0, 1
4.877122583333334, 0, 1, 1, 1, 1, 1, 0, 1
4.877122625000000, 1, 1, 1, 1, 1, 1, 0, 1
4.877122708333333, 0, 1, 1, 1, 1, 1, 0, 1
4.877122750000001, 1, 1, 1, 1, 1, 1, 0, 1
4.877122833333334, 0, 1, 1, 1, 1, 1, 0, 1
4.877122875000000, 1, 1, 1, 1, 1, 1, 0, 1
4.877122958333334, 0, 1, 1, 1, 1, 1, 0, 1
4.877123000000000, 1, 1, 1, 1, 1, 1, 0, 1
4.877123083333333, 0, 1, 1, 1, 1, 1, 0, 1
4.877123125000001, 1, 1, 1, 1, 1, 1, 0, 1
4.877123208333334, 0, 1, 1, 1, 1, 1, 0, 1
4.877128250000000, 0, 1, 1, 1, 1, 1, 1, 1
4.877137000000000, 0, 1, 1, 1, 1, 1, 0, 1
4.877137708333334, 0, 1, 1, 1, 0, 1, 0, 1
4.877137750000000, 1, 1, 1, 1, 0, 1, 0, 1
4.877137833333333, 0, 1, 1, 1, 0, 1, 0, 1
4.877137875000001, 1, 1, 1, 1, 0, 1, 0, 1
4.877137958333334, 0, 1, 1, 1, 0, 1, 0, 1
4.877138000000000, 1, 1, 1, 1, 0, 1, 0, 1
4.877138083333334, 0, 1, 1, 1, 0, 1, 0, 1
4.877138125000000, 1, 1, 1, 1, 0, 1, 0, 1
4.877138208333333, 0, 1, 1, 1, 0, 1, 0, 1
4.877138250000001, 1, 1, 1, 1, 0, 1, 0, 1
4.877138333333334, 0, 1, 1, 1, 0, 1, 0, 1
4.877138375000000, 1, 1, 1, 1, 0, 1, 0, 1
4.877138458333333, 0, 1, 1, 1, 0, 1, 0, 1
4.877138500000000, 1, 1, 1, 1, 0, 1, 0, 1
4.877138583333334, 0, 1, 1, 1, 0, 1, 0, 1
4.877138625000001, 1, 1, 1, 1, 0, 1, 0, 1
4.877138708333334, 0, 1, 1, 1, 1, 1, 0, 1
4.877139625000000, 0, 1, 1, 1, 0, 1, 0, 1
4.877139708333334, 1, 1, 1, 1, 0, 1, 0, 1
4.877139791666667, 0, 1, 1, 1, 0, 1, 0, 1
4.877139833333334, 1, 1, 1, 1, 0, 1, 0, 1
4.877139875000000, 1, 1, 1, 1, 1, 1, 0, 1
4.877139916666667, 0, 1, 1, 1, 1, 1, 0, 1
4.877139958333333, 1, 1, 1, 1, 1, 1, 0, 1
4.877140041666667, 0, 1, 1, 1, 1, 1, 0, 1
4.877140083333334, 1, 1, 1, 1, 1, 1, 0, 1
4.877140166666667, 0, 1, 1, 1, 1, 1, 0, 1
4.877140208333334, 1, 1, 1, 1, 1, 1, 0, 1
4.877140291666667, 0, 1, 1, 1, 1, 1, 0, 1
4.877140333333333, 1, 1, 1, 1, 1, 1, 0, 1
4.877140416666667, 0, 1, 1, 1, 1, 1, 0, 1
4.877140458333334, 1, 1, 1, 1, 1, 1, 0, 1
4.877140541666667, 0, 1, 1, 1, 1, 1, 0, 1
4.877140583333333, 1, 1, 1, 1, 1, 1, 0, 1
4.877140666666667, 0, 1, 1, 1, 1, 1, 0, 1
4.877145708333334, 0, 1, 1, 1, 1, 1, 1, 1
4.877154458333334, 0, 1, 1, 1, 1, 1, 0, 1
4.877155125000001, 0, 1, 1, 1, 0, 1, 0, 1
4.877155208333334, 1, 1, 1, 1, 0, 1, 0, 1
4.877155291666667, 0, 1, 1, 1, 0, 1, 0, 1
4.877155333333334, 1, 1, 1, 1, 0, 1, 0, 1
4.877155416666667, 0, 1, 1, 1, 0, 1, 0, 1
4.877155458333333, 1, 1, 1, 1, 0, 1, 0, 1
4.877155541666667, 0, 1, 1, 1, 0, 1, 0, 1
4.877155583333334, 1, 1, 1, 1, 0, 1, 0, 1
4.877155666666667, 0, 1, 1, 1, 0, 1, 0, 1
4.877155708333333, 1, 1, 1, 1, 0, 1, 0, 1
4.877155791666667, 0, 1, 1, 1, 0, 1, 0, 1
4.877155833333334, 1, 1, 1, 1, 0, 1, 0, 1
4.877155916666667, 0, 1, 1, 1, 0, 1, 0, 1
4.877155958333334, 1, 1, 1, 1, 0, 1, 0, 1
4.877156041666667, 0, 1, 1, 1, 0, 1, 0, 1
4.877156083333333, 1, 1, 1, 1, 0, 1, 0, 1
4.877156125000000, 1, 1, 1, 1, 1, 1, 0, 1
4.877156166666667, 0, 1, 1, 1, 1, 1, 0, 1
4.877157083333334, 0, 1, 1, 1, 0, 1, 0, 1
4.877157125000000, 1, 1, 1, 1, 0, 1, 0, 1
4.877157208333333, 0, 1, 1, 1, 0, 1, 0, 1
4.877157250000001, 1, 1, 1, 1, 0, 1, 0, 1
4.877157333333334, 0, 1, 1, 1, 1, 1, 0, 1
4.877157375000000, 1, 1, 1, 1, 1, 1, 0, 1
4.877157458333333, 0, 1, 1, 1, 1, 1, 0, 1
4.877157500000000, 1, 1, 1, 1, 1, 1, 0, 1
4.877157583333334, 0, 1, 1, 1, 1, 1, 0, 1
4.877157625000001, 1, 1, 1, 1, 1, 1, 0, 1
4.877157708333334, 0, 1, 1, 1, 1, 1, 0, 1
4.877157750000000, 1, 1, 1, 1, 1, 1, 0, 1
4.877157833333333, 0, 1, 1, 1, 1, 1, 0, 1
4.877157875000000, 1, 1, 1, 1, 1, 1, 0, 1
4.877157958333334, 0, 1, 1, 1, 1, 1, 0, 1
4.877158000000001, 1, 1, 1, 1, 1, 1, 0, 1
4.877158083333334, 0, 1, 1, 1, 1, 1, 0, 1
4.877163125000000, 0, 1, 1, 1, 1, 1, 1, 1
4.877171875000000, 0, 1, 1, 1, 1, 1, 0, 1
4.877172583333333, 0, 1, 1, 1, 0, 1, 0, 1
4.877172625000000, 1, 1, 1, 1, 0, 1, 0, 1
4.877172708333334, 0, 1, 1, 1, 0, 1, 0, 1
4.877172750000001, 1, 1, 1, 1, 0, 1, 0, 1
4.877172833333334, 0, 1, 1, 1, 0, 1, 0, 1
4.877172875000000, 1, 1, 1, 1, 0, 1, 0, 1
4.877172958333333, 0, 1, 1, 1, 0, 1, 0, 1
4.877173000000000, 1, 1, 1, 1, 0, 1, 0, 1
4.877173083333334, 0, 1, 1, 1, 0, 1, 0, 1
4.877173125000001, 1, 1, 1, 1, 0, 1, 0, 1
4.877173208333334, 0, 1, 1, 1, 0, 1, 0, 1
4.877173250000000, 1, 1, 1, 1, 0, 1, 0, 1
4.877173333333333, 0, 1, 1, 1, 0, 1, 0, 1
4.877173375000000, 1, 1, 1, 1, 0, 1, 0, 1
4.877173458333334, 0, 1, 1, 1, 0, 1, 0, 1
4.877173500000000, 1, 1, 1, 1, 0, 1, 0, 1
4.877173583333334, 0, 1, 1, 1, 1, 1, 0, 1
4.877174500000001, 0, 1, 1, 1, 0, 1, 0, 1
4.877174583333334, 1, 1, 1, 1, 0, 1, 0, 1
4.877174666666667, 0, 1, 1, 1, 0, 1, 0, 1
4.877174708333333, 1, 1, 1, 1, 0, 1, 0, 1
4.877174791666667, 0, 1, 1, 1, 0, 1, 0, 1
4.877174833333334, 1, 1, 1, 1, 0, 1, 0, 1
4.877174916666667, 0, 1, 1, 1, 0, 1, 0, 1
4.877174958333334, 1, 1, 1, 1, 0, 1, 0, 1
4.877175000000000, 1, 1, 1, 1, 1, 1, 0, 1
4.877175041666667, 0, 1, 1, 1, 1, 1, 0, 1
4.877175083333333, 1, 1, 1, 1, 1, 1, 0, 1
4.877175166666667, 0, 1, 1, 1, 1, 1, 0, 1
4.877175208333334, 1, 1, 1, 1, 1, 1, 0, 1
4.877175291666667, 0, 1, 1, 1, 1, 1, 0, 1
4.877175333333334, 1, 1, 1, 1, 1, 1, 0, 1
4.877175416666667, 0, 1, 1, 1, 1, 1, 0, 1
4.877175458333333, 1, 1, 1, 1, 1, 1, 0, 1
4.877175541666667, 0, 1, 1, 1, 1, 1, 0, 1
4.877180583333334, 0, 1, 1, 1, 1, 1, 1, 1
4.877189333333334, 0, 1, 1, 1, 1, 1, 0, 1
4.877190041666667, 0, 1, 1, 1, 0, 1, 0, 1
4.877190083333334, 1, 1, 1, 1, 0, 1, 0, 1
4.877190166666667, 0, 1, 1, 1, 0, 1, 0, 1
4.877190208333333, 1, 1, 1, 1, 0, 1, 0, 1
4.877190291666667, 0, 1, 1, 1, 0, 1, 0, 1
4.877190333333334, 1, 1, 1, 1, 0, 1, 0, 1
4.877190416666667, 0, 1, 1, 1, 0, 1, 0, 1
4.877190458333334, 1, 1, 1, 1, 0, 1, 0, 1
4.877190541666667, 0, 1, 1, 1, 0, 1, 0, 1
4.877190583333333, 1, 1, 1, 1, 0, 1, 0, 1
4.877190666666667, 0, 1, 1, 1, 0, 1, 0, 1
4.877190708333334, 1, 1, 1, 1, 0, 1, 0, 1
4.877190791666667, 0, 1, 1, 1, 0, 1, 0, 1
4.877190833333334, 1, 1, 1, 1, 0, 1, 0, 1
4.877190916666667, 0, 1, 1, 1, 0, 1, 0, 1
4.877190958333333, 1, 1, 1, 1, 0, 1, 0, 1
4.877191000000001, 1, 1, 1, 1, 1, 1, 0, 1
4.877191041666667, 0, 1, 1, 1, 1, 1, 0, 1
4.877191958333333, 0, 1, 1, 1, 0, 1, 0, 1
4.877192000000000, 1, 1, 1, 1, 0, 1, 0, 1
4.877192083333334, 0, 1, 1, 1, 0, 1, 0, 1
4.877192125000001, 1, 1, 1, 1, 0, 1, 0, 1
4.877192208333334, 0, 1, 1, 1, 0, 1, 0, 1
4.877192250000000, 1, 1, 1, 1, 0, 1, 0, 1
4.877192333333333, 0, 1, 1, 1, 1, 1, 0, 1
4.877192375000000, 1, 1, 1, 1, 1, 1, 0, 1
4.877192458333334, 0, 1, 1, 1, 1, 1, 0, 1
4.877192500000000, 1, 1, 1, 1, 1, 1, 0, 1
4.877192583333334, 0, 1, 1, 1, 1, 1, 0, 1
4.877192625000000, 1, 1, 1, 1, 1, 1, 0, 1
4.877192708333333, 0, 1, 1, 1, 1, 1, 0, 1
4.877192750000000, 1, 1, 1, 1, 1, 1, 0, 1
4.877192833333334, 0, 1, 1, 1, 1, 1, 0, 1
4.877192875000000, 1, 1, 1, 1, 1, 1, 0, 1
4.877192958333334, 0, 1, 1, 1, 1, 1, 0, 1
4.877198000000000, 0, 1, 1, 1, 1, 1, 1, 1
4.877206750000000, 0, 1, 1, 1, 1, 1, 0, 1
4.877207458333333, 0, 1, 1, 1, 0, 1, 0, 1
4.877207500000000, 1, 1, 1, 1, 0, 1, 0, 1
4.877207583333334, 0, 1, 1, 1, 0, 1, 0, 1
4.877207625000000, 1, 1, 1, 1, 0, 1, 0, 1
4.877207708333334, 0, 1, 1, 1, 0, 1, 0, 1
4.877207750000000, 1, 1, 1, 1, 0, 1, 0, 1
4.877207833333333, 0, 1, 1, 1, 0, 1, 0, 1
4.877207875000000, 1, 1, 1, 1, 0, 1, 0, 1
4.877207958333334, 0, 1, 1, 1, 0, 1, 0, 1
4.877208000000000, 1, 1, 1, 1, 0, 1, 0, 1
4.877208083333334, 0, 1, 1, 1, 0, 1, 0, 1
4.877208125000000, 1, 1, 1, 1, 0, 1, 0, 1
4.877208208333333, 0, 1, 1, 1, 0, 1, 0, 1
4.877208250000001, 1, 1, 1, 1, 0, 1, 0, 1
4.877208333333334, 0, 1, 1, 1, 0, 1, 0, 1
4.877208375000000, 1, 1, 1, 1, 0, 1, 0, 1
4.877208458333333, 0, 1, 1, 1, 1, 1, 0, 1
4.877209375000001, 0, 1, 1, 1, 0, 1, 0, 1
4.877209458333334, 1, 1, 1, 1, 0, 1, 0, 1
4.877209541666667, 0, 1, 1, 1, 0, 1, 0, 1
4.877209583333333, 1, 1, 1, 1, 0, 1, 0, 1
4.877209666666667, 0, 1, 1, 1, 0, 1, 0, 1
4.877209708333334, 1, 1, 1, 1, 0, 1, 0, 1
4.877209791666667, 0, 1, 1, 1, 0, 1, 0, 1
4.877209833333334, 1, 1, 1, 1, 0, 1, 0, 1
4.877209875000000, 1, 1, 1, 1, 1, 1, 0, 1
4.877209916666667, 0, 1, 1, 1, 1, 1, 0, 1
4.877209958333333, 1, 1, 1, 1, 1, 1, 0, 1
4.877210041666667, 0, 1, 1, 1, 1, 1, 0, 1
4.877210083333334, 1, 1, 1, 1, 1, 1, 0, 1
4.877210166666667, 0, 1, 1, 1, 1, 1, 0, 1
4.877210208333334, 1, 1, 1, 1, 1, 1, 0, 1
4.877210291666667, 0, 1, 1, 1, 1, 1, 0, 1
4.877210333333333, 1, 1, 1, 1, 1, 1, 0, 1
4.877210416666667, 0, 1, 1, 1, 1, 1, 0, 1
4.877215458333334, 0, 1, 1, 1, 1, 1, 1, 1
4.877224208333334, 0, 1, 1, 1, 1, 1, 0, 1
4.877224916666667, 0, 1, 1, 1, 0, 1, 0, 1
4.877224958333334, 1, 1, 1, 1, 0, 1, 0, 1
4.877225041666667, 0, 1, 1, 1, 0, 1, 0, 1
4.877225083333333, 1, 1, 1, 1, 0, 1, 0, 1
4.877225166666667, 0, 1, 1, 1, 0, 1, 0, 1
4.877225208333334, 1, 1, 1, 1, 0, 1, 0, 1
4.877225291666667, 0, 1, 1, 1, 0, 1, 0, 1
4.877225333333334, 1, 1, 1, 1, 0, 1, 0, 1
4.877225416666667, 0, 1, 1, 1, 0, 1, 0, 1
4.877225458333333, 1, 1, 1, 1, 0, 1, 0, 1
4.877225541666667, 0, 1, 1, 1, 0, 1, 0, 1
4.877225583333334, 1, 1, 1, 1, 0, 1, 0, 1
4.877225666666667, 0, 1, 1, 1, 0, 1, 0, 1
4.877225708333333, 1, 1, 1, 1, 0, 1, 0, 1
4.877225791666667, 0, 1, 1, 1, 0, 1, 0, 1
4.877225833333334, 1, 1, 1, 1, 0, 1, 0, 1
4.877225875000001, 1, 1, 1, 1, 1, 1, 0, 1
4.877225916666667, 0, 1, 1, 1, 1, 1, 0, 1
4.877226833333333, 0, 1, 1, 1, 0, 1, 0, 1
4.877226875000001, 1, 1, 1, 1, 0, 1, 0, 1
4.877226958333334, 0, 1, 1, 1, 1, 1, 0, 1
4.877227000000000, 1, 1, 1, 1, 1, 1, 0, 1
4.877227083333334, 0, 1, 1, 1, 0, 1, 0, 1
4.877227125000000, 1, 1, 1, 1, 0, 1, 0, 1
4.877227208333333, 0, 1, 1, 1, 0, 1, 0, 1
4.877227250000001, 1, 1, 1, 1, 0, 1, 0, 1
4.877227333333334, 0, 1, 1, 1, 0, 1, 0, 1
4.877227375000000, 1, 1, 1, 1, 0, 1, 0, 1
4.877227458333333, 0, 1, 1, 1, 1, 1, 0, 1
4.877227500000000, 1, 1, 1, 1, 1, 1, 0, 1
4.877227583333334, 0, 1, 1, 1, 1, 1, 0, 1
4.877227625000001, 1, 1, 1, 1, 1, 1, 0, 1
4.877227708333334, 0, 1, 1, 1, 0, 1, 0, 1
4.877227750000000, 1, 1, 1, 1, 0, 1, 0, 1
4.877227833333333, 0, 1, 1, 1, 1, 1, 0, 1
4.877232875000001, 0, 1, 1, 1, 1, 1, 1, 1
4.877241666666667, 0, 1, 1, 1, 1, 1, 0, 1
4.877242333333333, 0, 1, 1, 1, 0, 1, 0, 1
4.877242375000001, 1, 1, 1, 1, 0, 1, 0, 1
4.877242458333334, 0, 1, 1, 1, 0, 1, 0, 1
4.877242500000000, 1, 1, 1, 1, 0, 1, 0, 1
4.877242583333333, 0, 1, 1, 1, 0, 1, 0, 1
4.877242625000000, 1, 1, 1, 1, 0, 1, 0, 1
4.877242708333334, 0, 1, 1, 1, 0, 1, 0, 1
4.877242750000001, 1, 1, 1, 1, 0, 1, 0, 1
4.877242833333334, 0, 1, 1, 1, 0, 1, 0, 1
4.877242875000000, 1, 1, 1, 1, 0, 1, 0, 1
4.877242958333333, 0, 1, 1, 1, 0, 1, 0, 1
4.877243000000000, 1, 1, 1, 1, 0, 1, 0, 1
4.877243083333334, 0, 1, 1, 1, 0, 1, 0, 1
4.877243125000001, 1, 1, 1, 1, 0, 1, 0, 1
4.877243208333334, 0, 1, 1, 1, 0, 1, 0, 1
4.877243250000000, 1, 1, 1, 1, 0, 1, 0, 1
4.877243333333333, 0, 1, 1, 1, 1, 1, 0, 1
4.877244291666667, 0, 1, 1, 1, 0, 1, 0, 1
4.877244333333334, 1, 1, 1, 1, 0, 1, 0, 1
4.877244375000000, 1, 1, 1, 1, 1, 1, 0, 1
4.877244416666667, 0, 1, 1, 1, 1, 1, 0, 1
4.877244458333333, 1, 1, 1, 1, 1, 1, 0, 1
4.877244541666667, 0, 1, 1, 1, 0, 1, 0, 1
4.877244583333334, 1, 1, 1, 1, 0, 1, 0, 1
4.877244666666667, 0, 1, 1, 1, 0, 1, 0, 1
4.877244708333333, 1, 1, 1, 1, 0, 1, 0, 1
4.877244750000000, 1, 1, 1, 1, 1, 1, 0, 1
4.877244791666667, 0, 1, 1, 1, 1, 1, 0, 1
4.877244833333334, 1, 1, 1, 1, 1, 1, 0, 1
4.877244916666667, 0, 1, 1, 1, 0, 1, 0, 1
4.877244958333334, 1, 1, 1, 1, 0, 1, 0, 1
4.877245041666667, 0, 1, 1, 1, 0, 1, 0, 1
4.877245083333333, 1, 1, 1, 1, 0, 1, 0, 1
4.877245125000000, 1, 1, 1, 1, 1, 1, 0, 1
4.877245166666667, 0, 1, 1, 1, 1, 1, 0, 1
4.877245208333334, 1, 1, 1, 1, 1, 1, 0, 1
4.877245291666667, 0, 1, 1, 1, 1, 1, 0, 1
4.877250333333333, 0, 1, 1, 1, 1, 1, 1, 1
4.877259083333334, 0, 1, 1, 1, 1, 1, 0, 1
4.877259791666667, 0, 1, 1, 1, 0, 1, 0, 1
4.877259833333333, 1, 1, 1, 1, 0, 1, 0, 1
4.877259916666667, 0, 1, 1, 1, 0, 1, 0, 1
4.877259958333334, 1, 1, 1, 1, 0, 1, 0, 1
4.877260041666667, 0, 1, 1, 1, 0, 1, 0, 1
4.877260083333334, 1, 1, 1, 1, 0, 1, 0, 1
4.877260166666667, 0, 1, 1, 1, 0, 1, 0, 1
4.877260208333333, 1, 1, 1, 1, 0, 1, 0, 1
4.877260291666667, 0, 1, 1, 1, 0, 1, 0, 1
4.877260333333334, 1, 1, 1, 1, 0, 1, 0, 1
4.877260416666667, 0, 1, 1, 1, 0, 1, 0, 1
4.877260458333334, 1, 1, 1, 1, 0, 1, 0, 1
4.877260541666667, 0, 1, 1, 1, 0, 1, 0, 1
4.877260583333333, 1, 1, 1, 1, 0, 1, 0, 1
4.877260666666667, 0, 1, 1, 1, 0, 1, 0, 1
4.877260708333334, 1, 1, 1, 1, 0, 1, 0, 1
4.877260750000000, 1, 1, 1, 1, 1, 1, 0, 1
4.877260791666667, 0, 1, 1, 1, 1, 1, 0, 1
4.877261708333334, 0, 1, 1, 1, 0, 1, 0, 1
4.877261750000001, 1, 1, 1, 1, 0, 1, 0, 1
4.877261833333334, 0, 1, 1, 1, 0, 1, 0, 1
4.877261875000000, 1, 1, 1, 1, 0, 1, 0, 1
4.877261958333333, 0, 1, 1, 1, 1, 1, 0, 1
4.877262000000000, 1, 1, 1, 1, 1, 1, 0, 1
4.877262083333334, 0, 1, 1, 1, 1, 1, 0, 1
4.877262125000001, 1, 1, 1, 1, 1, 1, 0, 1
4.877262208333334, 0, 1, 1, 1, 0, 1, 0, 1
4.877262250000000, 1, 1, 1, 1, 0, 1, 0, 1
4.877262333333333, 0, 1, 1, 1, 0, 1, 0, 1
4.877262375000000, 1, 1, 1, 1, 0, 1, 0, 1
4.877262458333334, 0, 1, 1, 1, 0, 1, 0, 1
4.877262500000001, 1, 1, 1, 1, 0, 1, 0, 1
4.877262583333334, 0, 1, 1, 1, 1, 1, 0, 1
4.877262625000000, 1, 1, 1, 1, 1, 1, 0, 1
4.877262708333333, 0, 1, 1, 1, 1, 1, 0, 1
4.877267750000001, 0, 1, 1, 1, 1, 1, 1, 1
4.877276541666667, 0, 1, 1, 1, 1, 1, 0, 1
4.877277208333334, 0, 1, 1, 1, 0, 1, 0, 1
4.877277250000001, 1, 1, 1, 1, 0, 1, 0, 1
4.877277333333334, 0, 1, 1, 1, 0, 1, 0, 1
4.877277375000000, 1, 1, 1, 1, 0, 1, 0, 1
4.877277458333333, 0, 1, 1, 1, 0, 1, 0, 1
4.877277500000000, 1, 1, 1, 1, 0, 1, 0, 1
4.877277583333334, 0, 1, 1, 1, 0, 1, 0, 1
4.877277625000001, 1, 1, 1, 1, 0, 1, 0, 1
4.877277708333334, 0, 1, 1, 1, 0, 1, 0, 1
4.877277750000000, 1, 1, 1, 1, 0, 1, 0, 1
4.877277833333333, 0, 1, 1, 1, 0, 1, 0, 1
4.877277875000000, 1, 1, 1, 1, 0, 1, 0, 1
4.877277958333334, 0, 1, 1, 1, 0, 1, 0, 1
4.877278000000000, 1, 1, 1, 1, 0, 1, 0, 1
4.877278083333334, 0, 1, 1, 1, 0, 1, 0, 1
4.877278125000000, 1, 1, 1, 1, 0, 1, 0, 1
4.877278208333333, 0, 1, 1, 1, 1, 1, 0, 1
4.877279166666667, 0, 1, 1, 1, 0, 1, 0, 1
4.877279208333333, 1, 1, 1, 1, 0, 1, 0, 1
4.877279291666667, 0, 1, 1, 1, 0, 1, 0, 1
4.877279333333334, 1, 1, 1, 1, 0, 1, 0, 1
4.877279416666667, 0, 1, 1, 1, 0, 1, 0, 1
4.877279458333334, 1, 1, 1, 1, 0, 1, 0, 1
4.877279541666667, 0, 1, 1, 1, 0, 1, 0, 1
4.877279583333333, 1, 1, 1, 1, 0, 1, 0, 1
4.877279666666667, 0, 1, 1, 1, 0, 1, 0, 1
4.877279708333334, 1, 1, 1, 1, 0, 1, 0, 1
4.877279791666667, 0, 1, 1, 1, 1, 1, 0, 1
4.877279833333334, 1, 1, 1, 1, 1, 1, 0, 1
4.877279916666667, 0, 1, 1, 1, 0, 1, 0, 1
4.877279958333333, 1, 1, 1, 1, 0, 1, 0, 1
4.877280041666667, 0, 1, 1, 1, 1, 1, 0, 1
4.877280083333334, 1, 1, 1, 1, 1, 1, 0, 1
4.877280166666667, 0, 1, 1, 1, 1, 1, 0, 1
4.877285208333333, 0, 1, 1, 1, 1, 1, 1, 1
4.877293958333333, 0, 1, 1, 1, 1, 1, 0, 1
4.877294666666667, 0, 1, 1, 1, 0, 1, 0, 1
4.877294708333333, 1, 1, 1, 1, 0, 1, 0, 1
4.877294791666667, 0, 1, 1, 1, 0, 1, 0, 1
4.877294833333334, 1, 1, 1, 1, 0, 1, 0, 1
4.877294916666667, 0, 1, 1, 1, 0, 1, 0, 1
4.877294958333334, 1, 1, 1, 1, 0, 1, 0, 1
4.877295041666667, 0, 1, 1, 1, 0, 1, 0, 1
4.877295083333333, 1, 1, 1, 1, 0, 1, 0, 1
4.877295166666667, 0, 1, 1, 1, 0, 1, 0, 1
4.877295208333334, 1, 1, 1, 1, 0, 1, 0, 1
4.877295291666667, 0, 1, 1, 1, 0, 1, 0, 1
4.877295333333334, 1, 1, 1, 1, 0, 1, 0, 1
4.877295416666667, 0, 1, 1, 1, 0, 1, 0, 1
4.877295458333333, 1, 1, 1, 1, 0, 1, 0, 1
4.877295541666667, 0, 1, 1, 1, 0, 1, 0, 1
4.877295583333334, 1, 1, 1, 1, 0, 1, 0, 1
4.877295666666667, 0, 1, 1, 1, 1, 1, 0, 1
4.877296583333334, 0, 1, 1, 1, 0, 1, 0, 1
4.877296666666667, 1, 1, 1, 1, 0, 1, 0, 1
4.877296708333334, 0, 1, 1, 1, 0, 1, 0, 1
4.877296791666667, 1, 1, 1, 1, 0, 1, 0, 1
4.877296833333333, 0, 1, 1, 1, 0, 1, 0, 1
4.877296916666667, 1, 1, 1, 1, 0, 1, 0, 1
4.877296958333334, 0, 1, 1, 1, 0, 1, 0, 1
4.877297041666667, 1, 1, 1, 1, 0, 1, 0, 1
4.877297083333334, 0, 1, 1, 1, 1, 1, 0, 1
4.877297166666667, 1, 1, 1, 1, 1, 1, 0, 1
4.877297208333333, 0, 1, 1, 1, 0, 1, 0, 1
4.877297291666667, 1, 1, 1, 1, 0, 1, 0, 1
4.877297333333334, 0, 1, 1, 1, 0, 1, 0, 1
4.877297416666667, 1, 1, 1, 1, 0, 1, 0, 1
4.877297458333334, 0, 1, 1, 1, 1, 1, 0, 1
4.877297541666667, 1, 1, 1, 1, 1, 1, 0, 1
4.877297583333333, 0, 1, 1, 1, 1, 1, 0, 1
4.877302625000000, 0, 1, 1, 1, 1, 1, 1, 1
4.877311416666667, 0, 1, 1, 1, 1, 1, 0, 1
4.877312083333334, 0, 1, 1, 1, 0, 1, 0, 1
4.877312166666667, 1, 1, 1, 1, 0, 1, 0, 1
4.877312208333334, 0, 1, 1, 1, 0, 1, 0, 1
4.877312291666667, 1, 1, 1, 1, 0, 1, 0, 1
4.877312333333333, 0, 1, 1, 1, 0, 1, 0, 1
4.877312416666667, 1, 1, 1, 1, 0, 1, 0, 1
4.877312458333334, 0, 1, 1, 1, 0, 1, 0, 1
4.877312541666667, 1, 1, 1, 1, 0, 1, 0, 1
4.877312583333334, 0, 1, 1, 1, 0, 1, 0, 1
4.877312666666667, 1, 1, 1, 1, 0, 1, 0, 1
4.877312708333333, 0, 1, 1, 1, 0, 1, 0, 1
4.877312791666667, 1, 1, 1, 1, 0, 1, 0, 1
4.877312833333334, 0, 1, 1, 1, 0, 1, 0, 1
4.877312916666667, 1, 1, 1, 1, 0, 1, 0, 1
4.877312958333333, 0, 1, 1, 1, 0, 1, 0, 1
4.877313041666667, 1, 1, 1, 1, 0, 1, 0, 1
4.877313083333334, 0, 1, 1, 1, 1, 1, 0, 1
4.877314041666667, 0, 1, 1, 1, 0, 1, 0, 1
4.877314083333333, 1, 1, 1, 1, 0, 1, 0, 1
4.877314166666667, 0, 1, 1, 1, 0, 1, 0, 1
4.877314208333334, 1, 1, 1, 1, 0, 1, 0, 1
4.877314291666667, 0, 1, 1, 1, 0, 1, 0, 1
4.877314333333334, 1, 1, 1, 1, 0, 1, 0, 1
4.877314416666667, 0, 1, 1, 1, 0, 1, 0, 1
4.877314458333333, 1, 1, 1, 1, 0, 1, 0, 1
4.877314541666667, 0, 1, 1, 1, 0, 1, 0, 1
4.877314583333334, 1, 1, 1, 1, 0, 1, 0, 1
4.877314666666667, 0, 1, 1, 1, 0, 1, 0, 1
4.877314708333333, 1, 1, 1, 1, 0, 1, 0, 1
4.877314791666667, 0, 1, 1, 1, 1, 1, 0, 1
4.877314833333334, 1, 1, 1, 1, 1, 1, 0, 1
4.877314916666667, 0, 1, 1, 1, 1, 1, 0, 1
4.877314958333334, 1, 1, 1, 1, 1, 1, 0, 1
4.877315041666667, 0, 1, 1, 1, 1, 1, 0, 1
4.877320083333333, 0, 1, 1, 1, 1, 1, 1, 1
4.877328833333333, 0, 1, 1, 1, 1, 1, 0, 1
4.877329541666667, 0, 1, 1, 1, 0, 1, 0, 1
4.877329583333333, 1, 1, 1, 1, 0, 1, 0, 1
4.877329666666667, 0, 1, 1, 1, 0, 1, 0, 1
4.877329708333334, 1, 1, 1, 1, 0, 1, 0, 1
4.877329791666667, 0, 1, 1, 1, 0, 1, 0, 1
4.877329833333333, 1, 1, 1, 1, 0, 1, 0, 1
4.877329916666667, 0, 1, 1, 1, 0, 1, 0, 1
4.877329958333334, 1, 1, 1, 1, 0, 1, 0, 1
4.877330041666667, 0, 1, 1, 1, 0, 1, 0, 1
4.877330083333334, 1, 1, 1, 1, 0, 1, 0, 1
4.877330166666667, 0, 1, 1, 1, 0, 1, 0, 1
4.877330208333333, 1, 1, 1, 1, 0, 1, 0, 1
4.877330291666667, 0, 1, 1, 1, 0, 1, 0, 1
4.877330333333334, 1, 1, 1, 1, 0, 1, 0, 1
4.877330416666667, 0, 1, 1, 1, 0, 1, 0, 1
4.877330458333334, 1, 1, 1, 1, 0, 1, 0, 1
4.877330541666667, 0, 1, 1, 1, 1, 1, 0, 1
4.877331458333334, 0, 1, 1, 1, 0, 1, 0, 1
4.877331541666667, 1, 1, 1, 1, 0, 1, 0, 1
4.877331583333333, 0, 1, 1, 1, 0, 1, 0, 1
4.877331666666667, 1, 1, 1, 1, 0, 1, 0, 1
4.877331708333334, 0, 1, 1, 1, 0, 1, 0, 1
4.877331791666667, 1, 1, 1, 1, 0, 1, 0, 1
4.877331833333334, 0, 1, 1, 1, 1, 1, 0, 1
4.877331916666667, 1, 1, 1, 1, 1, 1, 0, 1
4.877331958333333, 0, 1, 1, 1, 1, 1, 0, 1
4.877332041666667, 1, 1, 1, 1, 1, 1, 0, 1
4.877332083333334, 0, 1, 1, 1, 1, 1, 0, 1
4.877332166666667, 1, 1, 1, 1, 1, 1, 0, 1
4.877332208333334, 0, 1, 1, 1, 0, 1, 0, 1
4.877332291666667, 1, 1, 1, 1, 0, 1, 0, 1
4.877332333333333, 0, 1, 1, 1, 0, 1, 0, 1
4.877332416666667, 1, 1, 1, 1, 0, 1, 0, 1
4.877332458333334, 0, 1, 1, 1, 1, 1, 0, 1
4.877337500000000, 0, 1, 1, 1, 1, 1, 1, 1
4.877346291666667, 0, 1, 1, 1, 1, 1, 0, 1
4.877346958333334, 0, 1, 1, 1, 0, 1, 0, 1
4.877347041666667, 1, 1, 1, 1, 0, 1, 0, 1
4.877347083333333, 0, 1, 1, 1, 0, 1, 0, 1
4.877347166666667, 1, 1, 1, 1, 0, 1, 0, 1
4.877347208333334, 0, 1, 1, 1, 0, 1, 0, 1
4.877347291666667, 1, 1, 1, 1, 0, 1, 0, 1
4.877347333333334, 0, 1, 1, 1, 0, 1, 0, 1
4.877347416666667, 1, 1, 1, 1, 0, 1, 0, 1
4.877347458333333, 0, 1, 1, 1, 0, 1, 0, 1
4.877347541666667, 1, 1, 1, 1, 0, 1, 0, 1
4.877347583333334, 0, 1, 1, 1, 0, 1, 0, 1
4.877347666666667, 1, 1, 1, 1, 0, 1, 0, 1
4.877347708333334, 0, 1, 1, 1, 0, 1, 0, 1
4.877347791666667, 1, 1, 1, 1, 0, 1, 0, 1
4.877347833333333, 0, 1, 1, 1, 0, 1, 0, 1
4.877347916666667, 1, 1, 1, 1, 0, 1, 0, 1
4.877347958333334, 0, 1, 1, 1, 1, 1, 0, 1
4.877348916666667, 0, 1, 1, 1, 0, 1, 0, 1
4.877348958333334, 1, 1, 1, 1, 0, 1, 0, 1
4.877349041666667, 0, 1, 1, 1, 0, 1, 0, 1
4.877349083333334, 1, 1, 1, 1, 0, 1, 0, 1
4.877349166666667, 0, 1, 1, 1, 0, 1, 0, 1
4.877349208333333, 1, 1, 1, 1, 0, 1, 0, 1
4.877349291666667, 0, 1, 1, 1, 1, 1, 0, 1
4.877349333333334, 1, 1, 1, 1, 1, 1, 0, 1
4.877349416666667, 0, 1, 1, 1, 1, 1, 0, 1
4.877349458333334, 1, 1, 1, 1, 1, 1, 0, 1
4.877349541666667, 0, 1, 1, 1, 0, 1, 0, 1
4.877349583333333, 1, 1, 1, 1, 0, 1, 0, 1
4.877349666666667, 0, 1, 1, 1, 1, 1, 0, 1
4.877349708333334, 1, 1, 1, 1, 1, 1, 0, 1
4.877349791666667, 0, 1, 1, 1, 0, 1, 0, 1
4.877349833333334, 1, 1, 1, 1, 0, 1, 0, 1
4.877349916666667, 0, 1, 1, 1, 1, 1, 0, 1
4.877354958333334, 0, 1, 1, 1, 1, 1, 1, 1
4.877363708333333, 0, 1, 1, 1, 1, 1, 0, 1
4.877364416666667, 0, 1, 1, 1, 0, 1, 0, 1
4.877364458333334, 1, 1, 1, 1, 0, 1, 0, 1
4.877364541666667, 0, 1, 1, 1, 0, 1, 0, 1
4.877364583333334, 1, 1, 1, 1, 0, 1, 0, 1
4.877364666666667, 0, 1, 1, 1, 0, 1, 0, 1
4.877364708333333, 1, 1, 1, 1, 0, 1, 0, 1
4.877364791666667, 0, 1, 1, 1, 0, 1, 0, 1
4.877364833333334, 1, 1, 1, 1, 0, 1, 0, 1
4.877364916666667, 0, 1, 1, 1, 0, 1, 0, 1
4.877364958333334, 1, 1, 1, 1, 0, 1, 0, 1
4.877365041666667, 0, 1, 1, 1, 0, 1, 0, 1
4.877365083333333, 1, 1, 1, 1, 0, 1, 0, 1
4.877365166666667, 0, 1, 1, 1, 0, 1, 0, 1
4.877365208333334, 1, 1, 1, 1, 0, 1, 0, 1
4.877365291666667, 0, 1, 1, 1, 0, 1, 0, 1
4.877365333333334, 1, 1, 1, 1, 0, 1, 0, 1
4.877365416666667, 0, 1, 1, 1, 1, 1, 0, 1
4.877366333333334, 0, 1, 1, 1, 0, 1, 0, 1
4.877366416666667, 1, 1, 1, 1, 0, 1, 0, 1
4.877366458333333, 0, 1, 1, 1, 0, 1, 0, 1
4.877366541666667, 1, 1, 1, 1, 0, 1, 0, 1
4.877366583333334, 0, 1, 1, 1, 0, 1, 0, 1
4.877366666666667, 1, 1, 1, 1, 0, 1, 0, 1
4.877366708333334, 0, 1, 1, 1, 0, 1, 0, 1
4.877366791666667, 1, 1, 1, 1, 0, 1, 0, 1
4.877366833333333, 0, 1, 1, 1, 0, 1, 0, 1
4.877366916666667, 1, 1, 1, 1, 0, 1, 0, 1
4.877366958333334, 0, 1, 1, 1, 0, 1, 0, 1
4.877367041666667, 1, 1, 1, 1, 0, 1, 0, 1
4.877367083333334, 0, 1, 1, 1, 0, 1, 0, 1
4.877367166666667, 1, 1, 1, 1, 0, 1, 0, 1
4.877367208333333, 0, 1, 1, 1, 0, 1, 0, 1
4.877367291666667, 1, 1, 1, 1, 0, 1, 0, 1
4.877367333333334, 0, 1, 1, 1, 1, 1, 0, 1
4.877372416666667, 0, 1, 1, 1, 1, 1, 1, 1
4.877381041666667, 0, 1, 1, 1, 1, 1, 0, 1
4.877381791666667, 1, 1, 1, 1, 1, 1, 0, 1
4.877381833333334, 0, 1, 1, 1, 1, 1, 0, 1
4.877381916666667, 1, 1, 1, 1, 1, 1, 0, 1
4.877381958333333, 0, 1, 1, 1, 1, 1, 0, 1
4.877382041666667, 1, 1, 1, 1, 1, 1, 0, 1
4.877382083333334, 0, 1, 1, 1, 1, 1, 0, 1
4.877382166666667, 1, 1, 1, 1, 1, 1, 0, 1
4.877382208333334, 0, 1, 1, 1, 0, 1, 0, 1
4.877382291666667, 1, 1, 1, 1, 0, 1, 0, 1
4.877382333333333, 0, 1, 1, 1, 0, 1, 0, 1
4.877382416666667, 1, 1, 1, 1, 0, 1, 0, 1
4.877382458333334, 0, 1, 1, 1, 0, 1, 0, 1
4.877382541666667, 1, 1, 1, 1, 0, 1, 0, 1
4.877382583333334, 0, 1, 1, 1, 1, 1, 0, 1
4.877382666666667, 1, 1, 1, 1, 1, 1, 0, 1
4.877382708333333, 0, 1, 1, 1, 1, 1, 0, 1
4.877387791666667, 0, 1, 1, 1, 1, 1, 1, 1
4.877396541666667, 0, 1, 1, 1, 1, 1, 0, 1
4.877397208333334, 0, 1, 1, 1, 0, 1, 0, 1
4.877397291666667, 1, 1, 1, 1, 0, 1, 0, 1
4.877397333333334, 0, 1, 1, 1, 0, 1, 0, 1
4.877397416666667, 1, 1, 1, 1, 0, 1, 0, 1
4.877397458333333, 0, 1, 1, 1, 0, 1, 0, 1
4.877397541666667, 1, 1, 1, 1, 0, 1, 0, 1
4.877397583333334, 0, 1, 1, 1, 0, 1, 0, 1
4.877397666666667, 1, 1, 1, 1, 0, 1, 0, 1
4.877397708333334, 0, 1, 1, 1, 0, 1, 0, 1
4.877397791666667, 1, 1, 1, 1, 0, 1, 0, 1
4.877397833333333, 0, 1, 1, 1, 0, 1, 0, 1
4.877397916666667, 1, 1, 1, 1, 0, 1, 0, 1
4.877397958333334, 0, 1, 1, 1, 0, 1, 0, 1
4.877398041666667, 1, 1, 1, 1, 0, 1, 0, 1
4.877398083333333, 0, 1, 1, 1, 0, 1, 0, 1
4.877398166666667, 1, 1, 1, 1, 0, 1, 0, 1
4.877398208333334, 0, 1, 1, 1, 1, 1, 0, 1
4.877399166666667, 0, 1, 1, 1, 0, 1, 0, 1
4.877399208333333, 1, 1, 1, 1, 0, 1, 0, 1
4.877399291666667, 0, 1, 1, 1, 0, 1, 0, 1
4.877399333333334, 1, 1, 1, 1, 0, 1, 0, 1
4.877399416666667, 0, 1, 1, 1, 1, 1, 0, 1
4.877399458333334, 1, 1, 1, 1, 1, 1, 0, 1
4.877399541666667, 0, 1, 1, 1, 1, 1, 0, 1
4.877399583333333, 1, 1, 1, 1, 1, 1, 0, 1
4.877399666666667, 0, 1, 1, 1, 0, 1, 0, 1
4.877399708333334, 1, 1, 1, 1, 0, 1, 0, 1
4.877399791666667, 0, 1, 1, 1, 1, 1, 0, 1
4.877399833333333, 1, 1, 1, 1, 1, 1, 0, 1
4.877399916666667, 0, 1, 1, 1, 1, 1, 0, 1
4.877399958333334, 1, 1, 1, 1, 1, 1, 0, 1
4.877400041666667, 0, 1, 1, 1, 0, 1, 0, 1
4.877400083333334, 1, 1, 1, 1, 0, 1, 0, 1
4.877400166666667, 0, 1, 1, 1, 1, 1, 0, 1
4.877405208333333, 0, 1, 1, 1, 1, 1, 1, 1
4.877413958333333, 0, 1, 1, 1, 1, 1, 0, 1
4.877414666666667, 0, 1, 1, 1, 0, 1, 0, 1
4.877414708333333, 1, 1, 1, 1, 0, 1, 0, 1
4.877414791666667, 0, 1, 1, 1, 0, 1, 0, 1
4.877414833333334, 1, 1, 1, 1, 0, 1, 0, 1
4.877414916666667, 0, 1, 1, 1, 0, 1, 0, 1
4.877414958333333, 1, 1, 1, 1, 0, 1, 0, 1
4.877415041666667, 0, 1, 1, 1, 0, 1, 0, 1
4.877415083333334, 1, 1, 1, 1, 0, 1, 0, 1
4.877415166666667, 0, 1, 1, 1, 0, 1, 0, 1
4.877415208333334, 1, 1, 1, 1, 0, 1, 0, 1
4.877415291666667, 0, 1, 1, 1, 0, 1, 0, 1
4.877415333333333, 1, 1, 1, 1, 0, 1, 0, 1
4.877415416666667, 0, 1, 1, 1, 0, 1, 0, 1
4.877415458333334, 1, 1, 1, 1, 0, 1, 0, 1
4.877415541666667, 0, 1, 1, 1, 0, 1, 0, 1
4.877415583333334, 1, 1, 1, 1, 0, 1, 0, 1
4.877415666666667, 0, 1, 1, 1, 1, 1, 0, 1
4.877416583333334, 0, 1, 1, 1, 0, 1, 0, 1
4.877416666666667, 1, 1, 1, 1, 0, 1, 0, 1
4.877416708333334, 0, 1, 1, 1, 0, 1, 0, 1
4.877416791666667, 1, 1, 1, 1, 0, 1, 0, 1
4.877416833333333, 0, 1, 1, 1, 0, 1, 0, 1
4.877416916666667, 1, 1, 1, 1, 0, 1, 0, 1
4.877416958333334, 0, 1, 1, 1, 0, 1, 0, 1
4.877417041666667, 1, 1, 1, 1, 0, 1, 0, 1
4.877417083333333, 0, 1, 1, 1, 0, 1, 0, 1
4.877417166666667, 1, 1, 1, 1, 0, 1, 0, 1
4.877417208333334, 0, 1, 1, 1, 1, 1, 0, 1
4.877417291666667, 1, 1, 1, 1, 1, 1, 0, 1
4.877417333333334, 0, 1, 1, 1, 0, 1, 0, 1
4.877417416666667, 1, 1, 1, 1, 0, 1, 0, 1
4.877417458333333, 0, 1, 1, 1, 0, 1, 0, 1
4.877417541666667, 1, 1, 1, 1, 0, 1, 0, 1
4.877417583333334, 0, 1, 1, 1, 1, 1, 0, 1
4.877422666666667, 0, 1, 1, 1, 1, 1, 1, 1
4.877431416666667, 0, 1, 1, 1, 1, 1, 0, 1
4.877432083333334, 0, 1, 1, 1, 0, 1, 0, 1
4.877432166666667, 1, 1, 1, 1, 0, 1, 0, 1
4.877432208333333, 0, 1, 1, 1, 0, 1, 0, 1
4.877432291666667, 1, 1, 1, 1, 0, 1, 0, 1
4.877432333333334, 0, 1, 1, 1, 0, 1, 0, 1
4.877432416666667, 1, 1, 1, 1, 0, 1, 0, 1
4.877432458333334, 0, 1, 1, 1, 0, 1, 0, 1
4.877432541666667, 1, 1, 1, 1, 0, 1, 0, 1
4.877432583333333, 0, 1, 1, 1, 0, 1, 0, 1
4.877432666666667, 1, 1, 1, 1, 0, 1, 0, 1
4.877432708333334, 0, 1, 1, 1, 0, 1, 0, 1
4.877432791666667, 1, 1, 1, 1, 0, 1, 0, 1
4.877432833333334, 0, 1, 1, 1, 0, 1, 0, 1
4.877432916666667, 1, 1, 1, 1, 0, 1, 0, 1
4.877432958333333, 0, 1, 1, 1, 0, 1, 0, 1
4.877433041666667, 1, 1, 1, 1, 0, 1, 0, 1
4.877433083333334, 0, 1, 1, 1, 1, 1, 0, 1
4.877434041666667, 0, 1, 1, 1, 0, 1, 0, 1
4.877434083333334, 1, 1, 1, 1, 0, 1, 0, 1
4.877434166666667, 0, 1, 1, 1, 0, 1, 0, 1
4.877434208333334, 1, 1, 1, 1, 0, 1, 0, 1
4.877434291666667, 0, 1, 1, 1, 0, 1, 0, 1
4.877434333333333, 1, 1, 1, 1, 0, 1, 0, 1
4.877434416666667, 0, 1, 1, 1, 0, 1, 0, 1
4.877434458333334, 1, 1, 1, 1, 0, 1, 0, 1
4.877434541666667, 0, 1, 1, 1, 0, 1, 0, 1
4.877434583333334, 1, 1, 1, 1, 0, 1, 0, 1
4.877434666666667, 0, 1, 1, 1, 0, 1, 0, 1
4.877434708333333, 1, 1, 1, 1, 0, 1, 0, 1
4.877434791666667, 0, 1, 1, 1, 0, 1, 0, 1
4.877434833333334, 1, 1, 1, 1, 0, 1, 0, 1
4.877434916666667, 0, 1, 1, 1, 0, 1, 0, 1
4.877434958333334, 1, 1, 1, 1, 0, 1, 0, 1
4.877435041666667, 0, 1, 1, 1, 1, 1, 0, 1
4.877440083333334, 0, 1, 1, 1, 1, 1, 1, 1
4.877448833333333, 0, 1, 1, 1, 1, 1, 0, 1
4.877449541666667, 0, 1, 1, 1, 0, 1, 0, 1
4.877449583333334, 1, 1, 1, 1, 0, 1, 0, 1
4.877449666666667, 0, 1, 1, 1, 0, 1, 0, 1
4.877449708333334, 1, 1, 1, 1, 0, 1, 0, 1
4.877449791666667, 0, 1, 1, 1, 0, 1, 0, 1
4.877449833333333, 1, 1, 1, 1, 0, 1, 0, 1
4.877449916666667, 0, 1, 1, 1, 0, 1, 0, 1
4.877449958333334, 1, 1, 1, 1, 0, 1, 0, 1
4.877450041666667, 0, 1, 1, 1, 0, 1, 0, 1
4.877450083333334, 1, 1, 1, 1, 0, 1, 0, 1
4.877450166666667, 0, 1, 1, 1, 0, 1, 0, 1
4.877450208333333, 1, 1, 1, 1, 0, 1, 0, 1
4.877450291666667, 0, 1, 1, 1, 0, 1, 0, 1
4.877450333333334, 1, 1, 1, 1, 0, 1, 0, 1
4.877450416666667, 0, 1, 1, 1, 0, 1, 0, 1
4.877450458333334, 1, 1, 1, 1, 0, 1, 0, 1
4.877450541666667, 0, 1, 1, 1, 1, 1, 0, 1
4.877451458333334, 0, 1, 1, 1, 0, 1, 0, 1
4.877451541666667, 1, 1, 1, 1, 0, 1, 0, 1
4.877451583333333, 0, 1, 1, 1, 0, 1, 0, 1
4.877451666666667, 1, 1, 1, 1, 0, 1, 0, 1
4.877451708333334, 0, 1, 1, 1, 1, 1, 0, 1
4.877451791666667, 1, 1, 1, 1, 1, 1, 0, 1
4.877451833333334, 0, 1, 1, 1, 1, 1, 0, 1
4.877451916666667, 1, 1, 1, 1, 1, 1, 0, 1
4.877451958333333, 0, 1, 1, 1, 1, 1, 0, 1
4.877452041666667, 1, 1, 1, 1, 1, 1, 0, 1
4.877452083333334, 0, 1, 1, 1, 1, 1, 0, 1
4.877452166666667, 1, 1, 1, 1, 1, 1, 0, 1
4.877452208333334, 0, 1, 1, 1, 0, 1, 0, 1
4.877452291666667, 1, 1, 1, 1, 0, 1, 0, 1
4.877452333333333, 0, 1, 1, 1, 0, 1, 0, 1
4.877452416666667, 1, 1, 1, 1, 0, 1, 0, 1
4.877452458333334, 0, 1, 1, 1, 1, 1, 0, 1
4.877457541666667, 0, 1, 1, 1, 1, 1, 1, 1
4.877466291666667, 0, 1, 1, 1, 1, 1, 0, 1
4.877466958333334, 0, 1, 1, 1, 0, 1, 0, 1
4.877467041666667, 1, 1, 1, 1, 0, 1, 0, 1
4.877467083333333, 0, 1, 1, 1, 0, 1, 0, 1
4.877467166666667, 1, 1, 1, 1, 0, 1, 0, 1
4.877467208333334, 0, 1, 1, 1, 0, 1, 0, 1
4.877467291666667, 1, 1, 1, 1, 0, 1, 0, 1
4.877467333333334, 0, 1, 1, 1, 0, 1, 0, 1
4.877467416666667, 1, 1, 1, 1, 0, 1, 0, 1
4.877467458333333, 0, 1, 1, 1, 0, 1, 0, 1
4.877467541666667, 1, 1, 1, 1, 0, 1, 0, 1
4.877467583333334, 0, 1, 1, 1, 0, 1, 0, 1
4.877467666666667, 1, 1, 1, 1, 0, 1, 0, 1
4.877467708333334, 0, 1, 1, 1, 0, 1, 0, 1
4.877467791666667, 1, 1, 1, 1, 0, 1, 0, 1
4.877467833333333, 0, 1, 1, 1, 0, 1, 0, 1
4.877467916666667, 1, 1, 1, 1, 0, 1, 0, 1
4.877467958333334, 0, 1, 1, 1, 1, 1, 0, 1
4.877468916666667, 0, 1, 1, 1, 0, 1, 0, 1
4.877468958333334, 1, 1, 1, 1, 0, 1, 0, 1
4.877469041666667, 0, 1, 1, 1, 0, 1, 0, 1
4.877469083333334, 1, 1, 1, 1, 0, 1, 0, 1
4.877469166666667, 0, 1, 1, 1, 0, 1, 0, 1
4.877469208333333, 1, 1, 1, 1, 0, 1, 0, 1
4.877469291666667, 0, 1, 1, 1, 0, 1, 0, 1
4.877469333333334, 1, 1, 1, 1, 0, 1, 0, 1
4.877469416666667, 0, 1, 1, 1, 1, 1, 0, 1
4.877469458333334, 1, 1, 1, 1, 1, 1, 0, 1
4.877469541666667, 0, 1, 1, 1, 1, 1, 0, 1
4.877469583333333, 1, 1, 1, 1, 1, 1, 0, 1
4.877469666666667, 0, 1, 1, 1, 1, 1, 0, 1
4.877469708333334, 1, 1, 1, 1, 1, 1, 0, 1
4.877469791666667, 0, 1, 1, 1, 1, 1, 0, 1
4.877469833333334, 1, 1, 1, 1, 1, 1, 0, 1
4.877469916666667, 0, 1, 1, 1, 1, 1, 0, 1
4.877474958333334, 0, 1, 1, 1, 1, 1, 1, 1
4.877483708333334, 0, 1, 1, 1, 1, 1, 0, 1
4.877484416666667, 0, 1, 1, 1, 0, 1, 0, 1
4.877484458333334, 1, 1, 1, 1, 0, 1, 0, 1
4.877484541666667, 0, 1, 1, 1, 0, 1, 0, 1
4.877484583333334, 1, 1, 1, 1, 0, 1, 0, 1
4.877484666666667, 0, 1, 1, 1, 0, 1, 0, 1
4.877484708333333, 1, 1, 1, 1, 0, 1, 0, 1
4.877484791666667, 0, 1, 1, 1, 0, 1, 0, 1
4.877484833333334, 1, 1, 1, 1, 0, 1, 0, 1
4.877484916666667, 0, 1, 1, 1, 0, 1, 0, 1
4.877484958333334, 1, 1, 1, 1, 0, 1, 0, 1
4.877485041666667, 0, 1, 1, 1, 0, 1, 0, 1
4.877485083333333, 1, 1, 1, 1, 0, 1, 0, 1
4.877485166666667, 0, 1, 1, 1, 0, 1, 0, 1
4.877485208333334, 1, 1, 1, 1, 0, 1, 0, 1
4.877485291666667, 0, 1, 1, 1, 0, 1, 0, 1
4.877485333333333, 1, 1, 1, 1, 0, 1, 0, 1
4.877485416666667, 0, 1, 1, 1, 1, 1, 0, 1
4.877486333333334, 0, 1, 1, 1, 0, 1, 0, 1
4.877486416666667, 1, 1, 1, 1, 0, 1, 0, 1
4.877486458333333, 0, 1, 1, 1, 0, 1, 0, 1
4.877486541666667, 1, 1, 1, 1, 0, 1, 0, 1
4.877486583333334, 0, 1, 1, 1, 0, 1, 0, 1
4.877486666666667, 1, 1, 1, 1, 0, 1, 0, 1
4.877486708333334, 0, 1, 1, 1, 0, 1, 0, 1
4.877486791666667, 1, 1, 1, 1, 0, 1, 0, 1
4.877486833333333, 0, 1, 1, 1, 1, 1, 0, 1
4.877486916666667, 1, 1, 1, 1, 1, 1, 0, 1
4.877486958333334, 0, 1, 1, 1, 1, 1, 0, 1
4.877487041666667, 1, 1, 1, 1, 1, 1, 0, 1
4.877487083333333, 0, 1, 1, 1, 1, 1, 0, 1
4.877487166666667, 1, 1, 1, 1, 1, 1, 0, 1
4.877487208333334, 0, 1, 1, 1, 1, 1, 0, 1
4.877487291666667, 1, 1, 1, 1, 1, 1, 0, 1
4.877487333333334, 0, 1, 1, 1, 1, 1, 0, 1
4.877492416666667, 0, 1, 1, 1, 1, 1, 1, 1
4.877501166666667, 0, 1, 1, 1, 1, 1, 0, 1
4.877501833333334, 0, 1, 1, 1, 0, 1, 0, 1
4.877501916666667, 1, 1, 1, 1, 0, 1, 0, 1
4.877501958333333, 0, 1, 1, 1, 0, 1, 0, 1
4.877502041666667, 1, 1, 1, 1, 0, 1, 0, 1
4.877502083333334, 0, 1, 1, 1, 0, 1, 0, 1
4.877502166666667, 1, 1, 1, 1, 0, 1, 0, 1
4.877502208333333, 0, 1, 1, 1, 0, 1, 0, 1
4.877502291666667, 1, 1, 1, 1, 0, 1, 0, 1
4.877502333333334, 0, 1, 1, 1, 0, 1, 0, 1
4.877502416666667, 1, 1, 1, 1, 0, 1, 0, 1
4.877502458333334, 0, 1, 1, 1, 0, 1, 0, 1
4.877502541666667, 1, 1, 1, 1, 0, 1, 0, 1
4.877502583333333, 0, 1, 1, 1, 0, 1, 0, 1
4.877502666666667, 1, 1, 1, 1, 0, 1, 0, 1
4.877502708333334, 0, 1, 1, 1, 0, 1, 0, 1
4.877502791666667, 1, 1, 1, 1, 0, 1, 0, 1
4.877502833333334, 0, 1, 1, 1, 1, 1, 0, 1
4.877503833333334, 1, 1, 1, 1, 1, 1, 0, 1
4.877503916666667, 0, 1, 1, 1, 0, 1, 0, 1
4.877503958333334, 1, 1, 1, 1, 0, 1, 0, 1
4.877504041666667, 0, 1, 1, 1, 1, 1, 0, 1
4.877504083333334, 1, 1, 1, 1, 1, 1, 0, 1
4.877504166666667, 0, 1, 1, 1, 0, 1, 0, 1
4.877504208333334, 1, 1, 1, 1, 0, 1, 0, 1
4.877504291666667, 0, 1, 1, 1, 0, 1, 0, 1
4.877504333333333, 1, 1, 1, 1, 0, 1, 0, 1
4.877504416666667, 0, 1, 1, 1, 1, 1, 0, 1
4.877504458333334, 1, 1, 1, 1, 1, 1, 0, 1
4.877504541666667, 0, 1, 1, 1, 0, 1, 0, 1
4.877504583333334, 1, 1, 1, 1, 0, 1, 0, 1
4.877504666666667, 0, 1, 1, 1, 0, 1, 0, 1
4.877504708333333, 1, 1, 1, 1, 0, 1, 0, 1
4.877504791666667, 0, 1, 1, 1, 1, 1, 0, 1
4.877509833333334, 0, 1, 1, 1, 1, 1, 1, 1
4.877524666666667, 0, 1, 1, 1, 1, 1, 0, 1
4.877525333333334, 0, 1, 1, 1, 0, 1, 0, 1
4.877525416666667, 1, 1, 1, 1, 0, 1, 0, 1
4.877525458333333, 0, 1, 1, 1, 0, 1, 0, 1
4.877525541666667, 1, 1, 1, 1, 0, 1, 0, 1
4.877525583333334, 0, 1, 1, 1, 0, 1, 0, 1
4.877525666666667, 1, 1, 1, 1, 0, 1, 0, 1
4.877525708333334, 0, 1, 1, 1, 0, 1, 0, 1
4.877525791666667, 1, 1, 1, 1, 0, 1, 0, 1
4.877525833333333, 0, 1, 1, 1, 0, 1, 0, 1
4.877525916666667, 1, 1, 1, 1, 0, 1, 0, 1
4.877525958333334, 0, 1, 1, 1, 0, 1, 0, 1
4.877526041666667, 1, 1, 1, 1, 0, 1, 0, 1
4.877526083333334, 0, 1, 1, 1, 0, 1, 0, 1
4.877526166666667, 1, 1, 1, 1, 0, 1, 0, 1
4.877526208333333, 0, 1, 1, 1, 0, 1, 0, 1
4.877526291666667, 1, 1, 1, 1, 0, 1, 0, 1
4.877526333333334, 0, 1, 1, 1, 1, 1, 0, 1
4.877527291666667, 0, 1, 1, 1, 0, 1, 0, 1
4.877527333333334, 1, 1, 1, 1, 0, 1, 0, 1
4.877527416666667, 0, 1, 1, 1, 0, 1, 0, 1
4.877527458333334, 1, 1, 1, 1, 0, 1, 0, 1
4.877527541666667, 0, 1, 1, 1, 0, 1, 0, 1
4.877527583333333, 1, 1, 1, 1, 0, 1, 0, 1
4.877527666666667, 0, 1, 1, 1, 0, 1, 0, 1
4.877527708333334, 1, 1, 1, 1, 0, 1, 0, 1
4.877527791666667, 0, 1, 1, 1, 0, 1, 0, 1
4.877527833333334, 1, 1, 1, 1, 0, 1, 0, 1
4.877527916666667, 0, 1, 1, 1, 0, 1, 0, 1
4.877527958333333, 1, 1, 1, 1, 0, 1, 0, 1
4.877528041666667, 0, 1, 1, 1, 1, 1, 0, 1
4.877528083333334, 1, 1, 1, 1, 1, 1, 0, 1
4.877528166666667, 0, 1, 1, 1, 0, 1, 0, 1
4.877528208333334, 1, 1, 1, 1, 0, 1, 0, 1
4.877528291666667, 0, 1, 1, 1, 1, 1, 0, 1
4.877533333333334, 0, 1, 1, 1, 1, 1, 1, 1
4.877541958333333, 0, 1, 1, 1, 1, 1, 0, 1
4.877542708333333, 1, 1, 1, 1, 1, 1, 0, 1
4.877542791666667, 0, 1, 1, 1, 1, 1, 0, 1
4.877542833333334, 1, 1, 1, 1, 1, 1, 0, 1
4.877542916666667, 0, 1, 1, 1, 1, 1, 0, 1
4.877542958333334, 1, 1, 1, 1, 1, 1, 0, 1
4.877543041666667, 0, 1, 1, 1, 1, 1, 0, 1
4.877543083333333, 1, 1, 1, 1, 1, 1, 0, 1
4.877543166666667, 0, 1, 1, 1, 0, 1, 0, 1
4.877543208333334, 1, 1, 1, 1, 0, 1, 0, 1
4.877543291666667, 0, 1, 1, 1, 0, 1, 0, 1
4.877543333333334, 1, 1, 1, 1, 0, 1, 0, 1
4.877543416666667, 0, 1, 1, 1, 1, 1, 0, 1
4.877543458333333, 1, 1, 1, 1, 1, 1, 0, 1
4.877543541666667, 0, 1, 1, 1, 0, 1, 0, 1
4.877543583333334, 1, 1, 1, 1, 0, 1, 0, 1
4.877543666666667, 0, 1, 1, 1, 1, 1, 0, 1
4.877548708333333, 0, 1, 1, 1, 1, 1, 1, 1
4.877557458333333, 0, 1, 1, 1, 1, 1, 0, 1
4.877558166666667, 0, 1, 1, 1, 0, 1, 0, 1
4.877558208333333, 1, 1, 1, 1, 0, 1, 0, 1
4.877558291666667, 0, 1, 1, 1, 0, 1, 0, 1
4.877558333333334, 1, 1, 1, 1, 0, 1, 0, 1
4.877558416666667, 0, 1, 1, 1, 0, 1, 0, 1
4.877558458333334, 1, 1, 1, 1, 0, 1, 0, 1
4.877558541666667, 0, 1, 1, 1, 0, 1, 0, 1
4.877558583333333, 1, 1, 1, 1, 0, 1, 0, 1
4.877558666666667, 0, 1, 1, 1, 0, 1, 0, 1
4.877558708333334, 1, 1, 1, 1, 0, 1, 0, 1
4.877558791666667, 0, 1, 1, 1, 0, 1, 0, 1
4.877558833333334, 1, 1, 1, 1, 0, 1, 0, 1
4.877558916666667, 0, 1, 1, 1, 0, 1, 0, 1
4.877558958333333, 1, 1, 1, 1, 0, 1, 0, 1
4.877559041666667, 0, 1, 1, 1, 0, 1, 0, 1
4.877559083333334, 1, 1, 1, 1, 0, 1, 0, 1
4.877559166666667, 0, 1, 1, 1, 1, 1, 0, 1
4.877560083333334, 0, 1, 1, 1, 0, 1, 0, 1
4.877560166666667, 1, 1, 1, 1, 0, 1, 0, 1
4.877560208333334, 0, 1, 1, 1, 0, 1, 0, 1
4.877560291666667, 1, 1, 1, 1, 0, 1, 0, 1
4.877560333333333, 0, 1, 1, 1, 0, 1, 0, 1
4.877560416666667, 1, 1, 1, 1, 0, 1, 0, 1
4.877560458333334, 0, 1, 1, 1, 1, 1, 0, 1
4.877560541666667, 1, 1, 1, 1, 1, 1, 0, 1
4.877560583333334, 0, 1, 1, 1, 1, 1, 0, 1
4.877560666666667, 1, 1, 1, 1, 1, 1, 0, 1
4.877560708333333, 0, 1, 1, 1, 0, 1, 0, 1
4.877560791666667, 1, 1, 1, 1, 0, 1, 0, 1
4.877560833333334, 0, 1, 1, 1, 0, 1, 0, 1
4.877560916666667, 1, 1, 1, 1, 0, 1, 0, 1
4.877560958333333, 0, 1, 1, 1, 0, 1, 0, 1
4.877561041666667, 1, 1, 1, 1, 0, 1, 0, 1
4.877561083333334, 0, 1, 1, 1, 1, 1, 0, 1
4.877566166666667, 0, 1, 1, 1, 1, 1, 1, 1
4.877574916666667, 0, 1, 1, 1, 1, 1, 0, 1
4.877575583333334, 0, 1, 1, 1, 0, 1, 0, 1
4.877575666666667, 1, 1, 1, 1, 0, 1, 0, 1
4.877575708333334, 0, 1, 1, 1, 0, 1, 0, 1
4.877575791666667, 1, 1, 1, 1, 0, 1, 0, 1
4.877575833333333, 0, 1, 1, 1, 0, 1, 0, 1
4.877575916666667, 1, 1, 1, 1, 0, 1, 0, 1
4.877575958333334, 0, 1, 1, 1, 0, 1, 0, 1
4.877576041666667, 1, 1, 1, 1, 0, 1, 0, 1
4.877576083333333, 0, 1, 1, 1, 0, 1, 0, 1
4.877576166666667, 1, 1, 1, 1, 0, 1, 0, 1
4.877576208333334, 0, 1, 1, 1, 0, 1, 0, 1
4.877576291666667, 1, 1, 1, 1, 0, 1, 0, 1
4.877576333333334, 0, 1, 1, 1, 0, 1, 0, 1
4.877576416666667, 1, 1, 1, 1, 0, 1, 0, 1
4.877576458333333, 0, 1, 1, 1, 0, 1, 0, 1
4.877576541666667, 1, 1, 1, 1, 0, 1, 0, 1
4.877576583333334, 0, 1, 1, 1, 1, 1, 0, 1
4.877577583333333, 1, 1, 1, 1, 1, 1, 0, 1
4.877577666666667, 0, 1, 1, 1, 0, 1, 0, 1
4.877577708333334, 1, 1, 1, 1, 0, 1, 0, 1
4.877577791666667, 0, 1, 1, 1, 1, 1, 0, 1
4.877577833333334, 1, 1, 1, 1, 1, 1, 0, 1
4.877577916666667, 0, 1, 1, 1, 0, 1, 0, 1
4.877577958333333, 1, 1, 1, 1, 0, 1, 0, 1
4.877578041666667, 0, 1, 1, 1, 0, 1, 0, 1
4.877578083333334, 1, 1, 1, 1, 0, 1, 0, 1
4.877578166666667, 0, 1, 1, 1, 0, 1, 0, 1
4.877578208333333, 1, 1, 1, 1, 0, 1, 0, 1
4.877578291666667, 0, 1, 1, 1, 1, 1, 0, 1
4.877578333333334, 1, 1, 1, 1, 1, 1, 0, 1
4.877578416666667, 0, 1, 1, 1, 1, 1, 0, 1
4.877578458333334, 1, 1, 1, 1, 1, 1, 0, 1
4.877578541666667, 0, 1, 1, 1, 1, 1, 0, 1
4.877583583333333, 0, 1, 1, 1, 1, 1, 1, 1
4.877592333333333, 0, 1, 1, 1, 1, 1, 0, 1
4.877593041666667, 0, 1, 1, 1, 0, 1, 0, 1
4.877593083333333, 1, 1, 1, 1, 0, 1, 0, 1
4.877593166666667, 0, 1, 1, 1, 0, 1, 0, 1
4.877593208333334, 1, 1, 1, 1, 0, 1, 0, 1
4.877593291666667, 0, 1, 1, 1, 0, 1, 0, 1
4.877593333333333, 1, 1, 1, 1, 0, 1, 0, 1
4.877593416666667, 0, 1, 1, 1, 0, 1, 0, 1
4.877593458333334, 1, 1, 1, 1, 0, 1, 0, 1
4.877593541666667, 0, 1, 1, 1, 0, 1, 0, 1
4.877593583333334, 1, 1, 1, 1, 0, 1, 0, 1
4.877593666666667, 0, 1, 1, 1, 0, 1, 0, 1
4.877593708333333, 1, 1, 1, 1, 0, 1, 0, 1
4.877593791666667, 0, 1, 1, 1, 0, 1, 0, 1
4.877593833333334, 1, 1, 1, 1, 0, 1, 0, 1
4.877593916666667, 0, 1, 1, 1, 0, 1, 0, 1
4.877593958333334, 1, 1, 1, 1, 0, 1, 0, 1
4.877594041666667, 0, 1, 1, 1, 1, 1, 0, 1
4.877594958333334, 0, 1, 1, 1, 0, 1, 0, 1
4.877595041666667, 1, 1, 1, 1, 0, 1, 0, 1
4.877595083333333, 0, 1, 1, 1, 0, 1, 0, 1
4.877595166666667, 1, 1, 1, 1, 0, 1, 0, 1
4.877595208333334, 0, 1, 1, 1, 0, 1, 0, 1
4.877595291666667, 1, 1, 1, 1, 0, 1, 0, 1
4.877595333333334, 0, 1, 1, 1, 1, 1, 0, 1
4.877595416666667, 1, 1, 1, 1, 1, 1, 0, 1
4.877595458333333, 0, 1, 1, 1, 0, 1, 0, 1
4.877595541666667, 1, 1, 1, 1, 0, 1, 0, 1
4.877595583333334, 0, 1, 1, 1, 0, 1, 0, 1
4.877595666666667, 1, 1, 1, 1, 0, 1, 0, 1
4.877595708333334, 0, 1, 1, 1, 1, 1, 0, 1
4.877595791666667, 1, 1, 1, 1, 1, 1, 0, 1
4.877595833333333, 0, 1, 1, 1, 0, 1, 0, 1
4.877595916666667, 1, 1, 1, 1, 0, 1, 0, 1
4.877595958333334, 0, 1, 1, 1, 1, 1, 0, 1
4.877601041666667, 0, 1, 1, 1, 1, 1, 1, 1
4.877609791666667, 0, 1, 1, 1, 1, 1, 0, 1
4.877610458333334, 0, 1, 1, 1, 0, 1, 0, 1
4.877610541666667, 1, 1, 1, 1, 0, 1, 0, 1
4.877610583333333, 0, 1, 1, 1, 0, 1, 0, 1
4.877610666666667, 1, 1, 1, 1, 0, 1, 0, 1
4.877610708333334, 0, 1, 1, 1, 0, 1, 0, 1
4.877610791666667, 1, 1, 1, 1, 0, 1, 0, 1
4.877610833333334, 0, 1, 1, 1, 0, 1, 0, 1
4.877610916666667, 1, 1, 1, 1, 0, 1, 0, 1
4.877610958333333, 0, 1, 1, 1, 0, 1, 0, 1
4.877611041666667, 1, 1, 1, 1, 0, 1, 0, 1
4.877611083333334, 0, 1, 1, 1, 0, 1, 0, 1
4.877611166666667, 1, 1, 1, 1, 0, 1, 0, 1
4.877611208333334, 0, 1, 1, 1, 0, 1, 0, 1
4.877611291666667, 1, 1, 1, 1, 0, 1, 0, 1
4.877611333333333, 0, 1, 1, 1, 0, 1, 0, 1
4.877611416666667, 1, 1, 1, 1, 0, 1, 0, 1
4.877611458333334, 0, 1, 1, 1, 1, 1, 0, 1
4.877612416666667, 0, 1, 1, 1, 0, 1, 0, 1
4.877612458333334, 1, 1, 1, 1, 0, 1, 0, 1
4.877612541666667, 0, 1, 1, 1, 0, 1, 0, 1
4.877612583333334, 1, 1, 1, 1, 0, 1, 0, 1
4.877612666666667, 0, 1, 1, 1, 0, 1, 0, 1
4.877612708333333, 1, 1, 1, 1, 0, 1, 0, 1
4.877612791666667, 0, 1, 1, 1, 0, 1, 0, 1
4.877612833333334, 1, 1, 1, 1, 0, 1, 0, 1
4.877612916666667, 0, 1, 1, 1, 0, 1, 0, 1
4.877612958333334, 1, 1, 1, 1, 0, 1, 0, 1
4.877613041666667, 0, 1, 1, 1, 0, 1, 0, 1
4.877613083333333, 1, 1, 1, 1, 0, 1, 0, 1
4.877613166666667, 0, 1, 1, 1, 1, 1, 0, 1
4.877613208333334, 1, 1, 1, 1, 1, 1, 0, 1
4.877613291666667, 0, 1, 1, 1, 0, 1, 0, 1
4.877613333333334, 1, 1, 1, 1, 0, 1, 0, 1
4.877613416666667, 0, 1, 1, 1, 1, 1, 0, 1
4.877618458333334, 0, 1, 1, 1, 1, 1, 1, 1
4.877627208333333, 0, 1, 1, 1, 1, 1, 0, 1
4.877627916666667, 0, 1, 1, 1, 0, 1, 0, 1
4.877627958333334, 1, 1, 1, 1, 0, 1, 0, 1
4.877628041666667, 0, 1, 1, 1, 0, 1, 0, 1
4.877628083333334, 1, 1, 1, 1, 0, 1, 0, 1
4.877628166666667, 0, 1, 1, 1, 0, 1, 0, 1
4.877628208333333, 1, 1, 1, 1, 0, 1, 0, 1
4.877628291666667, 0, 1, 1, 1, 0, 1, 0, 1
4.877628333333334, 1, 1, 1, 1, 0, 1, 0, 1
4.877628416666667, 0, 1, 1, 1, 0, 1, 0, 1
4.877628458333334, 1, 1, 1, 1, 0, 1, 0, 1
4.877628541666667, 0, 1, 1, 1, 0, 1, 0, 1
4.877628583333333, 1, 1, 1, 1, 0, 1, 0, 1
4.877628666666667, 0, 1, 1, 1, 0, 1, 0, 1
4.877628708333334, 1, 1, 1, 1, 0, 1, 0, 1
4.877628791666667, 0, 1, 1, 1, 0, 1, 0, 1
4.877628833333334, 1, 1, 1, 1, 0, 1, 0, 1
4.877628916666667, 0, 1, 1, 1, 1, 1, 0, 1
4.877629833333334, 0, 1, 1, 1, 0, 1, 0, 1
4.877629916666667, 1, 1, 1, 1, 0, 1, 0, 1
4.877629958333333, 0, 1, 1, 1, 0, 1, 0, 1
4.877630041666667, 1, 1, 1, 1, 0, 1, 0, 1
4.877630083333334, 0, 1, 1, 1, 1, 1, 0, 1
4.877630166666667, 1, 1, 1, 1, 1, 1, 0, 1
4.877630208333334, 0, 1, 1, 1, 1, 1, 0, 1
4.877630291666667, 1, 1, 1, 1, 1, 1, 0, 1
4.877630333333333, 0, 1, 1, 1, 0, 1, 0, 1
4.877630416666667, 1, 1, 1, 1, 0, 1, 0, 1
4.877630458333334, 0, 1, 1, 1, 0, 1, 0, 1
4.877630541666667, 1, 1, 1, 1, 0, 1, 0, 1
4.877630583333334, 0, 1, 1, 1, 1, 1, 0, 1
4.877630666666667, 1, 1, 1, 1, 1, 1, 0, 1
4.877630708333333, 0, 1, 1, 1, 0, 1, 0, 1
4.877630791666667, 1, 1, 1, 1, 0, 1, 0, 1
4.877630833333334, 0, 1, 1, 1, 1, 1, 0, 1
4.877635916666667, 0, 1, 1, 1, 1, 1, 1, 1
4.877644666666667, 0, 1, 1, 1, 1, 1, 0, 1
4.877645333333334, 0, 1, 1, 1, 0, 1, 0, 1
4.877645416666667, 1, 1, 1, 1, 0, 1, 0, 1
4.877645458333333, 0, 1, 1, 1, 0, 1, 0, 1
4.877645541666667, 1, 1, 1, 1, 0, 1, 0, 1
4.877645583333334, 0, 1, 1, 1, 0, 1, 0, 1
4.877645666666667, 1, 1, 1, 1, 0, 1, 0, 1
4.877645708333334, 0, 1, 1, 1, 0, 1, 0, 1
4.877645791666667, 1, 1, 1, 1, 0, 1, 0, 1
4.877645833333333, 0, 1, 1, 1, 0, 1, 0, 1
4.877645916666667, 1, 1, 1, 1, 0, 1, 0, 1
4.877645958333334, 0, 1, 1, 1, 0, 1, 0, 1
4.877646041666667, 1, 1, 1, 1, 0, 1, 0, 1
4.877646083333333, 0, 1, 1, 1, 0, 1, 0, 1
4.877646166666667, 1, 1, 1, 1, 0, 1, 0, 1
4.877646208333334, 0, 1, 1, 1, 0, 1, 0, 1
4.877646291666667, 1, 1, 1, 1, 0, 1, 0, 1
4.877646333333334, 0, 1, 1, 1, 1, 1, 0, 1
4.877647291666667, 0, 1, 1, 1, 0, 1, 0, 1
4.877647333333334, 1, 1, 1, 1, 0, 1, 0, 1
4.877647416666667, 0, 1, 1, 1, 0, 1, 0, 1
4.877647458333334, 1, 1, 1, 1, 0, 1, 0, 1
4.877647541666667, 0, 1, 1, 1, 0, 1, 0, 1
4.877647583333333, 1, 1, 1, 1, 0, 1, 0, 1
4.877647666666667, 0, 1, 1, 1, 1, 1, 0, 1
4.877647708333334, 1, 1, 1, 1, 1, 1, 0, 1
4.877647791666667, 0, 1, 1, 1, 0, 1, 0, 1
4.877647833333334, 1, 1, 1, 1, 0, 1, 0, 1
4.877647916666667, 0, 1, 1, 1, 0, 1, 0, 1
4.877647958333333, 1, 1, 1, 1, 0, 1, 0, 1
4.877648041666667, 0, 1, 1, 1, 1, 1, 0, 1
4.877648083333334, 1, 1, 1, 1, 1, 1, 0, 1
4.877648166666667, 0, 1, 1, 1, 0, 1, 0, 1
4.877648208333333, 1, 1, 1, 1, 0, 1, 0, 1
4.877648291666667, 0, 1, 1, 1, 1, 1, 0, 1
4.877653333333334, 0, 1, 1, 1, 1, 1, 1, 1
4.877662083333334, 0, 1, 1, 1, 1, 1, 0, 1
4.877662791666667, 0, 1, 1, 1, 0, 1, 0, 1
4.877662833333334, 1, 1, 1, 1, 0, 1, 0, 1
4.877662916666667, 0, 1, 1, 1, 0, 1, 0, 1
4.877662958333334, 1, 1, 1, 1, 0, 1, 0, 1
4.877663041666667, 0, 1, 1, 1, 0, 1, 0, 1
4.877663083333333, 1, 1, 1, 1, 0, 1, 0, 1
4.877663166666667, 0, 1, 1, 1, 0, 1, 0, 1
4.877663208333334, 1, 1, 1, 1, 0, 1, 0, 1
4.877663291666667, 0, 1, 1, 1, 0, 1, 0, 1
4.877663333333333, 1, 1, 1, 1, 0, 1, 0, 1
4.877663416666667, 0, 1, 1, 1, 0, 1, 0, 1
4.877663458333334, 1, 1, 1, 1, 0, 1, 0, 1
4.877663541666667, 0, 1, 1, 1, 0, 1, 0, 1
4.877663583333334, 1, 1, 1, 1, 0, 1, 0, 1
4.877663666666667, 0, 1, 1, 1, 0, 1, 0, 1
4.877663708333333, 1, 1, 1, 1, 0, 1, 0, 1
4.877663791666667, 0, 1, 1, 1, 1, 1, 0, 1
4.877664791666667, 1, 1, 1, 1, 1, 1, 0, 1
4.877664833333333, 0, 1, 1, 1, 1, 1, 0, 1
4.877664916666667, 1, 1, 1, 1, 1, 1, 0, 1
4.877664958333334, 0, 1, 1, 1, 1, 1, 0, 1
4.877665041666667, 1, 1, 1, 1, 1, 1, 0, 1
4.877665083333333, 0, 1, 1, 1, 1, 1, 0, 1
4.877665166666667, 1, 1, 1, 1, 1, 1, 0, 1
4.877665208333334, 0, 1, 1, 1, 1, 1, 0, 1
4.877665291666667, 1, 1, 1, 1, 1, 1, 0, 1
4.877665333333334, 0, 1, 1, 1, 1, 1, 0, 1
4.877665416666667, 1, 1, 1, 1, 1, 1, 0, 1
4.877665458333333, 0, 1, 1, 1, 1, 1, 0, 1
4.877665541666667, 1, 1, 1, 1, 1, 1, 0, 1
4.877665583333334, 0, 1, 1, 1, 1, 1, 0, 1
4.877665666666667, 1, 1, 1, 1, 1, 1, 0, 1
4.877665708333334, 0, 1, 1, 1, 1, 1, 0, 1
4.877670791666667, 0, 1, 1, 1, 1, 1, 1, 1
4.877679541666667, 0, 1, 1, 1, 1, 1, 0, 1
4.877680208333333, 0, 1, 1, 1, 0, 1, 0, 1
4.877680291666667, 1, 1, 1, 1, 0, 1, 0, 1
4.877680333333334, 0, 1, 1, 1, 0, 1, 0, 1
4.877680416666667, 1, 1, 1, 1, 0, 1, 0, 1
4.877680458333334, 0, 1, 1, 1, 0, 1, 0, 1
4.877680541666667, 1, 1, 1, 1, 0, 1, 0, 1
4.877680583333333, 0, 1, 1, 1, 0, 1, 0, 1
4.877680666666667, 1, 1, 1, 1, 0, 1, 0, 1
4.877680708333334, 0, 1, 1, 1, 0, 1, 0, 1
4.877680791666667, 1, 1, 1, 1, 0, 1, 0, 1
4.877680833333334, 0, 1, 1, 1, 0, 1, 0, 1
4.877680916666667, 1, 1, 1, 1, 0, 1, 0, 1
4.877680958333333, 0, 1, 1, 1, 0, 1, 0, 1
4.877681041666667, 1, 1, 1, 1, 0, 1, 0, 1
4.877681083333334, 0, 1, 1, 1, 0, 1, 0, 1
4.877681166666667, 1, 1, 1, 1, 0, 1, 0, 1
4.877681208333334, 0, 1, 1, 1, 1, 1, 0, 1
4.877682166666667, 0, 1, 1, 1, 0, 1, 0, 1
4.877682208333334, 1, 1, 1, 1, 0, 1, 0, 1
4.877682291666667, 0, 1, 1, 1, 0, 1, 0, 1
4.877682333333333, 1, 1, 1, 1, 0, 1, 0, 1
4.877682416666667, 0, 1, 1, 1, 1, 1, 0, 1
4.877682458333334, 1, 1, 1, 1, 1, 1, 0, 1
4.877682541666667, 0, 1, 1, 1, 1, 1, 0, 1
4.877682583333334, 1, 1, 1, 1, 1, 1, 0, 1
4.877682666666667, 0, 1, 1, 1, 0, 1, 0, 1
4.877682708333333, 1, 1, 1, 1, 0, 1, 0, 1
4.877682791666667, 0, 1, 1, 1, 0, 1, 0, 1
4.877682833333334, 1, 1, 1, 1, 0, 1, 0, 1
4.877682916666667, 0, 1, 1, 1, 1, 1, 0, 1
4.877682958333334, 1, 1, 1, 1, 1, 1, 0, 1
4.877683041666667, 0, 1, 1, 1, 0, 1, 0, 1
4.877683083333333, 1, 1, 1, 1, 0, 1, 0, 1
4.877683166666667, 0, 1, 1, 1, 1, 1, 0, 1
4.877688208333334, 0, 1, 1, 1, 1, 1, 1, 1
4.877696958333334, 0, 1, 1, 1, 1, 1, 0, 1
4.877697666666667, 0, 1, 1, 1, 0, 1, 0, 1
4.877697708333334, 1, 1, 1, 1, 0, 1, 0, 1
4.877697791666667, 0, 1, 1, 1, 0, 1, 0, 1
4.877697833333333, 1, 1, 1, 1, 0, 1, 0, 1
4.877697916666667, 0, 1, 1, 1, 0, 1, 0, 1
4.877697958333334, 1, 1, 1, 1, 0, 1, 0, 1
4.877698041666667, 0, 1, 1, 1, 0, 1, 0, 1
4.877698083333334, 1, 1, 1, 1, 0, 1, 0, 1
4.877698166666667, 0, 1, 1, 1, 0, 1, 0, 1
4.877698208333333, 1, 1, 1, 1, 0, 1, 0, 1
4.877698291666667, 0, 1, 1, 1, 0, 1, 0, 1
4.877698333333334, 1, 1, 1, 1, 0, 1, 0, 1
4.877698416666667, 0, 1, 1, 1, 0, 1, 0, 1
4.877698458333334, 1, 1, 1, 1, 0, 1, 0, 1
4.877698541666667, 0, 1, 1, 1, 0, 1, 0, 1
4.877698583333333, 1, 1, 1, 1, 0, 1, 0, 1
4.877698666666667, 0, 1, 1, 1, 1, 1, 0, 1
4.877699583333333, 0, 1, 1, 1, 0, 1, 0, 1
4.877699666666667, 1, 1, 1, 1, 0, 1, 0, 1
4.877699708333334, 0, 1, 1, 1, 0, 1, 0, 1
4.877699791666667, 1, 1, 1, 1, 0, 1, 0, 1
4.877699833333334, 0, 1, 1, 1, 0, 1, 0, 1
4.877699916666667, 1, 1, 1, 1, 0, 1, 0, 1
4.877699958333333, 0, 1, 1, 1, 0, 1, 0, 1
4.877700041666667, 1, 1, 1, 1, 0, 1, 0, 1
4.877700083333334, 0, 1, 1, 1, 0, 1, 0, 1
4.877700166666667, 1, 1, 1, 1, 0, 1, 0, 1
4.877700208333334, 0, 1, 1, 1, 0, 1, 0, 1
4.877700291666667, 1, 1, 1, 1, 0, 1, 0, 1
4.877700333333333, 0, 1, 1, 1, 0, 1, 0, 1
4.877700416666667, 1, 1, 1, 1, 0, 1, 0, 1
4.877700458333334, 0, 1, 1, 1, 0, 1, 0, 1
4.877700541666667, 1, 1, 1, 1, 0, 1, 0, 1
4.877700583333334, 0, 1, 1, 1, 1, 1, 0, 1
4.877705666666667, 0, 1, 1, 1, 1, 1, 1, 1
4.877714291666667, 0, 1, 1, 1, 1, 1, 0, 1
4.877715041666667, 1, 1, 1, 1, 1, 1, 0, 1
4.877715083333333, 0, 1, 1, 1, 1, 1, 0, 1
4.877715166666667, 1, 1, 1, 1, 1, 1, 0, 1
4.877715208333334, 0, 1, 1, 1, 1, 1, 0, 1
4.877715291666667, 1, 1, 1, 1, 1, 1, 0, 1
4.877715333333334, 0, 1, 1, 1, 1, 1, 0, 1
4.877715416666667, 1, 1, 1, 1, 1, 1, 0, 1
4.877715458333333, 0, 1, 1, 1, 0, 1, 0, 1
4.877715541666667, 1, 1, 1, 1, 0, 1, 0, 1
4.877715583333334, 0, 1, 1, 1, 1, 1, 0, 1
4.877715666666667, 1, 1, 1, 1, 1, 1, 0, 1
4.877715708333334, 0, 1, 1, 1, 0, 1, 0, 1
4.877715791666667, 1, 1, 1, 1, 0, 1, 0, 1
4.877715833333333, 0, 1, 1, 1, 0, 1, 0, 1
4.877715916666667, 1, 1, 1, 1, 0, 1, 0, 1
4.877715958333334, 0, 1, 1, 1, 1, 1, 0, 1
4.877721041666667, 0, 1, 1, 1, 1, 1, 1, 1
4.877729791666667, 0, 1, 1, 1, 1, 1, 0, 1
4.877730458333334, 0, 1, 1, 1, 0, 1, 0, 1
4.877730541666667, 1, 1, 1, 1, 0, 1, 0, 1
4.877730583333333, 0, 1, 1, 1, 0, 1, 0, 1
4.877730666666667, 1, 1, 1, 1, 0, 1, 0, 1
4.877730708333334, 0, 1, 1, 1, 0, 1, 0, 1
4.877730791666667, 1, 1, 1, 1, 0, 1, 0, 1
4.877730833333334, 0, 1, 1, 1, 0, 1, 0, 1
4.877730916666667, 1, 1, 1, 1, 0, 1, 0, 1
4.877730958333333, 0, 1, 1, 1, 0, 1, 0, 1
4.877731041666667, 1, 1, 1, 1, 0, 1, 0, 1
4.877731083333334, 0, 1, 1, 1, 0, 1, 0, 1
4.877731166666667, 1, 1, 1, 1, 0, 1, 0, 1
4.877731208333334, 0, 1, 1, 1, 0, 1, 0, 1
4.877731291666667, 1, 1, 1, 1, 0, 1, 0, 1
4.877731333333333, 0, 1, 1, 1, 0, 1, 0, 1
4.877731416666667, 1, 1, 1, 1, 0, 1, 0, 1
4.877731458333334, 0, 1, 1, 1, 1, 1, 0, 1
4.877732416666667, 0, 1, 1, 1, 0, 1, 0, 1
4.877732458333334, 1, 1, 1, 1, 0, 1, 0, 1
4.877732541666667, 0, 1, 1, 1, 1, 1, 0, 1
4.877732583333334, 1, 1, 1, 1, 1, 1, 0, 1
4.877732666666667, 0, 1, 1, 1, 0, 1, 0, 1
4.877732708333333, 1, 1, 1, 1, 0, 1, 0, 1
4.877732791666667, 0, 1, 1, 1, 0, 1, 0, 1
4.877732833333334, 1, 1, 1, 1, 0, 1, 0, 1
4.877732916666667, 0, 1, 1, 1, 0, 1, 0, 1
4.877732958333334, 1, 1, 1, 1, 0, 1, 0, 1
4.877733041666667, 0, 1, 1, 1, 0, 1, 0, 1
4.877733083333333, 1, 1, 1, 1, 0, 1, 0, 1
4.877733166666667, 0, 1, 1, 1, 0, 1, 0, 1
4.877733208333334, 1, 1, 1, 1, 0, 1, 0, 1
4.877733291666667, 0, 1, 1, 1, 0, 1, 0, 1
4.877733333333333, 1, 1, 1, 1, 0, 1, 0, 1
4.877733416666667, 0, 1, 1, 1, 1, 1, 0, 1
4.877738458333334, 0, 1, 1, 1, 1, 1, 1, 1
4.877747208333334, 0, 1, 1, 1, 1, 1, 0, 1
4.877747916666667, 0, 1, 1, 1, 0, 1, 0, 1
4.877747958333334, 1, 1, 1, 1, 0, 1, 0, 1
4.877748041666667, 0, 1, 1, 1, 0, 1, 0, 1
4.877748083333334, 1, 1, 1, 1, 0, 1, 0, 1
4.877748166666667, 0, 1, 1, 1, 0, 1, 0, 1
4.877748208333333, 1, 1, 1, 1, 0, 1, 0, 1
4.877748291666667, 0, 1, 1, 1, 0, 1, 0, 1
4.877748333333334, 1, 1, 1, 1, 0, 1, 0, 1
4.877748416666667, 0, 1, 1, 1, 0, 1, 0, 1
4.877748458333333, 1, 1, 1, 1, 0, 1, 0, 1
4.877748541666667, 0, 1, 1, 1, 0, 1, 0, 1
4.877748583333334, 1, 1, 1, 1, 0, 1, 0, 1
4.877748666666667, 0, 1, 1, 1, 0, 1, 0, 1
4.877748708333334, 1, 1, 1, 1, 0, 1, 0, 1
4.877748791666667, 0, 1, 1, 1, 0, 1, 0, 1
4.877748833333333, 1, 1, 1, 1, 0, 1, 0, 1
4.877748916666667, 0, 1, 1, 1, 1, 1, 0, 1
4.877749833333334, 0, 1, 1, 1, 0, 1, 0, 1
4.877749916666667, 1, 1, 1, 1, 0, 1, 0, 1
4.877749958333333, 0, 1, 1, 1, 0, 1, 0, 1
4.877750041666667, 1, 1, 1, 1, 0, 1, 0, 1
4.877750083333334, 0, 1, 1, 1, 0, 1, 0, 1
4.877750166666667, 1, 1, 1, 1, 0, 1, 0, 1
4.877750208333334, 0, 1, 1, 1, 0, 1, 0, 1
4.877750291666667, 1, 1, 1, 1, 0, 1, 0, 1
4.877750333333333, 0, 1, 1, 1, 0, 1, 0, 1
4.877750416666667, 1, 1, 1, 1, 0, 1, 0, 1
4.877750458333334, 0, 1, 1, 1, 0, 1, 0, 1
4.877750541666667, 1, 1, 1, 1, 0, 1, 0, 1
4.877750583333333, 0, 1, 1, 1, 0, 1, 0, 1
4.877750666666667, 1, 1, 1, 1, 0, 1, 0, 1
4.877750708333334, 0, 1, 1, 1, 0, 1, 0, 1
4.877750791666667, 1, 1, 1, 1, 0, 1, 0, 1
4.877750833333334, 0, 1, 1, 1, 1, 1, 0, 1
4.877755916666667, 0, 1, 1, 1, 1, 1, 1, 1
4.877764666666667, 0, 1, 1, 1, 1, 1, 0, 1
4.877765333333334, 0, 1, 1, 1, 0, 1, 0, 1
4.877765416666667, 1, 1, 1, 1, 0, 1, 0, 1
4.877765500000001, 0, 1, 1, 1, 0, 1, 0, 1
4.877765541666667, 1, 1, 1, 1, 0, 1, 0, 1
4.877765625000000, 0, 1, 1, 1, 0, 1, 0, 1
4.877765666666667, 1, 1, 1, 1, 0, 1, 0, 1
4.877765750000000, 0, 1, 1, 1, 0, 1, 0, 1
4.877765791666667, 1, 1, 1, 1, 0, 1, 0, 1
4.877765875000001, 0, 1, 1, 1, 0, 1, 0, 1
4.877765916666667, 1, 1, 1, 1, 0, 1, 0, 1
4.877766000000000, 0, 1, 1, 1, 0, 1, 0, 1
4.877766041666667, 1, 1, 1, 1, 0, 1, 0, 1
4.877766125000000, 0, 1, 1, 1, 0, 1, 0, 1
4.877766166666667, 1, 1, 1, 1, 0, 1, 0, 1
4.877766250000001, 0, 1, 1, 1, 0, 1, 0, 1
4.877766291666667, 1, 1, 1, 1, 0, 1, 0, 1
4.877766333333334, 0, 1, 1, 1, 1, 1, 0, 1
4.877767291666667, 0, 1, 1, 1, 0, 1, 0, 1
4.877767333333334, 1, 1, 1, 1, 0, 1, 0, 1
4.877767416666667, 0, 1, 1, 1, 0, 1, 0, 1
4.877767458333333, 1, 1, 1, 1, 0, 1, 0, 1
4.877767541666667, 0, 1, 1, 1, 0, 1, 0, 1
4.877767583333334, 1, 1, 1, 1, 0, 1, 0, 1
4.877767666666667, 0, 1, 1, 1, 0, 1, 0, 1
4.877767708333334, 1, 1, 1, 1, 0, 1, 0, 1
4.877767791666667, 0, 1, 1, 1, 1, 1, 0, 1
4.877767833333333, 1, 1, 1, 1, 1, 1, 0, 1
4.877767916666667, 0, 1, 1, 1, 0, 1, 0, 1
4.877767958333334, 1, 1, 1, 1, 0, 1, 0, 1
4.877768041666667, 0, 1, 1, 1, 0, 1, 0, 1
4.877768083333334, 1, 1, 1, 1, 0, 1, 0, 1
4.877768166666667, 0, 1, 1, 1, 0, 1, 0, 1
4.877768208333333, 1, 1, 1, 1, 0, 1, 0, 1
4.877768291666667, 0, 1, 1, 1, 1, 1, 0, 1
4.877773333333334, 0, 1, 1, 1, 1, 1, 1, 1
4.877782083333334, 0, 1, 1, 1, 1, 1, 0, 1
4.877782791666667, 0, 1, 1, 1, 0, 1, 0, 1
4.877782833333334, 1, 1, 1, 1, 0, 1, 0, 1
4.877782916666667, 0, 1, 1, 1, 0, 1, 0, 1
4.877782958333333, 1, 1, 1, 1, 0, 1, 0, 1
4.877783041666667, 0, 1, 1, 1, 0, 1, 0, 1
4.877783083333334, 1, 1, 1, 1, 0, 1, 0, 1
4.877783166666667, 0, 1, 1, 1, 0, 1, 0, 1
4.877783208333334, 1, 1, 1, 1, 0, 1, 0, 1
4.877783291666667, 0, 1, 1, 1, 0, 1, 0, 1
4.877783333333333, 1, 1, 1, 1, 0, 1, 0, 1
4.877783416666667, 0, 1, 1, 1, 0, 1, 0, 1
4.877783458333334, 1, 1, 1, 1, 0, 1, 0, 1
4.877783541666667, 0, 1, 1, 1, 0, 1, 0, 1
4.877783583333334, 1, 1, 1, 1, 0, 1, 0, 1
4.877783666666667, 0, 1, 1, 1, 0, 1, 0, 1
4.877783708333333, 1, 1, 1, 1, 0, 1, 0, 1
4.877783791666667, 0, 1, 1, 1, 1, 1, 0, 1
4.877784791666667, 1, 1, 1, 1, 1, 1, 0, 1
4.877784875000001, 0, 1, 1, 1, 0, 1, 0, 1
4.877784916666667, 1, 1, 1, 1, 0, 1, 0, 1
4.877785000000000, 0, 1, 1, 1, 0, 1, 0, 1
4.877785041666667, 1, 1, 1, 1, 0, 1, 0, 1
4.877785083333333, 1, 1, 1, 1, 1, 1, 0, 1
4.877785125000000, 0, 1, 1, 1, 1, 1, 0, 1
4.877785166666667, 1, 1, 1, 1, 1, 1, 0, 1
4.877785250000001, 0, 1, 1, 1, 0, 1, 0, 1
4.877785291666667, 1, 1, 1, 1, 0, 1, 0, 1
4.877785375000000, 0, 1, 1, 1, 0, 1, 0, 1
4.877785416666667, 1, 1, 1, 1, 0, 1, 0, 1
4.877785500000000, 0, 1, 1, 1, 0, 1, 0, 1
4.877785541666667, 1, 1, 1, 1, 0, 1, 0, 1
4.877785583333334, 1, 1, 1, 1, 1, 1, 0, 1
4.877785625000000, 0, 1, 1, 1, 1, 1, 0, 1
4.877785666666667, 1, 1, 1, 1, 1, 1, 0, 1
4.877785750000000, 0, 1, 1, 1, 1, 1, 0, 1
4.877790791666667, 0, 1, 1, 1, 1, 1, 1, 1
4.877799541666667, 0, 1, 1, 1, 1, 1, 0, 1
4.877800208333333, 0, 1, 1, 1, 0, 1, 0, 1
4.877800291666667, 1, 1, 1, 1, 0, 1, 0, 1
4.877800375000001, 0, 1, 1, 1, 0, 1, 0, 1
4.877800416666667, 1, 1, 1, 1, 0, 1, 0, 1
4.877800500000000, 0, 1, 1, 1, 0, 1, 0, 1
4.877800541666667, 1, 1, 1, 1, 0, 1, 0, 1
4.877800625000000, 0, 1, 1, 1, 0, 1, 0, 1
4.877800666666667, 1, 1, 1, 1, 0, 1, 0, 1
4.877800750000000, 0, 1, 1, 1, 0, 1, 0, 1
4.877800791666667, 1, 1, 1, 1, 0, 1, 0, 1
4.877800875000000, 0, 1, 1, 1, 0, 1, 0, 1
4.877800916666667, 1, 1, 1, 1, 0, 1, 0, 1
4.877801000000001, 0, 1, 1, 1, 0, 1, 0, 1
4.877801041666667, 1, 1, 1, 1, 0, 1, 0, 1
4.877801125000000, 0, 1, 1, 1, 0, 1, 0, 1
4.877801166666667, 1, 1, 1, 1, 0, 1, 0, 1
4.877801208333334, 1, 1, 1, 1, 1, 1, 0, 1
4.877801250000000, 0, 1, 1, 1, 1, 1, 0, 1
4.877802166666667, 0, 1, 1, 1, 0, 1, 0, 1
4.877802208333334, 1, 1, 1, 1, 0, 1, 0, 1
4.877802291666667, 0, 1, 1, 1, 0, 1, 0, 1
4.877802333333333, 1, 1, 1, 1, 0, 1, 0, 1
4.877802416666667, 0, 1, 1, 1, 0, 1, 0, 1
4.877802458333334, 1, 1, 1, 1, 0, 1, 0, 1
4.877802541666667, 0, 1, 1, 1, 0, 1, 0, 1
4.877802583333334, 1, 1, 1, 1, 0, 1, 0, 1
4.877802666666667, 0, 1, 1, 1, 0, 1, 0, 1
4.877802708333333, 1, 1, 1, 1, 0, 1, 0, 1
4.877802791666667, 0, 1, 1, 1, 1, 1, 0, 1
4.877802833333334, 1, 1, 1, 1, 1, 1, 0, 1
4.877802916666667, 0, 1, 1, 1, 0, 1, 0, 1
4.877802958333334, 1, 1, 1, 1, 0, 1, 0, 1
4.877803041666667, 0, 1, 1, 1, 0, 1, 0, 1
4.877803083333333, 1, 1, 1, 1, 0, 1, 0, 1
4.877803166666667, 0, 1, 1, 1, 1, 1, 0, 1
4.877808208333334, 0, 1, 1, 1, 1, 1, 1, 1
4.877816833333334, 0, 1, 1, 1, 1, 1, 0, 1
4.877817583333334, 1, 1, 1, 1, 1, 1, 0, 1
4.877817666666667, 0, 1, 1, 1, 1, 1, 0, 1
4.877817708333334, 1, 1, 1, 1, 1, 1, 0, 1
4.877817791666667, 0, 1, 1, 1, 1, 1, 0, 1
4.877817833333333, 1, 1, 1, 1, 1, 1, 0, 1
4.877817916666667, 0, 1, 1, 1, 1, 1, 0, 1
4.877817958333334, 1, 1, 1, 1, 1, 1, 0, 1
4.877818041666667, 0, 1, 1, 1, 1, 1, 0, 1
4.877818083333334, 1, 1, 1, 1, 1, 1, 0, 1
4.877818166666667, 0, 1, 1, 1, 0, 1, 0, 1
4.877818208333333, 1, 1, 1, 1, 0, 1, 0, 1
4.877818291666667, 0, 1, 1, 1, 0, 1, 0, 1
4.877818333333334, 1, 1, 1, 1, 0, 1, 0, 1
4.877818416666667, 0, 1, 1, 1, 0, 1, 0, 1
4.877818458333333, 1, 1, 1, 1, 0, 1, 0, 1
4.877818541666667, 0, 1, 1, 1, 1, 1, 0, 1
4.877823583333334, 0, 1, 1, 1, 1, 1, 1, 1
4.877832333333334, 0, 1, 1, 1, 1, 1, 0, 1
4.877833041666667, 0, 1, 1, 1, 0, 1, 0, 1
4.877833083333334, 1, 1, 1, 1, 0, 1, 0, 1
4.877833166666667, 0, 1, 1, 1, 0, 1, 0, 1
4.877833208333334, 1, 1, 1, 1, 0, 1, 0, 1
4.877833291666667, 0, 1, 1, 1, 0, 1, 0, 1
4.877833333333333, 1, 1, 1, 1, 0, 1, 0, 1
4.877833416666667, 0, 1, 1, 1, 0, 1, 0, 1
4.877833458333334, 1, 1, 1, 1, 0, 1, 0, 1
4.877833541666667, 0, 1, 1, 1, 0, 1, 0, 1
4.877833583333334, 1, 1, 1, 1, 0, 1, 0, 1
4.877833666666667, 0, 1, 1, 1, 0, 1, 0, 1
4.877833708333334, 1, 1, 1, 1, 0, 1, 0, 1
4.877833791666667, 0, 1, 1, 1, 0, 1, 0, 1
4.877833833333334, 1, 1, 1, 1, 0, 1, 0, 1
4.877833916666667, 0, 1, 1, 1, 0, 1, 0, 1
4.877833958333333, 1, 1, 1, 1, 0, 1, 0, 1
4.877834041666667, 0, 1, 1, 1, 1, 1, 0, 1
4.877834958333334, 0, 1, 1, 1, 0, 1, 0, 1
4.877835041666667, 1, 1, 1, 1, 0, 1, 0, 1
4.877835125000001, 0, 1, 1, 1, 0, 1, 0, 1
4.877835166666667, 1, 1, 1, 1, 0, 1, 0, 1
4.877835208333334, 1, 1, 1, 1, 1, 1, 0, 1
4.877835250000000, 0, 1, 1, 1, 1, 1, 0, 1
4.877835291666667, 1, 1, 1, 1, 1, 1, 0, 1
4.877835375000000, 0, 1, 1, 1, 0, 1, 0, 1
4.877835416666667, 1, 1, 1, 1, 0, 1, 0, 1
4.877835500000001, 0, 1, 1, 1, 0, 1, 0, 1
4.877835541666667, 1, 1, 1, 1, 0, 1, 0, 1
4.877835625000000, 0, 1, 1, 1, 0, 1, 0, 1
4.877835666666667, 1, 1, 1, 1, 0, 1, 0, 1
4.877835750000000, 0, 1, 1, 1, 0, 1, 0, 1
4.877835791666667, 1, 1, 1, 1, 0, 1, 0, 1
4.877835833333334, 1, 1, 1, 1, 1, 1, 0, 1
4.877835875000001, 0, 1, 1, 1, 1, 1, 0, 1
4.877835916666667, 1, 1, 1, 1, 1, 1, 0, 1
4.877836000000000, 0, 1, 1, 1, 1, 1, 0, 1
4.877841041666667, 0, 1, 1, 1, 1, 1, 1, 1
4.877849791666667, 0, 1, 1, 1, 1, 1, 0, 1
4.877850500000000, 0, 1, 1, 1, 0, 1, 0, 1
4.877850541666667, 1, 1, 1, 1, 0, 1, 0, 1
4.877850625000001, 0, 1, 1, 1, 0, 1, 0, 1
4.877850666666667, 1, 1, 1, 1, 0, 1, 0, 1
4.877850750000000, 0, 1, 1, 1, 0, 1, 0, 1
4.877850791666667, 1, 1, 1, 1, 0, 1, 0, 1
4.877850875000000, 0, 1, 1, 1, 0, 1, 0, 1
4.877850916666667, 1, 1, 1, 1, 0, 1, 0, 1
4.877851000000001, 0, 1, 1, 1, 0, 1, 0, 1
4.877851041666667, 1, 1, 1, 1, 0, 1, 0, 1
4.877851125000000, 0, 1, 1, 1, 0, 1, 0, 1
4.877851166666667, 1, 1, 1, 1, 0, 1, 0, 1
4.877851250000000, 0, 1, 1, 1, 0, 1, 0, 1
4.877851291666667, 1, 1, 1, 1, 0, 1, 0, 1
4.877851375000001, 0, 1, 1, 1, 0, 1, 0, 1
4.877851416666667, 1, 1, 1, 1, 0, 1, 0, 1
4.877851458333334, 1, 1, 1, 1, 1, 1, 0, 1
4.877851500000000, 0, 1, 1, 1, 1, 1, 0, 1
4.877852416666667, 0, 1, 1, 1, 0, 1, 0, 1
4.877852458333334, 1, 1, 1, 1, 0, 1, 0, 1
4.877852541666667, 0, 1, 1, 1, 0, 1, 0, 1
4.877852583333333, 1, 1, 1, 1, 0, 1, 0, 1
4.877852666666667, 0, 1, 1, 1, 0, 1, 0, 1
4.877852708333334, 1, 1, 1, 1, 0, 1, 0, 1
4.877852791666667, 0, 1, 1, 1, 0, 1, 0, 1
4.877852833333334, 1, 1, 1, 1, 0, 1, 0, 1
4.877852916666667, 0, 1, 1, 1, 0, 1, 0, 1
4.877852958333333, 1, 1, 1, 1, 0, 1, 0, 1
4.877853041666667, 0, 1, 1, 1, 1, 1, 0, 1
4.877853083333334, 1, 1, 1, 1, 1, 1, 0, 1
4.877853166666667, 0, 1, 1, 1, 0, 1, 0, 1
4.877853208333334, 1, 1, 1, 1, 0, 1, 0, 1
4.877853291666667, 0, 1, 1, 1, 0, 1, 0, 1
4.877853333333333, 1, 1, 1, 1, 0, 1, 0, 1
4.877853416666667, 0, 1, 1, 1, 1, 1, 0, 1
4.877858458333334, 0, 1, 1, 1, 1, 1, 1, 1
4.877867083333333, 0, 1, 1, 1, 1, 1, 0, 1
4.877867791666667, 0, 1, 1, 1, 0, 1, 0, 1
4.877867833333334, 1, 1, 1, 1, 0, 1, 0, 1
4.877867916666667, 0, 1, 1, 1, 0, 1, 0, 1
4.877867958333334, 1, 1, 1, 1, 0, 1, 0, 1
4.877868041666667, 0, 1, 1, 1, 1, 1, 0, 1
4.877868083333333, 1, 1, 1, 1, 1, 1, 0, 1
4.877868166666667, 0, 1, 1, 1, 1, 1, 0, 1
4.877868208333334, 1, 1, 1, 1, 1, 1, 0, 1
4.877868291666667, 0, 1, 1, 1, 1, 1, 0, 1
4.877868333333334, 1, 1, 1, 1, 1, 1, 0, 1
4.877868416666667, 0, 1, 1, 1, 0, 1, 0, 1
4.877868458333333, 1, 1, 1, 1, 0, 1, 0, 1
4.877868541666667, 0, 1, 1, 1, 1, 1, 0, 1
4.877868583333334, 1, 1, 1, 1, 1, 1, 0, 1
4.877868666666667, 0, 1, 1, 1, 0, 1, 0, 1
4.877868708333334, 1, 1, 1, 1, 0, 1, 0, 1
4.877868791666667, 0, 1, 1, 1, 1, 1, 0, 1
4.877873833333334, 0, 1, 1, 1, 1, 1, 1, 1
4.877882625000001, 0, 1, 1, 1, 1, 1, 0, 1
4.877883291666667, 0, 1, 1, 1, 0, 1, 0, 1
4.877883333333334, 1, 1, 1, 1, 0, 1, 0, 1
4.877883416666667, 0, 1, 1, 1, 0, 1, 0, 1
4.877883458333334, 1, 1, 1, 1, 0, 1, 0, 1
4.877883541666667, 0, 1, 1, 1, 0, 1, 0, 1
4.877883583333333, 1, 1, 1, 1, 0, 1, 0, 1
4.877883666666667, 0, 1, 1, 1, 0, 1, 0, 1
4.877883708333334, 1, 1, 1, 1, 0, 1, 0, 1
4.877883791666667, 0, 1, 1, 1, 0, 1, 0, 1
4.877883833333334, 1, 1, 1, 1, 0, 1, 0, 1
4.877883916666667, 0, 1, 1, 1, 0, 1, 0, 1
4.877883958333333, 1, 1, 1, 1, 0, 1, 0, 1
4.877884041666667, 0, 1, 1, 1, 0, 1, 0, 1
4.877884083333334, 1, 1, 1, 1, 0, 1, 0, 1
4.877884166666667, 0, 1, 1, 1, 0, 1, 0, 1
4.877884208333334, 1, 1, 1, 1, 0, 1, 0, 1
4.877884291666667, 0, 1, 1, 1, 1, 1, 0, 1
4.877885250000000, 0, 1, 1, 1, 0, 1, 0, 1
4.877885291666667, 1, 1, 1, 1, 0, 1, 0, 1
4.877885333333333, 1, 1, 1, 1, 1, 1, 0, 1
4.877885375000000, 0, 1, 1, 1, 1, 1, 0, 1
4.877885416666667, 1, 1, 1, 1, 1, 1, 0, 1
4.877885500000001, 0, 1, 1, 1, 0, 1, 0, 1
4.877885541666667, 1, 1, 1, 1, 0, 1, 0, 1
4.877885583333334, 1, 1, 1, 1, 1, 1, 0, 1
4.877885625000000, 0, 1, 1, 1, 1, 1, 0, 1
4.877885666666667, 1, 1, 1, 1, 1, 1, 0, 1
4.877885750000000, 0, 1, 1, 1, 0, 1, 0, 1
4.877885791666667, 1, 1, 1, 1, 0, 1, 0, 1
4.877885833333334, 1, 1, 1, 1, 1, 1, 0, 1
4.877885875000000, 0, 1, 1, 1, 1, 1, 0, 1
4.877885916666667, 1, 1, 1, 1, 1, 1, 0, 1
4.877886000000000, 0, 1, 1, 1, 0, 1, 0, 1
4.877886041666667, 1, 1, 1, 1, 0, 1, 0, 1
4.877886083333333, 1, 1, 1, 1, 1, 1, 0, 1
4.877886125000001, 0, 1, 1, 1, 1, 1, 0, 1
4.877886166666667, 1, 1, 1, 1, 1, 1, 0, 1
4.877886250000000, 0, 1, 1, 1, 1, 1, 0, 1
4.877891291666667, 0, 1, 1, 1, 1, 1, 1, 1
4.877901041666667, 0, 1, 1, 1, 1, 1, 0, 1
4.877901791666667, 1, 1, 1, 1, 1, 1, 0, 1
4.877901875000000, 0, 1, 1, 1, 0, 1, 0, 1
4.877901916666667, 1, 1, 1, 1, 0, 1, 0, 1
4.877901958333334, 1, 1, 1, 1, 1, 1, 0, 1
4.877902000000001, 0, 1, 1, 1, 1, 1, 0, 1
4.877902041666667, 1, 1, 1, 1, 1, 1, 0, 1
4.877902125000000, 0, 1, 1, 1, 1, 1, 0, 1
4.877902166666667, 1, 1, 1, 1, 1, 1, 0, 1
4.877902250000000, 0, 1, 1, 1, 0, 1, 0, 1
4.877902291666667, 1, 1, 1, 1, 0, 1, 0, 1
4.877902333333334, 1, 1, 1, 1, 1, 1, 0, 1
4.877902375000001, 0, 1, 1, 1, 1, 1, 0, 1
4.877902416666667, 1, 1, 1, 1, 1, 1, 0, 1
4.877902500000000, 0, 1, 1, 1, 1, 1, 0, 1
4.877902541666667, 1, 1, 1, 1, 1, 1, 0, 1
4.877902625000000, 0, 1, 1, 1, 0, 1, 0, 1
4.877902666666667, 1, 1, 1, 1, 0, 1, 0, 1
4.877902708333334, 1, 1, 1, 1, 1, 1, 0, 1
4.877902750000001, 0, 1, 1, 1, 1, 1, 0, 1
4.877907791666667, 0, 1, 1, 1, 1, 1, 1, 1
4.877916541666667, 0, 1, 1, 1, 1, 1, 0, 1
4.877917250000000, 0, 1, 1, 1, 0, 1, 0, 1
4.877917291666667, 1, 1, 1, 1, 0, 1, 0, 1
4.877917375000000, 0, 1, 1, 1, 0, 1, 0, 1
4.877917416666667, 1, 1, 1, 1, 0, 1, 0, 1
4.877917500000001, 0, 1, 1, 1, 0, 1, 0, 1
4.877917541666667, 1, 1, 1, 1, 0, 1, 0, 1
4.877917625000000, 0, 1, 1, 1, 0, 1, 0, 1
4.877917666666667, 1, 1, 1, 1, 0, 1, 0, 1
4.877917750000000, 0, 1, 1, 1, 0, 1, 0, 1
4.877917791666667, 1, 1, 1, 1, 0, 1, 0, 1
4.877917875000001, 0, 1, 1, 1, 0, 1, 0, 1
4.877917916666667, 1, 1, 1, 1, 0, 1, 0, 1
4.877918000000000, 0, 1, 1, 1, 0, 1, 0, 1
4.877918041666667, 1, 1, 1, 1, 0, 1, 0, 1
4.877918125000000, 0, 1, 1, 1, 0, 1, 0, 1
4.877918166666667, 1, 1, 1, 1, 0, 1, 0, 1
4.877918208333334, 1, 1, 1, 1, 1, 1, 0, 1
4.877918250000000, 0, 1, 1, 1, 1, 1, 0, 1
4.877919166666667, 0, 1, 1, 1, 0, 1, 0, 1
4.877919208333334, 1, 1, 1, 1, 0, 1, 0, 1
4.877919291666667, 0, 1, 1, 1, 0, 1, 0, 1
4.877919333333334, 1, 1, 1, 1, 0, 1, 0, 1
4.877919416666667, 0, 1, 1, 1, 0, 1, 0, 1
4.877919458333333, 1, 1, 1, 1, 0, 1, 0, 1
4.877919541666667, 0, 1, 1, 1, 0, 1, 0, 1
4.877919583333334, 1, 1, 1, 1, 0, 1, 0, 1
4.877919666666667, 0, 1, 1, 1, 0, 1, 0, 1
4.877919708333334, 1, 1, 1, 1, 0, 1, 0, 1
4.877919791666667, 0, 1, 1, 1, 0, 1, 0, 1
4.877919833333333, 1, 1, 1, 1, 0, 1, 0, 1
4.877919916666667, 0, 1, 1, 1, 0, 1, 0, 1
4.877919958333334, 1, 1, 1, 1, 0, 1, 0, 1
4.877920041666667, 0, 1, 1, 1, 0, 1, 0, 1
4.877920083333334, 1, 1, 1, 1, 0, 1, 0, 1
4.877920166666667, 0, 1, 1, 1, 1, 1, 0, 1
4.877925208333334, 0, 1, 1, 1, 1, 1, 1, 1
4.877934000000001, 0, 1, 1, 1, 1, 1, 0, 1
4.877934666666667, 0, 1, 1, 1, 0, 1, 0, 1
4.877934750000001, 1, 1, 1, 1, 0, 1, 0, 1
4.877934791666667, 0, 1, 1, 1, 0, 1, 0, 1
4.877934875000000, 1, 1, 1, 1, 0, 1, 0, 1
4.877934916666667, 0, 1, 1, 1, 0, 1, 0, 1
4.877935000000000, 1, 1, 1, 1, 0, 1, 0, 1
4.877935041666667, 0, 1, 1, 1, 0, 1, 0, 1
4.877935125000000, 1, 1, 1, 1, 0, 1, 0, 1
4.877935166666667, 0, 1, 1, 1, 0, 1, 0, 1
4.877935250000000, 1, 1, 1, 1, 0, 1, 0, 1
4.877935291666667, 0, 1, 1, 1, 0, 1, 0, 1
4.877935375000001, 1, 1, 1, 1, 0, 1, 0, 1
4.877935416666667, 0, 1, 1, 1, 0, 1, 0, 1
4.877935500000000, 1, 1, 1, 1, 0, 1, 0, 1
4.877935541666667, 0, 1, 1, 1, 0, 1, 0, 1
4.877935625000000, 1, 1, 1, 1, 0, 1, 0, 1
4.877935666666667, 0, 1, 1, 1, 1, 1, 0, 1
4.877936625000000, 0, 1, 1, 1, 0, 1, 0, 1
4.877936666666667, 1, 1, 1, 1, 0, 1, 0, 1
4.877936750000000, 0, 1, 1, 1, 1, 1, 0, 1
4.877936791666667, 1, 1, 1, 1, 1, 1, 0, 1
4.877936875000001, 0, 1, 1, 1, 1, 1, 0, 1
4.877936916666667, 1, 1, 1, 1, 1, 1, 0, 1
4.877937000000000, 0, 1, 1, 1, 0, 1, 0, 1
4.877937041666667, 1, 1, 1, 1, 0, 1, 0, 1
4.877937125000000, 0, 1, 1, 1, 0, 1, 0, 1
4.877937166666667, 1, 1, 1, 1, 0, 1, 0, 1
4.877937250000000, 0, 1, 1, 1, 0, 1, 0, 1
4.877937291666667, 1, 1, 1, 1, 0, 1, 0, 1
4.877937375000000, 0, 1, 1, 1, 1, 1, 0, 1
4.877937416666667, 1, 1, 1, 1, 1, 1, 0, 1
4.877937500000001, 0, 1, 1, 1, 0, 1, 0, 1
4.877937541666667, 1, 1, 1, 1, 0, 1, 0, 1
4.877937625000000, 0, 1, 1, 1, 1, 1, 0, 1
4.877942666666667, 0, 1, 1, 1, 1, 1, 1, 1
4.877951291666667, 0, 1, 1, 1, 1, 1, 0, 1
4.877952000000001, 0, 1, 1, 1, 0, 1, 0, 1
4.877952041666667, 1, 1, 1, 1, 0, 1, 0, 1
4.877952125000000, 0, 1, 1, 1, 0, 1, 0, 1
4.877952166666667, 1, 1, 1, 1, 0, 1, 0, 1
4.877952250000000, 0, 1, 1, 1, 1, 1, 0, 1
4.877952291666667, 1, 1, 1, 1, 1, 1, 0, 1
4.877952375000000, 0, 1, 1, 1, 1, 1, 0, 1
4.877952416666667, 1, 1, 1, 1, 1, 1, 0, 1
4.877952500000000, 0, 1, 1, 1, 0, 1, 0, 1
4.877952541666667, 1, 1, 1, 1, 0, 1, 0, 1
4.877952625000001, 0, 1, 1, 1, 1, 1, 0, 1
4.877952666666667, 1, 1, 1, 1, 1, 1, 0, 1
4.877952750000000, 0, 1, 1, 1, 1, 1, 0, 1
4.877952791666667, 1, 1, 1, 1, 1, 1, 0, 1
4.877952875000000, 0, 1, 1, 1, 0, 1, 0, 1
4.877952916666667, 1, 1, 1, 1, 0, 1, 0, 1
4.877953000000001, 0, 1, 1, 1, 1, 1, 0, 1
4.877958041666667, 0, 1, 1, 1, 1, 1, 1, 1
4.877966791666667, 0, 1, 1, 1, 1, 1, 0, 1
4.877967500000000, 0, 1, 1, 1, 0, 1, 0, 1
4.877967541666667, 1, 1, 1, 1, 0, 1, 0, 1
4.877967625000000, 0, 1, 1, 1, 0, 1, 0, 1
4.877967666666667, 1, 1, 1, 1, 0, 1, 0, 1
4.877967750000001, 0, 1, 1, 1, 0, 1, 0, 1
4.877967791666667, 1, 1, 1, 1, 0, 1, 0, 1
4.877967875000000, 0, 1, 1, 1, 0, 1, 0, 1
4.877967916666667, 1, 1, 1, 1, 0, 1, 0, 1
4.877968000000000, 0, 1, 1, 1, 0, 1, 0, 1
4.877968041666667, 1, 1, 1, 1, 0, 1, 0, 1
4.877968125000001, 0, 1, 1, 1, 0, 1, 0, 1
4.877968166666667, 1, 1, 1, 1, 0, 1, 0, 1
4.877968250000000, 0, 1, 1, 1, 0, 1, 0, 1
4.877968291666667, 1, 1, 1, 1, 0, 1, 0, 1
4.877968375000000, 0, 1, 1, 1, 0, 1, 0, 1
4.877968416666667, 1, 1, 1, 1, 0, 1, 0, 1
4.877968500000001, 0, 1, 1, 1, 1, 1, 0, 1
4.877969416666667, 0, 1, 1, 1, 0, 1, 0, 1
4.877969500000001, 1, 1, 1, 1, 0, 1, 0, 1
4.877969541666667, 0, 1, 1, 1, 0, 1, 0, 1
4.877969625000000, 1, 1, 1, 1, 0, 1, 0, 1
4.877969666666667, 0, 1, 1, 1, 1, 1, 0, 1
4.877969750000000, 1, 1, 1, 1, 1, 1, 0, 1
4.877969791666667, 0, 1, 1, 1, 0, 1, 0, 1
4.877969875000001, 1, 1, 1, 1, 0, 1, 0, 1
4.877969916666667, 0, 1, 1, 1, 1, 1, 0, 1
4.877970000000000, 1, 1, 1, 1, 1, 1, 0, 1
4.877970041666667, 0, 1, 1, 1, 0, 1, 0, 1
4.877970125000000, 1, 1, 1, 1, 0, 1, 0, 1
4.877970166666667, 0, 1, 1, 1, 0, 1, 0, 1
4.877970250000001, 1, 1, 1, 1, 0, 1, 0, 1
4.877970291666667, 0, 1, 1, 1, 0, 1, 0, 1
4.877970375000000, 1, 1, 1, 1, 0, 1, 0, 1
4.877970416666667, 0, 1, 1, 1, 1, 1, 0, 1
4.877975458333333, 0, 1, 1, 1, 1, 1, 1, 1
5.077997416666667, 0, 1, 1, 1, 1, 1, 0, 1
5.077998125000001, 0, 1, 1, 1, 0, 1, 0, 1
5.077998166666667, 1, 1, 1, 1, 0, 1, 0, 1
5.077998250000000, 0, 1, 1, 1, 0, 1, 0, 1
5.077998291666667, 1, 1, 1, 1, 0, 1, 0, 1
5.077998375000000, 0, 1, 1, 1, 0, 1, 0, 1
5.077998416666667, 1, 1, 1, 1, 0, 1, 0, 1
5.077998500000001, 0, 1, 1, 1, 1, 1, 0, 1
5.077998541666667, 1, 1, 1, 1, 1, 1, 0, 1
5.077998625000000, 0, 1, 1, 1, 0, 1, 0, 1
5.077998666666667, 1, 1, 1, 1, 0, 1, 0, 1
5.077998750000000, 0, 1, 1, 1, 0, 1, 0, 1
5.077998791666667, 1, 1, 1, 1, 0, 1, 0, 1
5.077998875000000, 0, 1, 1, 1, 0, 1, 0, 1
5.077998916666667, 1, 1, 1, 1, 0, 1, 0, 1
5.077999000000000, 0, 1, 1, 1, 1, 1, 0, 1
5.077999041666667, 1, 1, 1, 1, 1, 1, 0, 1
5.077999125000001, 0, 1, 1, 1, 1, 1, 0, 1
5.078004166666667, 0, 1, 1, 1, 1, 1, 1, 1
5.198023416666667, 0, 1, 1, 1, 1, 1, 0, 1
5.198024125000000, 0, 1, 1, 1, 0, 1, 0, 1
5.198024166666667, 1, 1, 1, 1, 0, 1, 0, 1
5.198024250000000, 0, 1, 1, 1, 0, 1, 0, 1
5.198024291666667, 1, 1, 1, 1, 0, 1, 0, 1
5.198024333333334, 1, 1, 1, 1, 1, 1, 0, 1
5.198024375000000, 0, 1, 1, 1, 1, 1, 0, 1
5.198024416666667, 1, 1, 1, 1, 1, 1, 0, 1
5.198024500000001, 0, 1, 1, 1, 0, 1, 0, 1
5.198024541666667, 1, 1, 1, 1, 0, 1, 0, 1
5.198024583333334, 1, 1, 1, 1, 1, 1, 0, 1
5.198024625000000, 0, 1, 1, 1, 1, 1, 0, 1
5.198024666666667, 1, 1, 1, 1, 1, 1, 0, 1
5.198024750000000, 0, 1, 1, 1, 0, 1, 0, 1
5.198024791666667, 1, 1, 1, 1, 0, 1, 0, 1
5.198024875000001, 0, 1, 1, 1, 0, 1, 0, 1
5.198024916666667, 1, 1, 1, 1, 0, 1, 0, 1
5.198024958333334, 1, 1, 1, 1, 1, 1, 0, 1
5.198025000000000, 0, 1, 1, 1, 1, 1, 0, 1
5.198025041666667, 1, 1, 1, 1, 1, 1, 0, 1
5.198025125000000, 0, 1, 1, 1, 1, 1, 0, 1
5.198030166666667, 0, 1, 1, 1, 1, 1, 1, 1
5.198048250000000, 0, 1, 1, 1, 1, 1, 0, 1
5.198048916666667, 0, 1, 1, 1, 0, 1, 0, 1
5.198048958333334, 1, 1, 1, 1, 0, 1, 0, 1
5.198049041666667, 0, 1, 1, 1, 0, 1, 0, 1
5.198049083333333, 1, 1, 1, 1, 0, 1, 0, 1
5.198049166666667, 0, 1, 1, 1, 1, 1, 0, 1
5.198049208333334, 1, 1, 1, 1, 1, 1, 0, 1
5.198049291666667, 0, 1, 1, 1, 0, 1, 0, 1
5.198049333333334, 1, 1, 1, 1, 0, 1, 0, 1
5.198049416666667, 0, 1, 1, 1, 1, 1, 0, 1
5.198049458333333, 1, 1, 1, 1, 1, 1, 0, 1
5.198049541666667, 0, 1, 1, 1, 0, 1, 0, 1
5.198049583333334, 1, 1, 1, 1, 0, 1, 0, 1
5.198049666666667, 0, 1, 1, 1, 1, 1, 0, 1
5.198049708333333, 1, 1, 1, 1, 1, 1, 0, 1
5.198049791666667, 0, 1, 1, 1, 0, 1, 0, 1
5.198049833333334, 1, 1, 1, 1, 0, 1, 0, 1
5.198049916666667, 0, 1, 1, 1, 1, 1, 0, 1
5.198054958333334, 0, 1, 1, 1, 1, 1, 1, 1
5.198063750000000, 0, 1, 1, 1, 1, 1, 0, 1
5.198064416666667, 0, 1, 1, 1, 0, 1, 0, 1
5.198064500000000, 1, 1, 1, 1, 0, 1, 0, 1
5.198064541666667, 0, 1, 1, 1, 0, 1, 0, 1
5.198064625000001, 1, 1, 1, 1, 0, 1, 0, 1
5.198064666666667, 0, 1, 1, 1, 0, 1, 0, 1
5.198064750000000, 1, 1, 1, 1, 0, 1, 0, 1
5.198064791666667, 0, 1, 1, 1, 0, 1, 0, 1
5.198064875000000, 1, 1, 1, 1, 0, 1, 0, 1
5.198064916666667, 0, 1, 1, 1, 0, 1, 0, 1
5.198065000000001, 1, 1, 1, 1, 0, 1, 0, 1
5.198065041666667, 0, 1, 1, 1, 0, 1, 0, 1
5.198065125000000, 1, 1, 1, 1, 0, 1, 0, 1
5.198065166666667, 0, 1, 1, 1, 0, 1, 0, 1
5.198065250000000, 1, 1, 1, 1, 0, 1, 0, 1
5.198065291666667, 0, 1, 1, 1, 0, 1, 0, 1
5.198065375000001, 1, 1, 1, 1, 0, 1, 0, 1
5.198065416666667, 0, 1, 1, 1, 1, 1, 0, 1
5.198066375000001, 0, 1, 1, 1, 0, 1, 0, 1
5.198066416666667, 1, 1, 1, 1, 0, 1, 0, 1
5.198066500000000, 0, 1, 1, 1, 0, 1, 0, 1
5.198066541666667, 1, 1, 1, 1, 0, 1, 0, 1
5.198066625000000, 0, 1, 1, 1, 0, 1, 0, 1
5.198066666666667, 1, 1, 1, 1, 0, 1, 0, 1
5.198066750000001, 0, 1, 1, 1, 0, 1, 0, 1
5.198066791666667, 1, 1, 1, 1, 0, 1, 0, 1
5.198066875000000, 0, 1, 1, 1, 0, 1, 0, 1
5.198066916666667, 1, 1, 1, 1, 0, 1, 0, 1
5.198067000000000, 0, 1, 1, 1, 0, 1, 0, 1
5.198067041666667, 1, 1, 1, 1, 0, 1, 0, 1
5.198067125000001, 0, 1, 1, 1, 0, 1, 0, 1
5.198067166666667, 1, 1, 1, 1, 0, 1, 0, 1
5.198067250000000, 0, 1, 1, 1, 0, 1, 0, 1
5.198067291666667, 1, 1, 1, 1, 0, 1, 0, 1
5.198067375000000, 0, 1, 1, 1, 1, 1, 0, 1
5.198072416666667, 0, 1, 1, 1, 1, 1, 1, 1
5.198081166666667, 0, 1, 1, 1, 1, 1, 0, 1
5.198081875000001, 0, 1, 1, 1, 0, 1, 0, 1
5.198081916666667, 1, 1, 1, 1, 0, 1, 0, 1
5.198082000000000, 0, 1, 1, 1, 0, 1, 0, 1
5.198082041666667, 1, 1, 1, 1, 0, 1, 0, 1
5.198082125000000, 0, 1, 1, 1, 0, 1, 0, 1
5.198082166666667, 1, 1, 1, 1, 0, 1, 0, 1
5.198082250000001, 0, 1, 1, 1, 0, 1, 0, 1
5.198082291666667, 1, 1, 1, 1, 0, 1, 0, 1
5.198082375000000, 0, 1, 1, 1, 0, 1, 0, 1
5.198082416666667, 1, 1, 1, 1, 0, 1, 0, 1
5.198082500000000, 0, 1, 1, 1, 0, 1, 0, 1
5.198082541666667, 1, 1, 1, 1, 0, 1, 0, 1
5.198082625000001, 0, 1, 1, 1, 0, 1, 0, 1
5.198082666666667, 1, 1, 1, 1, 0, 1, 0, 1
5.198082750000000, 0, 1, 1, 1, 0, 1, 0, 1
5.198082791666667, 1, 1, 1, 1, 0, 1, 0, 1
5.198082875000000, 0, 1, 1, 1, 1, 1, 0, 1
5.198083791666667, 0, 1, 1, 1, 0, 1, 0, 1
5.198083875000000, 1, 1, 1, 1, 0, 1, 0, 1
5.198083916666667, 0, 1, 1, 1, 0, 1, 0, 1
5.198084000000001, 1, 1, 1, 1, 0, 1, 0, 1
5.198084041666667, 0, 1, 1, 1, 0, 1, 0, 1
5.198084125000000, 1, 1, 1, 1, 0, 1, 0, 1
5.198084166666667, 0, 1, 1, 1, 0, 1, 0, 1
5.198084250000000, 1, 1, 1, 1, 0, 1, 0, 1
5.198084291666667, 0, 1, 1, 1, 0, 1, 0, 1
5.198084375000001, 1, 1, 1, 1, 0, 1, 0, 1
5.198084416666667, 0, 1, 1, 1, 0, 1, 0, 1
5.198084500000000, 1, 1, 1, 1, 0, 1, 0, 1
5.198084541666667, 0, 1, 1, 1, 0, 1, 0, 1
5.198084625000000, 1, 1, 1, 1, 0, 1, 0, 1
5.198084666666667, 0, 1, 1, 1, 0, 1, 0, 1
5.198084750000000, 1, 1, 1, 1, 0, 1, 0, 1
5.198084791666667, 0, 1, 1, 1, 1, 1, 0, 1
5.198089833333333, 0, 1, 1, 1, 1, 1, 1, 1
5.198098791666667, 0, 1, 1, 1, 1, 1, 0, 1
5.198099500000001, 0, 1, 1, 1, 0, 1, 0, 1
5.198099541666667, 1, 1, 1, 1, 0, 1, 0, 1
5.198099625000000, 0, 1, 1, 1, 0, 1, 0, 1
5.198099666666667, 1, 1, 1, 1, 0, 1, 0, 1
5.198099750000000, 0, 1, 1, 1, 0, 1, 0, 1
5.198099791666667, 1, 1, 1, 1, 0, 1, 0, 1
5.198099875000000, 0, 1, 1, 1, 0, 1, 0, 1
5.198099916666667, 1, 1, 1, 1, 0, 1, 0, 1
5.198100000000000, 0, 1, 1, 1, 0, 1, 0, 1
5.198100041666667, 1, 1, 1, 1, 0, 1, 0, 1
5.198100125000001, 0, 1, 1, 1, 0, 1, 0, 1
5.198100166666667, 1, 1, 1, 1, 0, 1, 0, 1
5.198100250000000, 0, 1, 1, 1, 0, 1, 0, 1
5.198100291666667, 1, 1, 1, 1, 0, 1, 0, 1
5.198100375000000, 0, 1, 1, 1, 0, 1, 0, 1
5.198100416666667, 1, 1, 1, 1, 0, 1, 0, 1
5.198100500000001, 0, 1, 1, 1, 1, 1, 0, 1
5.198101416666667, 0, 1, 1, 1, 0, 1, 0, 1
5.198101500000000, 1, 1, 1, 1, 0, 1, 0, 1
5.198101541666667, 0, 1, 1, 1, 0, 1, 0, 1
5.198101625000001, 1, 1, 1, 1, 0, 1, 0, 1
5.198101666666667, 0, 1, 1, 1, 0, 1, 0, 1
5.198101750000000, 1, 1, 1, 1, 0, 1, 0, 1
5.198101791666667, 0, 1, 1, 1, 0, 1, 0, 1
5.198101875000000, 1, 1, 1, 1, 0, 1, 0, 1
5.198101916666667, 0, 1, 1, 1, 0, 1, 0, 1
5.198102000000000, 1, 1, 1, 1, 0, 1, 0, 1
5.198102041666667, 0, 1, 1, 1, 0, 1, 0, 1
5.198102125000000, 1, 1, 1, 1, 0, 1, 0, 1
5.198102166666667, 0, 1, 1, 1, 0, 1, 0, 1
5.198102250000001, 1, 1, 1, 1, 0, 1, 0, 1
5.198102291666667, 0, 1, 1, 1, 1, 1, 0, 1
5.198102375000000, 1, 1, 1, 1, 1, 1, 0, 1
5.198102416666667, 0, 1, 1, 1, 1, 1, 0, 1
5.198107458333333, 0, 1, 1, 1, 1, 1, 1, 1
5.198116291666667, 0, 1, 1, 1, 1, 1, 0, 1
5.198117000000000, 0, 1, 1, 1, 0, 1, 0, 1
5.198117041666667, 1, 1, 1, 1, 0, 1, 0, 1
5.198117125000000, 0, 1, 1, 1, 0, 1, 0, 1
5.198117166666667, 1, 1, 1, 1, 0, 1, 0, 1
5.198117250000000, 0, 1, 1, 1, 0, 1, 0, 1
5.198117291666667, 1, 1, 1, 1, 0, 1, 0, 1
5.198117375000001, 0, 1, 1, 1, 0, 1, 0, 1
5.198117416666667, 1, 1, 1, 1, 0, 1, 0, 1
5.198117500000000, 0, 1, 1, 1, 0, 1, 0, 1
5.198117541666667, 1, 1, 1, 1, 0, 1, 0, 1
5.198117625000000, 0, 1, 1, 1, 0, 1, 0, 1
5.198117666666667, 1, 1, 1, 1, 0, 1, 0, 1
5.198117750000001, 0, 1, 1, 1, 0, 1, 0, 1
5.198117791666667, 1, 1, 1, 1, 0, 1, 0, 1
5.198117875000000, 0, 1, 1, 1, 0, 1, 0, 1
5.198117916666667, 1, 1, 1, 1, 0, 1, 0, 1
5.198118000000000, 0, 1, 1, 1, 1, 1, 0, 1
5.198119000000000, 1, 1, 1, 1, 1, 1, 0, 1
5.198119041666667, 0, 1, 1, 1, 1, 1, 0, 1
5.198119125000001, 1, 1, 1, 1, 1, 1, 0, 1
5.198119166666667, 0, 1, 1, 1, 0, 1, 0, 1
5.198119250000000, 1, 1, 1, 1, 0, 1, 0, 1
5.198119291666667, 0, 1, 1, 1, 1, 1, 0, 1
5.198119375000000, 1, 1, 1, 1, 1, 1, 0, 1
5.198119416666667, 0, 1, 1, 1, 1, 1, 0, 1
5.198119500000001, 1, 1, 1, 1, 1, 1, 0, 1
5.198119541666667, 0, 1, 1, 1, 1, 1, 0, 1
5.198119625000000, 1, 1, 1, 1, 1, 1, 0, 1
5.198119666666667, 0, 1, 1, 1, 1, 1, 0, 1
5.198119750000000, 1, 1, 1, 1, 1, 1, 0, 1
5.198119791666667, 0, 1, 1, 1, 1, 1, 0, 1
5.198119875000001, 1, 1, 1, 1, 1, 1, 0, 1
5.198119916666667, 0, 1, 1, 1, 1, 1, 0, 1
5.198124958333334, 0, 1, 1, 1, 1, 1, 1, 1
5.198133625000001, 0, 1, 1, 1, 1, 1, 0, 1
5.198134291666667, 0, 1, 1, 1, 0, 1, 0, 1
5.198134375000000, 1, 1, 1, 1, 0, 1, 0, 1
5.198134416666667, 0, 1, 1, 1, 0, 1, 0, 1
5.198134500000000, 1, 1, 1, 1, 0, 1, 0, 1
5.198134541666667, 0, 1, 1, 1, 1, 1, 0, 1
5.198134625000001, 1, 1, 1, 1, 1, 1, 0, 1
5.198134666666667, 0, 1, 1, 1, 0, 1, 0, 1
5.198134750000000, 1, 1, 1, 1, 0, 1, 0, 1
5.198134791666667, 0, 1, 1, 1, 1, 1, 0, 1
5.198134875000000, 1, 1, 1, 1, 1, 1, 0, 1
5.198134916666667, 0, 1, 1, 1, 0, 1, 0, 1
5.198135000000001, 1, 1, 1, 1, 0, 1, 0, 1
5.198135041666667, 0, 1, 1, 1, 1, 1, 0, 1
5.198135125000000, 1, 1, 1, 1, 1, 1, 0, 1
5.198135166666667, 0, 1, 1, 1, 1, 1, 0, 1
5.198135250000000, 1, 1, 1, 1, 1, 1, 0, 1
5.198135291666667, 0, 1, 1, 1, 1, 1, 0, 1
5.198140375000000, 0, 1, 1, 1, 1, 1, 1, 1
5.198149125000000, 0, 1, 1, 1, 1, 1, 0, 1
5.198149791666667, 0, 1, 1, 1, 0, 1, 0, 1
5.198149875000000, 1, 1, 1, 1, 0, 1, 0, 1
5.198149916666667, 0, 1, 1, 1, 0, 1, 0, 1
5.198150000000000, 1, 1, 1, 1, 0, 1, 0, 1
5.198150041666667, 0, 1, 1, 1, 0, 1, 0, 1
5.198150125000001, 1, 1, 1, 1, 0, 1, 0, 1
5.198150166666667, 0, 1, 1, 1, 0, 1, 0, 1
5.198150250000000, 1, 1, 1, 1, 0, 1, 0, 1
5.198150291666667, 0, 1, 1, 1, 0, 1, 0, 1
5.198150375000000, 1, 1, 1, 1, 0, 1, 0, 1
5.198150416666667, 0, 1, 1, 1, 0, 1, 0, 1
5.198150500000001, 1, 1, 1, 1, 0, 1, 0, 1
5.198150541666667, 0, 1, 1, 1, 0, 1, 0, 1
5.198150625000000, 1, 1, 1, 1, 0, 1, 0, 1
5.198150666666667, 0, 1, 1, 1, 0, 1, 0, 1
5.198150750000000, 1, 1, 1, 1, 0, 1, 0, 1
5.198150791666667, 0, 1, 1, 1, 1, 1, 0, 1
5.198151750000000, 0, 1, 1, 1, 0, 1, 0, 1
5.198151791666667, 1, 1, 1, 1, 0, 1, 0, 1
5.198151875000001, 0, 1, 1, 1, 0, 1, 0, 1
5.198151916666667, 1, 1, 1, 1, 0, 1, 0, 1
5.198152000000000, 0, 1, 1, 1, 0, 1, 0, 1
5.198152041666667, 1, 1, 1, 1, 0, 1, 0, 1
5.198152125000000, 0, 1, 1, 1, 0, 1, 0, 1
5.198152166666667, 1, 1, 1, 1, 0, 1, 0, 1
5.198152250000001, 0, 1, 1, 1, 0, 1, 0, 1
5.198152291666667, 1, 1, 1, 1, 0, 1, 0, 1
5.198152375000000, 0, 1, 1, 1, 0, 1, 0, 1
5.198152416666667, 1, 1, 1, 1, 0, 1, 0, 1
5.198152500000000, 0, 1, 1, 1, 0, 1, 0, 1
5.198152541666667, 1, 1, 1, 1, 0, 1, 0, 1
5.198152625000001, 0, 1, 1, 1, 0, 1, 0, 1
5.198152666666667, 1, 1, 1, 1, 0, 1, 0, 1
5.198152750000000, 0, 1, 1, 1, 1, 1, 0, 1
5.198157791666667, 0, 1, 1, 1, 1, 1, 1, 1
5.198166541666667, 0, 1, 1, 1, 1, 1, 0, 1
5.198167250000000, 0, 1, 1, 1, 0, 1, 0, 1
5.198167291666667, 1, 1, 1, 1, 0, 1, 0, 1
5.198167375000001, 0, 1, 1, 1, 0, 1, 0, 1
5.198167416666667, 1, 1, 1, 1, 0, 1, 0, 1
5.198167500000000, 0, 1, 1, 1, 0, 1, 0, 1
5.198167541666667, 1, 1, 1, 1, 0, 1, 0, 1
5.198167625000000, 0, 1, 1, 1, 0, 1, 0, 1
5.198167666666667, 1, 1, 1, 1, 0, 1, 0, 1
5.198167750000001, 0, 1, 1, 1, 0, 1, 0, 1
5.198167791666667, 1, 1, 1, 1, 0, 1, 0, 1
5.198167875000000, 0, 1, 1, 1, 0, 1, 0, 1
5.198167916666667, 1, 1, 1, 1, 0, 1, 0, 1
5.198168000000000, 0, 1, 1, 1, 0, 1, 0, 1
5.198168041666667, 1, 1, 1, 1, 0, 1, 0, 1
5.198168125000000, 0, 1, 1, 1, 0, 1, 0, 1
5.198168166666667, 1, 1, 1, 1, 0, 1, 0, 1
5.198168250000000, 0, 1, 1, 1, 1, 1, 0, 1
5.198169166666667, 0, 1, 1, 1, 0, 1, 0, 1
5.198169250000000, 1, 1, 1, 1, 0, 1, 0, 1
5.198169291666667, 0, 1, 1, 1, 0, 1, 0, 1
5.198169375000000, 1, 1, 1, 1, 0, 1, 0, 1
5.198169416666667, 0, 1, 1, 1, 0, 1, 0, 1
5.198169500000001, 1, 1, 1, 1, 0, 1, 0, 1
5.198169541666667, 0, 1, 1, 1, 0, 1, 0, 1
5.198169625000000, 1, 1, 1, 1, 0, 1, 0, 1
5.198169666666667, 0, 1, 1, 1, 0, 1, 0, 1
5.198169750000000, 1, 1, 1, 1, 0, 1, 0, 1
5.198169791666667, 0, 1, 1, 1, 0, 1, 0, 1
5.198169875000000, 1, 1, 1, 1, 0, 1, 0, 1
5.198169916666667, 0, 1, 1, 1, 0, 1, 0, 1
5.198170000000000, 1, 1, 1, 1, 0, 1, 0, 1
5.198170041666667, 0, 1, 1, 1, 0, 1, 0, 1
5.198170125000001, 1, 1, 1, 1, 0, 1, 0, 1
5.198170166666667, 0, 1, 1, 1, 1, 1, 0, 1
5.198175250000000, 0, 1, 1, 1, 1, 1, 1, 1
5.198184166666667, 0, 1, 1, 1, 1, 1, 0, 1
5.198184875000000, 0, 1, 1, 1, 0, 1, 0, 1
5.198184916666667, 1, 1, 1, 1, 0, 1, 0, 1
5.198185000000000, 0, 1, 1, 1, 0, 1, 0, 1
5.198185041666667, 1, 1, 1, 1, 0, 1, 0, 1
5.198185125000000, 0, 1, 1, 1, 0, 1, 0, 1
5.198185166666667, 1, 1, 1, 1, 0, 1, 0, 1
5.198185250000001, 0, 1, 1, 1, 0, 1, 0, 1
5.198185291666667, 1, 1, 1, 1, 0, 1, 0, 1
5.198185375000000, 0, 1, 1, 1, 0, 1, 0, 1
5.198185416666667, 1, 1, 1, 1, 0, 1, 0, 1
5.198185500000000, 0, 1, 1, 1, 0, 1, 0, 1
5.198185541666667, 1, 1, 1, 1, 0, 1, 0, 1
5.198185625000001, 0, 1, 1, 1, 0, 1, 0, 1
5.198185666666667, 1, 1, 1, 1, 0, 1, 0, 1
5.198185750000000, 0, 1, 1, 1, 0, 1, 0, 1
5.198185791666667, 1, 1, 1, 1, 0, 1, 0, 1
5.198185875000000, 0, 1, 1, 1, 1, 1, 0, 1
5.198186791666667, 0, 1, 1, 1, 0, 1, 0, 1
5.198186875000000, 1, 1, 1, 1, 0, 1, 0, 1
5.198186916666667, 0, 1, 1, 1, 0, 1, 0, 1
5.198187000000000, 1, 1, 1, 1, 0, 1, 0, 1
5.198187041666667, 0, 1, 1, 1, 0, 1, 0, 1
5.198187125000000, 1, 1, 1, 1, 0, 1, 0, 1
5.198187166666667, 0, 1, 1, 1, 0, 1, 0, 1
5.198187250000000, 1, 1, 1, 1, 0, 1, 0, 1
5.198187291666667, 0, 1, 1, 1, 0, 1, 0, 1
5.198187375000001, 1, 1, 1, 1, 0, 1, 0, 1
5.198187416666667, 0, 1, 1, 1, 0, 1, 0, 1
5.198187500000000, 1, 1, 1, 1, 0, 1, 0, 1
5.198187541666667, 0, 1, 1, 1, 0, 1, 0, 1
5.198187625000000, 1, 1, 1, 1, 0, 1, 0, 1
5.198187666666667, 0, 1, 1, 1, 1, 1, 0, 1
5.198187750000001, 1, 1, 1, 1, 1, 1, 0, 1
5.198187791666667, 0, 1, 1, 1, 1, 1, 0, 1
5.198192875000000, 0, 1, 1, 1, 1, 1, 1, 1
5.198201666666667, 0, 1, 1, 1, 1, 1, 0, 1
5.198202375000000, 0, 1, 1, 1, 0, 1, 0, 1
5.198202416666667, 1, 1, 1, 1, 0, 1, 0, 1
5.198202500000001, 0, 1, 1, 1, 0, 1, 0, 1
5.198202541666667, 1, 1, 1, 1, 0, 1, 0, 1
5.198202625000000, 0, 1, 1, 1, 0, 1, 0, 1
5.198202666666667, 1, 1, 1, 1, 0, 1, 0, 1
5.198202750000000, 0, 1, 1, 1, 0, 1, 0, 1
5.198202791666667, 1, 1, 1, 1, 0, 1, 0, 1
5.198202875000001, 0, 1, 1, 1, 0, 1, 0, 1
5.198202916666667, 1, 1, 1, 1, 0, 1, 0, 1
5.198203000000000, 0, 1, 1, 1, 0, 1, 0, 1
5.198203041666667, 1, 1, 1, 1, 0, 1, 0, 1
5.198203125000000, 0, 1, 1, 1, 0, 1, 0, 1
5.198203166666667, 1, 1, 1, 1, 0, 1, 0, 1
5.198203250000001, 0, 1, 1, 1, 0, 1, 0, 1
5.198203291666667, 1, 1, 1, 1, 0, 1, 0, 1
5.198203375000000, 0, 1, 1, 1, 1, 1, 0, 1
5.198204291666667, 0, 1, 1, 1, 0, 1, 0, 1
5.198204375000000, 1, 1, 1, 1, 0, 1, 0, 1
5.198204416666667, 0, 1, 1, 1, 0, 1, 0, 1
5.198204500000000, 1, 1, 1, 1, 0, 1, 0, 1
5.198204541666667, 0, 1, 1, 1, 1, 1, 0, 1
5.198204625000001, 1, 1, 1, 1, 1, 1, 0, 1
5.198204666666667, 0, 1, 1, 1, 1, 1, 0, 1
5.198204750000000, 1, 1, 1, 1, 1, 1, 0, 1
5.198204791666667, 0, 1, 1, 1, 1, 1, 0, 1
5.198204875000000, 1, 1, 1, 1, 1, 1, 0, 1
5.198204916666667, 0, 1, 1, 1, 1, 1, 0, 1
5.198205000000001, 1, 1, 1, 1, 1, 1, 0, 1
5.198205041666667, 0, 1, 1, 1, 1, 1, 0, 1
5.198205125000000, 1, 1, 1, 1, 1, 1, 0, 1
5.198205166666667, 0, 1, 1, 1, 1, 1, 0, 1
5.198205250000000, 1, 1, 1, 1, 1, 1, 0, 1
5.198205291666667, 0, 1, 1, 1, 1, 1, 0, 1
5.198210375000000, 0, 1, 1, 1, 1, 1, 1, 1
5.198219000000000, 0, 1, 1, 1, 1, 1, 0, 1
5.198219666666667, 0, 1, 1, 1, 0, 1, 0, 1
5.198219750000001, 1, 1, 1, 1, 0, 1, 0, 1
5.198219791666667, 0, 1, 1, 1, 0, 1, 0, 1
5.198219875000000, 1, 1, 1, 1, 0, 1, 0, 1
5.198219916666667, 0, 1, 1, 1, 1, 1, 0, 1
5.198220000000000, 1, 1, 1, 1, 1, 1, 0, 1
5.198220041666667, 0, 1, 1, 1, 0, 1, 0, 1
5.198220125000001, 1, 1, 1, 1, 0, 1, 0, 1
5.198220166666667, 0, 1, 1, 1, 1, 1, 0, 1
5.198220250000000, 1, 1, 1, 1, 1, 1, 0, 1
5.198220291666667, 0, 1, 1, 1, 1, 1, 0, 1
5.198220375000000, 1, 1, 1, 1, 1, 1, 0, 1
5.198220416666667, 0, 1, 1, 1, 0, 1, 0, 1
5.198220500000001, 1, 1, 1, 1, 0, 1, 0, 1
5.198220541666667, 0, 1, 1, 1, 0, 1, 0, 1
5.198220625000000, 1, 1, 1, 1, 0, 1, 0, 1
5.198220666666667, 0, 1, 1, 1, 1, 1, 0, 1
5.198225750000001, 0, 1, 1, 1, 1, 1, 1, 1
